edge_pair	x	y	region_x	region_y	country_x	country_y	n_occurrences	first_date	last_date	mean_nRR	median_nRR	max_nRR
Florida_Pennsylvania	Florida	Pennsylvania	Southeast	Mideast	USA	USA	15	2020-01-01	2024-10-01	0.2822590482371458	0.22689649327411376	0.9372939707163588
Florida_Pennsylvania	Pennsylvania	Florida	Mideast	Southeast	USA	USA	15	2020-01-01	2024-10-01	0.2822590482371458	0.22689649327411376	0.9372939707163588
Florida_New York	Florida	New York	Southeast	Mideast	USA	USA	15	2020-01-01	2024-10-01	0.2498577725442819	0.1971377455208333	0.4574049350288564
Florida_New York	New York	Florida	Mideast	Southeast	USA	USA	15	2020-01-01	2024-10-01	0.2498577725442819	0.1971377455208333	0.4574049350288564
Florida_New Jersey	Florida	New Jersey	Southeast	Mideast	USA	USA	13	2020-01-01	2024-10-01	0.3918263204360316	0.3112705207228272	1.380820313632539
Florida_New Jersey	New Jersey	Florida	Mideast	Southeast	USA	USA	13	2020-01-01	2024-10-01	0.3918263204360316	0.3112705207228272	1.380820313632539
Connecticut_New Jersey	Connecticut	New Jersey	New England	Mideast	USA	USA	13	2020-01-01	2024-07-01	0.27677656256706545	0.201909972754116	0.9535019914495332
Connecticut_New Jersey	New Jersey	Connecticut	Mideast	New England	USA	USA	13	2020-01-01	2024-07-01	0.27677656256706545	0.201909972754116	0.9535019914495332
Florida_North Carolina	Florida	North Carolina	Southeast	Southeast	USA	USA	13	2020-01-01	2024-10-01	0.2365604007530902	0.1844107047995342	0.7384808185450967
Florida_North Carolina	North Carolina	Florida	Southeast	Southeast	USA	USA	13	2020-01-01	2024-10-01	0.2365604007530902	0.1844107047995342	0.7384808185450967
Florida_Texas	Florida	Texas	Southeast	Southwest	USA	USA	12	2020-01-01	2024-10-01	0.2928029741212594	0.23245285893975318	0.802894904878952
Florida_Texas	Texas	Florida	Southwest	Southeast	USA	USA	12	2020-01-01	2024-10-01	0.2928029741212594	0.23245285893975318	0.802894904878952
Florida_Virginia	Florida	Virginia	Southeast	Southeast	USA	USA	12	2020-01-01	2024-10-01	0.2278034137372315	0.230461757214017	0.30490148515067456
Florida_Virginia	Virginia	Florida	Southeast	Southeast	USA	USA	12	2020-01-01	2024-10-01	0.2278034137372315	0.230461757214017	0.30490148515067456
California_Texas	California	Texas	Far West	Southwest	USA	USA	12	2020-01-01	2024-10-01	0.20246086768772775	0.19816837332090526	0.3099322927528627
California_Texas	Texas	California	Southwest	Far West	USA	USA	12	2020-01-01	2024-10-01	0.20246086768772775	0.19816837332090526	0.3099322927528627
New Jersey_Virginia	New Jersey	Virginia	Mideast	Southeast	USA	USA	12	2020-01-01	2024-10-01	0.2007838424828591	0.19134192991550875	0.3123761833113385
New Jersey_Virginia	Virginia	New Jersey	Southeast	Mideast	USA	USA	12	2020-01-01	2024-10-01	0.2007838424828591	0.19134192991550875	0.3123761833113385
California_Florida	California	Florida	Far West	Southeast	USA	USA	11	2020-01-01	2024-10-01	0.2946661794566259	0.2779605820539045	0.48506700707254785
California_Florida	Florida	California	Southeast	Far West	USA	USA	11	2020-01-01	2024-10-01	0.2946661794566259	0.2779605820539045	0.48506700707254785
Maryland_New Jersey	Maryland	New Jersey	Mideast	Mideast	USA	USA	10	2020-01-01	2024-07-01	0.26573138205791685	0.2600827340954285	0.5152026966948973
Maryland_New Jersey	New Jersey	Maryland	Mideast	Mideast	USA	USA	10	2020-01-01	2024-07-01	0.26573138205791685	0.2600827340954285	0.5152026966948973
California_New Jersey	California	New Jersey	Far West	Mideast	USA	USA	10	2020-01-01	2024-10-01	0.2573221902700112	0.23939004404508196	0.5106964938854182
California_New Jersey	New Jersey	California	Mideast	Far West	USA	USA	10	2020-01-01	2024-10-01	0.2573221902700112	0.23939004404508196	0.5106964938854182
Colorado_Florida	Colorado	Florida	Rocky Mountain	Southeast	USA	USA	10	2020-01-01	2024-10-01	0.24358634953009678	0.21232795852684316	0.3980957247352497
Colorado_Florida	Florida	Colorado	Southeast	Rocky Mountain	USA	USA	10	2020-01-01	2024-10-01	0.24358634953009678	0.21232795852684316	0.3980957247352497
California_Colorado	California	Colorado	Far West	Rocky Mountain	USA	USA	10	2020-01-01	2024-07-01	0.21217433631667634	0.21940909170871786	0.28612595002435076
California_Colorado	Colorado	California	Rocky Mountain	Far West	USA	USA	10	2020-01-01	2024-07-01	0.21217433631667634	0.21940909170871786	0.28612595002435076
Pennsylvania_Virginia	Pennsylvania	Virginia	Mideast	Southeast	USA	USA	10	2020-01-01	2024-10-01	0.1959150688947451	0.1886998142286444	0.2770533336108176
Pennsylvania_Virginia	Virginia	Pennsylvania	Southeast	Mideast	USA	USA	10	2020-01-01	2024-10-01	0.1959150688947451	0.1886998142286444	0.2770533336108176
New Jersey_Ohio	New Jersey	Ohio	Mideast	Great Lakes	USA	USA	9	2020-01-01	2024-10-01	0.403488286702817	0.24618922439420352	1.0781185882274105
New Jersey_Ohio	Ohio	New Jersey	Great Lakes	Mideast	USA	USA	9	2020-01-01	2024-10-01	0.403488286702817	0.24618922439420352	1.0781185882274105
North Carolina_Pennsylvania	North Carolina	Pennsylvania	Southeast	Mideast	USA	USA	9	2020-01-01	2024-10-01	0.299647798518999	0.25531064418532534	0.7098169756885822
North Carolina_Pennsylvania	Pennsylvania	North Carolina	Mideast	Southeast	USA	USA	9	2020-01-01	2024-10-01	0.299647798518999	0.25531064418532534	0.7098169756885822
Florida_Ohio	Florida	Ohio	Southeast	Great Lakes	USA	USA	9	2020-01-01	2024-10-01	0.2973656875121569	0.3145265989175602	0.4946462415485423
Florida_Ohio	Ohio	Florida	Great Lakes	Southeast	USA	USA	9	2020-01-01	2024-10-01	0.2973656875121569	0.3145265989175602	0.4946462415485423
New Jersey_Texas	New Jersey	Texas	Mideast	Southwest	USA	USA	9	2022-04-01	2024-10-01	0.29721919210215214	0.23659923446860257	0.8636408220862328
New Jersey_Texas	Texas	New Jersey	Southwest	Mideast	USA	USA	9	2022-04-01	2024-10-01	0.29721919210215214	0.23659923446860257	0.8636408220862328
Maryland_New York	Maryland	New York	Mideast	Mideast	USA	USA	9	2020-01-01	2024-07-01	0.23658408904628292	0.2392194114766416	0.4353832060476108
Maryland_New York	New York	Maryland	Mideast	Mideast	USA	USA	9	2020-01-01	2024-07-01	0.23658408904628292	0.2392194114766416	0.4353832060476108
Florida_Maryland	Florida	Maryland	Southeast	Mideast	USA	USA	9	2020-01-01	2024-10-01	0.2357807973694505	0.23353807331585005	0.4059131672527974
Florida_Maryland	Maryland	Florida	Mideast	Southeast	USA	USA	9	2020-01-01	2024-10-01	0.2357807973694505	0.23353807331585005	0.4059131672527974
New Jersey_North Carolina	New Jersey	North Carolina	Mideast	Southeast	USA	USA	9	2020-01-01	2024-10-01	0.22448640290824937	0.16143378581903062	0.5949254028179215
New Jersey_North Carolina	North Carolina	New Jersey	Southeast	Mideast	USA	USA	9	2020-01-01	2024-10-01	0.22448640290824937	0.16143378581903062	0.5949254028179215
California_New York	California	New York	Far West	Mideast	USA	USA	9	2020-01-01	2024-10-01	0.2050528485560685	0.21646668890529985	0.254909153451928
California_New York	New York	California	Mideast	Far West	USA	USA	9	2020-01-01	2024-10-01	0.2050528485560685	0.21646668890529985	0.254909153451928
New York_Virginia	New York	Virginia	Mideast	Southeast	USA	USA	9	2020-01-01	2024-07-01	0.1895418129085424	0.16582613211998515	0.27384160307296834
New York_Virginia	Virginia	New York	Southeast	Mideast	USA	USA	9	2020-01-01	2024-07-01	0.1895418129085424	0.16582613211998515	0.27384160307296834
California_Pennsylvania	California	Pennsylvania	Far West	Mideast	USA	USA	8	2020-01-01	2024-10-01	0.21992557835750276	0.19256788978235828	0.4092228816636684
California_Pennsylvania	Pennsylvania	California	Mideast	Far West	USA	USA	8	2020-01-01	2024-10-01	0.21992557835750276	0.19256788978235828	0.4092228816636684
Maryland_North Carolina	Maryland	North Carolina	Mideast	Southeast	USA	USA	8	2020-01-01	2024-07-01	0.21694146991377306	0.20973832293348932	0.3452119793060079
Maryland_North Carolina	North Carolina	Maryland	Southeast	Mideast	USA	USA	8	2020-01-01	2024-07-01	0.21694146991377306	0.20973832293348932	0.3452119793060079
California_Utah	California	Utah	Far West	Rocky Mountain	USA	USA	8	2020-01-01	2024-01-01	0.20641293462222798	0.1570838135713449	0.5058688201248086
California_Utah	Utah	California	Rocky Mountain	Far West	USA	USA	8	2020-01-01	2024-01-01	0.20641293462222798	0.1570838135713449	0.5058688201248086
Georgia_New Jersey	Georgia	New Jersey	Southeast	Mideast	USA	USA	8	2020-01-01	2024-10-01	0.20300431074813197	0.19162792975592052	0.3669661329306272
Georgia_New Jersey	New Jersey	Georgia	Mideast	Southeast	USA	USA	8	2020-01-01	2024-10-01	0.20300431074813197	0.19162792975592052	0.3669661329306272
Florida_Illinois	Florida	Illinois	Southeast	Great Lakes	USA	USA	8	2020-01-01	2024-10-01	0.19606830651437474	0.18223664478451534	0.2833422405175353
Florida_Illinois	Illinois	Florida	Great Lakes	Southeast	USA	USA	8	2020-01-01	2024-10-01	0.19606830651437474	0.18223664478451534	0.2833422405175353
Georgia_Pennsylvania	Georgia	Pennsylvania	Southeast	Mideast	USA	USA	8	2020-07-01	2024-10-01	0.1947174332753123	0.16757772656096923	0.3692432173190041
Georgia_Pennsylvania	Pennsylvania	Georgia	Mideast	Southeast	USA	USA	8	2020-07-01	2024-10-01	0.1947174332753123	0.16757772656096923	0.3692432173190041
New York_Texas	New York	Texas	Mideast	Southwest	USA	USA	8	2022-04-01	2024-10-01	0.19186112267410363	0.18709796206663518	0.30267351138114273
New York_Texas	Texas	New York	Southwest	Mideast	USA	USA	8	2022-04-01	2024-10-01	0.19186112267410363	0.18709796206663518	0.30267351138114273
Florida_Tennessee	Florida	Tennessee	Southeast	Southeast	USA	USA	8	2020-01-01	2024-07-01	0.17737739480702108	0.16902676103650915	0.26846277670521057
Florida_Tennessee	Tennessee	Florida	Southeast	Southeast	USA	USA	8	2020-01-01	2024-07-01	0.17737739480702108	0.16902676103650915	0.26846277670521057
North Carolina_Texas	North Carolina	Texas	Southeast	Southwest	USA	USA	7	2022-04-01	2024-10-01	0.2881051002325875	0.17605864054989162	0.8605547980667384
North Carolina_Texas	Texas	North Carolina	Southwest	Southeast	USA	USA	7	2022-04-01	2024-10-01	0.2881051002325875	0.17605864054989162	0.8605547980667384
New York_Ohio	New York	Ohio	Mideast	Great Lakes	USA	USA	7	2020-01-01	2024-10-01	0.26860763049649117	0.24050329961727857	0.47668356657695543
New York_Ohio	Ohio	New York	Great Lakes	Mideast	USA	USA	7	2020-01-01	2024-10-01	0.26860763049649117	0.24050329961727857	0.47668356657695543
Maryland_Texas	Maryland	Texas	Mideast	Southwest	USA	USA	7	2020-01-01	2024-07-01	0.2623896772570769	0.237570835660687	0.5560980691810729
Maryland_Texas	Texas	Maryland	Southwest	Mideast	USA	USA	7	2020-01-01	2024-07-01	0.2623896772570769	0.237570835660687	0.5560980691810729
Connecticut_Florida	Connecticut	Florida	New England	Southeast	USA	USA	7	2020-01-01	2024-01-01	0.2181280986338698	0.19762966443159943	0.33900744584109316
Connecticut_Florida	Florida	Connecticut	Southeast	New England	USA	USA	7	2020-01-01	2024-01-01	0.2181280986338698	0.19762966443159943	0.33900744584109316
Illinois_Ohio	Illinois	Ohio	Great Lakes	Great Lakes	USA	USA	7	2020-01-01	2024-10-01	0.2134474023877276	0.16642245229303193	0.4448627578655466
Illinois_Ohio	Ohio	Illinois	Great Lakes	Great Lakes	USA	USA	7	2020-01-01	2024-10-01	0.2134474023877276	0.16642245229303193	0.4448627578655466
Florida_Massachusetts	Florida	Massachusetts	Southeast	New England	USA	USA	7	2020-01-01	2024-10-01	0.20233891425425962	0.1999532869955064	0.28416174784855613
Florida_Massachusetts	Massachusetts	Florida	New England	Southeast	USA	USA	7	2020-01-01	2024-10-01	0.20233891425425962	0.1999532869955064	0.28416174784855613
District of Columbia_North Carolina	District of Columbia	North Carolina	Mideast	Southeast	USA	USA	7	2020-01-01	2024-04-01	0.1985014113236653	0.1748456781556067	0.32004695783956827
District of Columbia_North Carolina	North Carolina	District of Columbia	Southeast	Mideast	USA	USA	7	2020-01-01	2024-04-01	0.1985014113236653	0.1748456781556067	0.32004695783956827
New York_North Carolina	New York	North Carolina	Mideast	Southeast	USA	USA	7	2020-01-01	2024-10-01	0.19754024373404327	0.18951306232811724	0.2754694203074318
New York_North Carolina	North Carolina	New York	Southeast	Mideast	USA	USA	7	2020-01-01	2024-10-01	0.19754024373404327	0.18951306232811724	0.2754694203074318
Massachusetts_Pennsylvania	Massachusetts	Pennsylvania	New England	Mideast	USA	USA	7	2020-01-01	2024-07-01	0.19018656941803502	0.17374533246079388	0.3301498812039395
Massachusetts_Pennsylvania	Pennsylvania	Massachusetts	Mideast	New England	USA	USA	7	2020-01-01	2024-07-01	0.19018656941803502	0.17374533246079388	0.3301498812039395
Colorado_New Jersey	Colorado	New Jersey	Rocky Mountain	Mideast	USA	USA	7	2020-01-01	2024-07-01	0.1806538417622791	0.16093082081214066	0.29399033485995874
Colorado_New Jersey	New Jersey	Colorado	Mideast	Rocky Mountain	USA	USA	7	2020-01-01	2024-07-01	0.1806538417622791	0.16093082081214066	0.29399033485995874
Illinois_New Jersey	Illinois	New Jersey	Great Lakes	Mideast	USA	USA	7	2020-01-01	2024-10-01	0.1784044307185373	0.16813607163591482	0.23535408240319153
Illinois_New Jersey	New Jersey	Illinois	Mideast	Great Lakes	USA	USA	7	2020-01-01	2024-10-01	0.1784044307185373	0.16813607163591482	0.23535408240319153
Massachusetts_New Jersey	Massachusetts	New Jersey	New England	Mideast	USA	USA	7	2020-01-01	2024-10-01	0.17676426965687428	0.1792596121498902	0.23721639744907885
Massachusetts_New Jersey	New Jersey	Massachusetts	Mideast	New England	USA	USA	7	2020-01-01	2024-10-01	0.17676426965687428	0.1792596121498902	0.23721639744907885
Colorado_Virginia	Colorado	Virginia	Rocky Mountain	Southeast	USA	USA	7	2020-01-01	2024-07-01	0.16316393021774858	0.13282838459886395	0.2341123459662588
Colorado_Virginia	Virginia	Colorado	Southeast	Rocky Mountain	USA	USA	7	2020-01-01	2024-07-01	0.16316393021774858	0.13282838459886395	0.2341123459662588
Georgia_Ohio	Georgia	Ohio	Southeast	Great Lakes	USA	USA	7	2021-04-01	2024-10-01	0.16029783240428566	0.14609814122112896	0.2153388240290327
Georgia_Ohio	Ohio	Georgia	Great Lakes	Southeast	USA	USA	7	2021-04-01	2024-10-01	0.16029783240428566	0.14609814122112896	0.2153388240290327
Georgia_Virginia	Georgia	Virginia	Southeast	Southeast	USA	USA	7	2020-01-01	2024-07-01	0.16023124600373226	0.150600704908944	0.22678924739465853
Georgia_Virginia	Virginia	Georgia	Southeast	Southeast	USA	USA	7	2020-01-01	2024-07-01	0.16023124600373226	0.150600704908944	0.22678924739465853
Pennsylvania_Tennessee	Pennsylvania	Tennessee	Mideast	Southeast	USA	USA	7	2020-01-01	2024-10-01	0.14872107260881762	0.15552373074832423	0.16955566266565666
Pennsylvania_Tennessee	Tennessee	Pennsylvania	Southeast	Mideast	USA	USA	7	2020-01-01	2024-10-01	0.14872107260881762	0.15552373074832423	0.16955566266565666
California_Ohio	California	Ohio	Far West	Great Lakes	USA	USA	6	2020-01-01	2024-10-01	0.32440220672674874	0.3167693792748744	0.4974444749183054
California_Ohio	Ohio	California	Great Lakes	Far West	USA	USA	6	2020-01-01	2024-10-01	0.32440220672674874	0.3167693792748744	0.4974444749183054
Pennsylvania_Texas	Pennsylvania	Texas	Mideast	Southwest	USA	USA	6	2022-04-01	2024-10-01	0.324064598747649	0.22044886661983515	0.8119493627750469
Pennsylvania_Texas	Texas	Pennsylvania	Southwest	Mideast	USA	USA	6	2022-04-01	2024-10-01	0.324064598747649	0.22044886661983515	0.8119493627750469
Delaware_Florida	Delaware	Florida	Mideast	Southeast	USA	USA	6	2020-01-01	2024-10-01	0.24225225255622593	0.24088220818535214	0.2976111975537579
Delaware_Florida	Florida	Delaware	Southeast	Mideast	USA	USA	6	2020-01-01	2024-10-01	0.24225225255622593	0.24088220818535214	0.2976111975537579
Georgia_Texas	Georgia	Texas	Southeast	Southwest	USA	USA	6	2022-04-01	2024-10-01	0.23989188718233448	0.20916917638384108	0.3543826926074766
Georgia_Texas	Texas	Georgia	Southwest	Southeast	USA	USA	6	2022-04-01	2024-10-01	0.23989188718233448	0.20916917638384108	0.3543826926074766
California_Maryland	California	Maryland	Far West	Mideast	USA	USA	6	2020-01-01	2024-07-01	0.22931056468707336	0.21785047218688613	0.3242099198341402
California_Maryland	Maryland	California	Mideast	Far West	USA	USA	6	2020-01-01	2024-07-01	0.22931056468707336	0.21785047218688613	0.3242099198341402
District of Columbia_Pennsylvania	District of Columbia	Pennsylvania	Mideast	Mideast	USA	USA	6	2020-01-01	2024-04-01	0.21164909841980628	0.17167771620802452	0.4420265620844874
District of Columbia_Pennsylvania	Pennsylvania	District of Columbia	Mideast	Mideast	USA	USA	6	2020-01-01	2024-04-01	0.21164909841980628	0.17167771620802452	0.4420265620844874
Maryland_Ohio	Maryland	Ohio	Mideast	Great Lakes	USA	USA	6	2020-01-01	2024-07-01	0.20916458136190805	0.18218375966018574	0.40919508402329874
Maryland_Ohio	Ohio	Maryland	Great Lakes	Mideast	USA	USA	6	2020-01-01	2024-07-01	0.20916458136190805	0.18218375966018574	0.40919508402329874
California_Virginia	California	Virginia	Far West	Southeast	USA	USA	6	2020-01-01	2024-07-01	0.208841640701238	0.21997891476996695	0.22685276814840089
California_Virginia	Virginia	California	Southeast	Far West	USA	USA	6	2020-01-01	2024-07-01	0.208841640701238	0.21997891476996695	0.22685276814840089
Connecticut_Pennsylvania	Connecticut	Pennsylvania	New England	Mideast	USA	USA	6	2020-01-01	2024-04-01	0.20868318321252943	0.20671959196801884	0.2429503364238827
Connecticut_Pennsylvania	Pennsylvania	Connecticut	Mideast	New England	USA	USA	6	2020-01-01	2024-04-01	0.20868318321252943	0.20671959196801884	0.2429503364238827
Connecticut_Maryland	Connecticut	Maryland	New England	Mideast	USA	USA	6	2020-01-01	2024-07-01	0.20490051429943518	0.15351717594490658	0.42902977683436966
Connecticut_Maryland	Maryland	Connecticut	Mideast	New England	USA	USA	6	2020-01-01	2024-07-01	0.20490051429943518	0.15351717594490658	0.42902977683436966
District of Columbia_Florida	District of Columbia	Florida	Mideast	Southeast	USA	USA	6	2020-01-01	2024-01-01	0.1988137551414565	0.1914124235035693	0.2651270313645822
District of Columbia_Florida	Florida	District of Columbia	Southeast	Mideast	USA	USA	6	2020-01-01	2024-01-01	0.1988137551414565	0.1914124235035693	0.2651270313645822
Tennessee_Texas	Tennessee	Texas	Southeast	Southwest	USA	USA	6	2020-01-01	2024-01-01	0.1874415582829917	0.17199499844482	0.25269828822811236
Tennessee_Texas	Texas	Tennessee	Southwest	Southeast	USA	USA	6	2020-01-01	2024-01-01	0.1874415582829917	0.17199499844482	0.25269828822811236
Florida_Nevada	Florida	Nevada	Southeast	Far West	USA	USA	6	2022-04-01	2024-01-01	0.18224726749017953	0.16616333835938124	0.2722931938660269
Florida_Nevada	Nevada	Florida	Far West	Southeast	USA	USA	6	2022-04-01	2024-01-01	0.18224726749017953	0.16616333835938124	0.2722931938660269
Colorado_New York	Colorado	New York	Rocky Mountain	Mideast	USA	USA	6	2022-04-01	2024-07-01	0.18219421165931182	0.17859315777060203	0.28349372455450217
Colorado_New York	New York	Colorado	Mideast	Rocky Mountain	USA	USA	6	2022-04-01	2024-07-01	0.18219421165931182	0.17859315777060203	0.28349372455450217
Illinois_Maryland	Illinois	Maryland	Great Lakes	Mideast	USA	USA	6	2020-01-01	2024-07-01	0.17922913716037134	0.1628023309292316	0.2521659238863408
Illinois_Maryland	Maryland	Illinois	Mideast	Great Lakes	USA	USA	6	2020-01-01	2024-07-01	0.17922913716037134	0.1628023309292316	0.2521659238863408
Arizona_Florida	Arizona	Florida	Southwest	Southeast	USA	USA	6	2020-01-01	2024-07-01	0.17286768712522074	0.16026967487931637	0.2549015310376774
Arizona_Florida	Florida	Arizona	Southeast	Southwest	USA	USA	6	2020-01-01	2024-07-01	0.17286768712522074	0.16026967487931637	0.2549015310376774
California_North Carolina	California	North Carolina	Far West	Southeast	USA	USA	6	2020-01-01	2024-10-01	0.17226202346874414	0.1645041396938145	0.2179605381254035
California_North Carolina	North Carolina	California	Southeast	Far West	USA	USA	6	2020-01-01	2024-10-01	0.17226202346874414	0.1645041396938145	0.2179605381254035
Ohio_Tennessee	Ohio	Tennessee	Great Lakes	Southeast	USA	USA	6	2020-01-01	2024-07-01	0.17222961016741448	0.156013608799914	0.28614621411110536
Ohio_Tennessee	Tennessee	Ohio	Southeast	Great Lakes	USA	USA	6	2020-01-01	2024-07-01	0.17222961016741448	0.156013608799914	0.28614621411110536
Colorado_Texas	Colorado	Texas	Rocky Mountain	Southwest	USA	USA	6	2022-04-01	2024-01-01	0.17087911073511786	0.16973590500051733	0.22839324164122837
Colorado_Texas	Texas	Colorado	Southwest	Rocky Mountain	USA	USA	6	2022-04-01	2024-01-01	0.17087911073511786	0.16973590500051733	0.22839324164122837
Georgia_New York	Georgia	New York	Southeast	Mideast	USA	USA	6	2021-07-01	2024-10-01	0.1546218999314895	0.14645758877838394	0.19838628063845343
Georgia_New York	New York	Georgia	Mideast	Southeast	USA	USA	6	2021-07-01	2024-10-01	0.1546218999314895	0.14645758877838394	0.19838628063845343
Massachusetts_Ohio	Massachusetts	Ohio	New England	Great Lakes	USA	USA	5	2022-07-01	2024-10-01	0.275160606081466	0.21475915067608375	0.5596840899909078
Massachusetts_Ohio	Ohio	Massachusetts	Great Lakes	New England	USA	USA	5	2022-07-01	2024-10-01	0.275160606081466	0.21475915067608375	0.5596840899909078
Illinois_Texas	Illinois	Texas	Great Lakes	Southwest	USA	USA	5	2020-01-01	2024-10-01	0.26235736002685833	0.19325604286021775	0.6194275277444282
Illinois_Texas	Texas	Illinois	Southwest	Great Lakes	USA	USA	5	2020-01-01	2024-10-01	0.26235736002685833	0.19325604286021775	0.6194275277444282
Delaware_North Carolina	Delaware	North Carolina	Mideast	Southeast	USA	USA	5	2020-01-01	2024-10-01	0.24903782963280224	0.26290849978407843	0.306219513072666
Delaware_North Carolina	North Carolina	Delaware	Southeast	Mideast	USA	USA	5	2020-01-01	2024-10-01	0.24903782963280224	0.26290849978407843	0.306219513072666
Michigan_New Jersey	Michigan	New Jersey	Great Lakes	Mideast	USA	USA	5	2020-01-01	2024-07-01	0.23516568075396146	0.16643478601433956	0.4682254664351605
Michigan_New Jersey	New Jersey	Michigan	Mideast	Great Lakes	USA	USA	5	2020-01-01	2024-07-01	0.23516568075396146	0.16643478601433956	0.4682254664351605
Illinois_Pennsylvania	Illinois	Pennsylvania	Great Lakes	Mideast	USA	USA	5	2020-01-01	2024-10-01	0.23192946354387065	0.1907545135299765	0.34203490332486325
Illinois_Pennsylvania	Pennsylvania	Illinois	Mideast	Great Lakes	USA	USA	5	2020-01-01	2024-10-01	0.23192946354387065	0.1907545135299765	0.34203490332486325
Ohio_Texas	Ohio	Texas	Great Lakes	Southwest	USA	USA	5	2020-07-01	2024-10-01	0.22412112525106603	0.2016493622545859	0.40131223390449167
Ohio_Texas	Texas	Ohio	Southwest	Great Lakes	USA	USA	5	2020-07-01	2024-10-01	0.22412112525106603	0.2016493622545859	0.40131223390449167
Ohio_Virginia	Ohio	Virginia	Great Lakes	Southeast	USA	USA	5	2020-01-01	2024-10-01	0.22061009918064298	0.19018360138186577	0.45533003596887495
Ohio_Virginia	Virginia	Ohio	Southeast	Great Lakes	USA	USA	5	2020-01-01	2024-10-01	0.22061009918064298	0.19018360138186577	0.45533003596887495
California_Connecticut	California	Connecticut	Far West	New England	USA	USA	5	2020-01-01	2024-01-01	0.19962446242886384	0.1515915770545326	0.3917320378926467
California_Connecticut	Connecticut	California	New England	Far West	USA	USA	5	2020-01-01	2024-01-01	0.19962446242886384	0.1515915770545326	0.3917320378926467
Texas_Virginia	Texas	Virginia	Southwest	Southeast	USA	USA	5	2022-04-01	2024-07-01	0.19926183974619233	0.20559560459557777	0.22838535867176235
Texas_Virginia	Virginia	Texas	Southeast	Southwest	USA	USA	5	2022-04-01	2024-07-01	0.19926183974619233	0.20559560459557777	0.22838535867176235
South Carolina_Texas	South Carolina	Texas	Southeast	Southwest	USA	USA	5	2022-04-01	2024-10-01	0.19923391902762075	0.20554186024563623	0.26178962406963757
South Carolina_Texas	Texas	South Carolina	Southwest	Southeast	USA	USA	5	2022-04-01	2024-10-01	0.19923391902762075	0.20554186024563623	0.26178962406963757
California_Illinois	California	Illinois	Far West	Great Lakes	USA	USA	5	2020-01-01	2024-01-01	0.18971112240849267	0.17210593837132104	0.27100859568322694
California_Illinois	Illinois	California	Great Lakes	Far West	USA	USA	5	2020-01-01	2024-01-01	0.18971112240849267	0.17210593837132104	0.27100859568322694
Maryland_Massachusetts	Maryland	Massachusetts	Mideast	New England	USA	USA	5	2020-01-01	2024-07-01	0.18853244636589017	0.1674362388069636	0.26483975256121606
Maryland_Massachusetts	Massachusetts	Maryland	New England	Mideast	USA	USA	5	2020-01-01	2024-07-01	0.18853244636589017	0.1674362388069636	0.26483975256121606
California_Hawaii	California	Hawaii	Far West	Far West	USA	USA	5	2020-01-01	2024-07-01	0.18841172276363868	0.19810428249540832	0.2358505226491879
California_Hawaii	Hawaii	California	Far West	Far West	USA	USA	5	2020-01-01	2024-07-01	0.18841172276363868	0.19810428249540832	0.2358505226491879
California_Tennessee	California	Tennessee	Far West	Southeast	USA	USA	5	2020-01-01	2024-01-01	0.18151026643507503	0.169736530427986	0.26939891152249174
California_Tennessee	Tennessee	California	Southeast	Far West	USA	USA	5	2020-01-01	2024-01-01	0.18151026643507503	0.169736530427986	0.26939891152249174
New York_Tennessee	New York	Tennessee	Mideast	Southeast	USA	USA	5	2020-01-01	2024-01-01	0.18137562830727288	0.1705781646664959	0.224130375785048
New York_Tennessee	Tennessee	New York	Southeast	Mideast	USA	USA	5	2020-01-01	2024-01-01	0.18137562830727288	0.1705781646664959	0.224130375785048
Delaware_New York	Delaware	New York	Mideast	Mideast	USA	USA	5	2022-04-01	2024-10-01	0.17144785427936937	0.1552074504504669	0.2318018760917268
Delaware_New York	New York	Delaware	Mideast	Mideast	USA	USA	5	2022-04-01	2024-10-01	0.17144785427936937	0.1552074504504669	0.2318018760917268
Illinois_New York	Illinois	New York	Great Lakes	Mideast	USA	USA	5	2022-04-01	2024-10-01	0.17096677840125907	0.16512194308441946	0.1962725088707171
Illinois_New York	New York	Illinois	Mideast	Great Lakes	USA	USA	5	2022-04-01	2024-10-01	0.17096677840125907	0.16512194308441946	0.1962725088707171
Arizona_Illinois	Arizona	Illinois	Southwest	Great Lakes	USA	USA	5	2020-01-01	2024-07-01	0.17005152983356905	0.1649191675765183	0.24622788761905465
Arizona_Illinois	Illinois	Arizona	Great Lakes	Southwest	USA	USA	5	2020-01-01	2024-07-01	0.17005152983356905	0.1649191675765183	0.24622788761905465
Nevada_Washington	Nevada	Washington	Far West	Far West	USA	USA	5	2022-04-01	2024-01-01	0.16592796391763745	0.1555486447132358	0.22170684990870887
Nevada_Washington	Washington	Nevada	Far West	Far West	USA	USA	5	2022-04-01	2024-01-01	0.16592796391763745	0.1555486447132358	0.22170684990870887
Florida_Michigan	Florida	Michigan	Southeast	Great Lakes	USA	USA	5	2021-07-01	2024-10-01	0.16134152215344372	0.1576811452187422	0.19200731942559007
Florida_Michigan	Michigan	Florida	Great Lakes	Southeast	USA	USA	5	2021-07-01	2024-10-01	0.16134152215344372	0.1576811452187422	0.19200731942559007
Colorado_Georgia	Colorado	Georgia	Rocky Mountain	Southeast	USA	USA	5	2020-01-01	2024-07-01	0.16117102745441655	0.15238328494229564	0.210442821773137
Colorado_Georgia	Georgia	Colorado	Southeast	Rocky Mountain	USA	USA	5	2020-01-01	2024-07-01	0.16117102745441655	0.15238328494229564	0.210442821773137
Texas_Washington	Texas	Washington	Southwest	Far West	USA	USA	5	2022-04-01	2024-07-01	0.15993793424727556	0.13190271543757187	0.2190003000232892
Texas_Washington	Washington	Texas	Far West	Southwest	USA	USA	5	2022-04-01	2024-07-01	0.15993793424727556	0.13190271543757187	0.2190003000232892
Connecticut_Virginia	Connecticut	Virginia	New England	Southeast	USA	USA	5	2020-01-01	2024-01-01	0.1597403098749103	0.15810076497794123	0.18094380648818023
Connecticut_Virginia	Virginia	Connecticut	Southeast	New England	USA	USA	5	2020-01-01	2024-01-01	0.1597403098749103	0.15810076497794123	0.18094380648818023
Illinois_Virginia	Illinois	Virginia	Great Lakes	Southeast	USA	USA	5	2020-01-01	2024-01-01	0.15312954074036575	0.1516328544046176	0.1897309239924614
Illinois_Virginia	Virginia	Illinois	Southeast	Great Lakes	USA	USA	5	2020-01-01	2024-01-01	0.15312954074036575	0.1516328544046176	0.1897309239924614
Massachusetts_Virginia	Massachusetts	Virginia	New England	Southeast	USA	USA	5	2020-01-01	2024-07-01	0.15081812489656996	0.1505234458001009	0.1660706229686777
Massachusetts_Virginia	Virginia	Massachusetts	Southeast	New England	USA	USA	5	2020-01-01	2024-07-01	0.15081812489656996	0.1505234458001009	0.1660706229686777
New Jersey_Tennessee	New Jersey	Tennessee	Mideast	Southeast	USA	USA	5	2022-07-01	2024-10-01	0.1475587373471172	0.1503715222559947	0.15808736316535715
New Jersey_Tennessee	Tennessee	New Jersey	Southeast	Mideast	USA	USA	5	2022-07-01	2024-10-01	0.1475587373471172	0.1503715222559947	0.15808736316535715
North Carolina_Ohio	North Carolina	Ohio	Southeast	Great Lakes	USA	USA	4	2022-07-01	2024-10-01	0.4732061244295498	0.20855596190576797	1.3265350001100893
North Carolina_Ohio	Ohio	North Carolina	Great Lakes	Southeast	USA	USA	4	2022-07-01	2024-10-01	0.4732061244295498	0.20855596190576797	1.3265350001100893
North Dakota_Wyoming	North Dakota	Wyoming	Plains	Rocky Mountain	USA	USA	4	2020-01-01	2023-07-01	0.37718200734658897	0.2456375868616429	0.8908985791807325
North Dakota_Wyoming	Wyoming	North Dakota	Rocky Mountain	Plains	USA	USA	4	2020-01-01	2023-07-01	0.37718200734658897	0.2456375868616429	0.8908985791807325
Ohio_Utah	Ohio	Utah	Great Lakes	Rocky Mountain	USA	USA	4	2020-01-01	2024-07-01	0.29899102795859217	0.2899204097388243	0.46868587361239616
Ohio_Utah	Utah	Ohio	Rocky Mountain	Great Lakes	USA	USA	4	2020-01-01	2024-07-01	0.29899102795859217	0.2899204097388243	0.46868587361239616
District of Columbia_Massachusetts	District of Columbia	Massachusetts	Mideast	New England	USA	USA	4	2020-01-01	2024-01-01	0.2940764548764239	0.20572003406144818	0.6387852887242547
District of Columbia_Massachusetts	Massachusetts	District of Columbia	New England	Mideast	USA	USA	4	2020-01-01	2024-01-01	0.2940764548764239	0.20572003406144818	0.6387852887242547
Delaware_Massachusetts	Delaware	Massachusetts	Mideast	New England	USA	USA	4	2020-01-01	2024-10-01	0.29213269520151414	0.18793548675328847	0.6534575844626402
Delaware_Massachusetts	Massachusetts	Delaware	New England	Mideast	USA	USA	4	2020-01-01	2024-10-01	0.29213269520151414	0.18793548675328847	0.6534575844626402
Florida_Utah	Florida	Utah	Southeast	Rocky Mountain	USA	USA	4	2020-01-01	2024-01-01	0.2892193859751471	0.30764775489834106	0.38073267431243984
Florida_Utah	Utah	Florida	Rocky Mountain	Southeast	USA	USA	4	2020-01-01	2024-01-01	0.2892193859751471	0.30764775489834106	0.38073267431243984
Colorado_Ohio	Colorado	Ohio	Rocky Mountain	Great Lakes	USA	USA	4	2020-01-01	2024-07-01	0.25662823780352034	0.23780106449335825	0.37019893879382354
Colorado_Ohio	Ohio	Colorado	Great Lakes	Rocky Mountain	USA	USA	4	2020-01-01	2024-07-01	0.25662823780352034	0.23780106449335825	0.37019893879382354
Nevada_Texas	Nevada	Texas	Far West	Southwest	USA	USA	4	2022-04-01	2024-01-01	0.24189510953620158	0.2183764567881166	0.3545096351130864
Nevada_Texas	Texas	Nevada	Southwest	Far West	USA	USA	4	2022-04-01	2024-01-01	0.24189510953620158	0.2183764567881166	0.3545096351130864
Maryland_Utah	Maryland	Utah	Mideast	Rocky Mountain	USA	USA	4	2020-01-01	2024-01-01	0.23564842481071308	0.1885091966083332	0.4277685591957341
Maryland_Utah	Utah	Maryland	Rocky Mountain	Mideast	USA	USA	4	2020-01-01	2024-01-01	0.23564842481071308	0.1885091966083332	0.4277685591957341
Connecticut_Tennessee	Connecticut	Tennessee	New England	Southeast	USA	USA	4	2020-01-01	2024-10-01	0.2268982843918223	0.15423369311637783	0.4633300732239085
Connecticut_Tennessee	Tennessee	Connecticut	Southeast	New England	USA	USA	4	2020-01-01	2024-10-01	0.2268982843918223	0.15423369311637783	0.4633300732239085
Florida_Minnesota	Florida	Minnesota	Southeast	Plains	USA	USA	4	2020-01-01	2024-01-01	0.2229760803184578	0.1900655517433372	0.3638599559960501
Florida_Minnesota	Minnesota	Florida	Plains	Southeast	USA	USA	4	2020-01-01	2024-01-01	0.2229760803184578	0.1900655517433372	0.3638599559960501
Arizona_New Jersey	Arizona	New Jersey	Southwest	Mideast	USA	USA	4	2020-01-01	2024-07-01	0.22262776957423944	0.1823219802255849	0.3972356544514654
Arizona_New Jersey	New Jersey	Arizona	Mideast	Southwest	USA	USA	4	2020-01-01	2024-07-01	0.22262776957423944	0.1823219802255849	0.3972356544514654
California_Minnesota	California	Minnesota	Far West	Plains	USA	USA	4	2020-01-01	2024-01-01	0.21934483842092506	0.1759035260144769	0.37801822189378576
California_Minnesota	Minnesota	California	Plains	Far West	USA	USA	4	2020-01-01	2024-01-01	0.21934483842092506	0.1759035260144769	0.37801822189378576
Colorado_Pennsylvania	Colorado	Pennsylvania	Rocky Mountain	Mideast	USA	USA	4	2020-01-01	2023-07-01	0.21770364281954	0.1801363976201634	0.3805567050356338
Colorado_Pennsylvania	Pennsylvania	Colorado	Mideast	Rocky Mountain	USA	USA	4	2020-01-01	2023-07-01	0.21770364281954	0.1801363976201634	0.3805567050356338
Illinois_Tennessee	Illinois	Tennessee	Great Lakes	Southeast	USA	USA	4	2020-07-01	2024-10-01	0.21470699213213845	0.18077344369131704	0.35177887717573786
Illinois_Tennessee	Tennessee	Illinois	Southeast	Great Lakes	USA	USA	4	2020-07-01	2024-10-01	0.21470699213213845	0.18077344369131704	0.35177887717573786
Colorado_Maryland	Colorado	Maryland	Rocky Mountain	Mideast	USA	USA	4	2020-01-01	2024-01-01	0.20909052625682673	0.19055084569557018	0.3213217248314706
Colorado_Maryland	Maryland	Colorado	Mideast	Rocky Mountain	USA	USA	4	2020-01-01	2024-01-01	0.20909052625682673	0.19055084569557018	0.3213217248314706
Georgia_Illinois	Georgia	Illinois	Southeast	Great Lakes	USA	USA	4	2020-01-01	2024-10-01	0.2072809343724431	0.18716393395178021	0.2865646316641136
Georgia_Illinois	Illinois	Georgia	Great Lakes	Southeast	USA	USA	4	2020-01-01	2024-10-01	0.2072809343724431	0.18716393395178021	0.2865646316641136
Connecticut_Ohio	Connecticut	Ohio	New England	Great Lakes	USA	USA	4	2020-01-01	2023-10-01	0.2005235962328467	0.18636095673343356	0.28807115216576124
Connecticut_Ohio	Ohio	Connecticut	Great Lakes	New England	USA	USA	4	2020-01-01	2023-10-01	0.2005235962328467	0.18636095673343356	0.28807115216576124
New York_Utah	New York	Utah	Mideast	Rocky Mountain	USA	USA	4	2020-01-01	2024-01-01	0.1933589052796582	0.17589169944379146	0.2718753763117753
New York_Utah	Utah	New York	Rocky Mountain	Mideast	USA	USA	4	2020-01-01	2024-01-01	0.1933589052796582	0.17589169944379146	0.2718753763117753
Florida_Wisconsin	Florida	Wisconsin	Southeast	Great Lakes	USA	USA	4	2020-01-01	2024-01-01	0.19256137233766968	0.1709025128719311	0.2771249931131901
Florida_Wisconsin	Wisconsin	Florida	Great Lakes	Southeast	USA	USA	4	2020-01-01	2024-01-01	0.19256137233766968	0.1709025128719311	0.2771249931131901
Georgia_Maryland	Georgia	Maryland	Southeast	Mideast	USA	USA	4	2020-01-01	2024-07-01	0.19190901408950398	0.1814471577430134	0.23089080294891332
Georgia_Maryland	Maryland	Georgia	Mideast	Southeast	USA	USA	4	2020-01-01	2024-07-01	0.19190901408950398	0.1814471577430134	0.23089080294891332
Minnesota_New Jersey	Minnesota	New Jersey	Plains	Mideast	USA	USA	4	2020-01-01	2024-07-01	0.1902745104752238	0.13887459337859917	0.3576323516215222
Minnesota_New Jersey	New Jersey	Minnesota	Mideast	Plains	USA	USA	4	2020-01-01	2024-07-01	0.1902745104752238	0.13887459337859917	0.3576323516215222
Colorado_Massachusetts	Colorado	Massachusetts	Rocky Mountain	New England	USA	USA	4	2020-01-01	2023-10-01	0.18945068646895535	0.1869679938773083	0.2570904488023459
Colorado_Massachusetts	Massachusetts	Colorado	New England	Rocky Mountain	USA	USA	4	2020-01-01	2023-10-01	0.18945068646895535	0.1869679938773083	0.2570904488023459
Illinois_Utah	Illinois	Utah	Great Lakes	Rocky Mountain	USA	USA	4	2020-01-01	2024-01-01	0.18389956078404304	0.16245592960781746	0.27097585541951896
Illinois_Utah	Utah	Illinois	Rocky Mountain	Great Lakes	USA	USA	4	2020-01-01	2024-01-01	0.18389956078404304	0.16245592960781746	0.27097585541951896
Delaware_Virginia	Delaware	Virginia	Mideast	Southeast	USA	USA	4	2020-01-01	2024-07-01	0.18087857354938228	0.18580079742842848	0.22413875259752003
Delaware_Virginia	Virginia	Delaware	Southeast	Mideast	USA	USA	4	2020-01-01	2024-07-01	0.18087857354938228	0.18580079742842848	0.22413875259752003
Colorado_Illinois	Colorado	Illinois	Rocky Mountain	Great Lakes	USA	USA	4	2022-04-01	2024-01-01	0.17607421524032352	0.1704467798727228	0.2157115215444687
Colorado_Illinois	Illinois	Colorado	Great Lakes	Rocky Mountain	USA	USA	4	2022-04-01	2024-01-01	0.17607421524032352	0.1704467798727228	0.2157115215444687
Arizona_Tennessee	Arizona	Tennessee	Southwest	Southeast	USA	USA	4	2020-01-01	2024-07-01	0.1743778304243762	0.16958887083101049	0.22429917331970023
Arizona_Tennessee	Tennessee	Arizona	Southeast	Southwest	USA	USA	4	2020-01-01	2024-07-01	0.1743778304243762	0.16958887083101049	0.22429917331970023
Massachusetts_Texas	Massachusetts	Texas	New England	Southwest	USA	USA	4	2022-07-01	2024-07-01	0.17196647659408676	0.17645939582021583	0.2051637465984925
Massachusetts_Texas	Texas	Massachusetts	Southwest	New England	USA	USA	4	2022-07-01	2024-07-01	0.17196647659408676	0.17645939582021583	0.2051637465984925
California_Georgia	California	Georgia	Far West	Southeast	USA	USA	4	2022-04-01	2024-07-01	0.16980948772035676	0.1658313503839125	0.21545441966591763
California_Georgia	Georgia	California	Southeast	Far West	USA	USA	4	2022-04-01	2024-07-01	0.16980948772035676	0.1658313503839125	0.21545441966591763
Connecticut_Georgia	Connecticut	Georgia	New England	Southeast	USA	USA	4	2022-04-01	2023-10-01	0.1688526668177362	0.1593503419913897	0.21993190261649315
Connecticut_Georgia	Georgia	Connecticut	Southeast	New England	USA	USA	4	2022-04-01	2023-10-01	0.1688526668177362	0.1593503419913897	0.21993190261649315
California_Massachusetts	California	Massachusetts	Far West	New England	USA	USA	4	2022-07-01	2024-07-01	0.16752017202254776	0.1681813683522025	0.1885661401822059
California_Massachusetts	Massachusetts	California	New England	Far West	USA	USA	4	2022-07-01	2024-07-01	0.16752017202254776	0.1681813683522025	0.1885661401822059
District of Columbia_New Jersey	District of Columbia	New Jersey	Mideast	Mideast	USA	USA	4	2022-04-01	2024-01-01	0.16638012253373086	0.17390425907669257	0.17624849230734746
District of Columbia_New Jersey	New Jersey	District of Columbia	Mideast	Mideast	USA	USA	4	2022-04-01	2024-01-01	0.16638012253373086	0.17390425907669257	0.17624849230734746
Colorado_Nevada	Colorado	Nevada	Rocky Mountain	Far West	USA	USA	4	2020-01-01	2022-10-01	0.16549611486529414	0.1561417751465728	0.2086188483406035
Colorado_Nevada	Nevada	Colorado	Far West	Rocky Mountain	USA	USA	4	2020-01-01	2022-10-01	0.16549611486529414	0.1561417751465728	0.2086188483406035
Connecticut_New Hampshire	Connecticut	New Hampshire	New England	New England	USA	USA	4	2022-07-01	2023-10-01	0.16374852699612133	0.1631280901002672	0.1954150705111371
Connecticut_New Hampshire	New Hampshire	Connecticut	New England	New England	USA	USA	4	2022-07-01	2023-10-01	0.16374852699612133	0.1631280901002672	0.1954150705111371
Illinois_Michigan	Illinois	Michigan	Great Lakes	Great Lakes	USA	USA	4	2020-01-01	2022-07-01	0.16358470235831132	0.1623879778498002	0.2013977247995556
Illinois_Michigan	Michigan	Illinois	Great Lakes	Great Lakes	USA	USA	4	2020-01-01	2022-07-01	0.16358470235831132	0.1623879778498002	0.2013977247995556
Arizona_Minnesota	Arizona	Minnesota	Southwest	Plains	USA	USA	4	2020-01-01	2024-07-01	0.16037279556493453	0.1555401882929573	0.20573119570523488
Arizona_Minnesota	Minnesota	Arizona	Plains	Southwest	USA	USA	4	2020-01-01	2024-07-01	0.16037279556493453	0.1555401882929573	0.20573119570523488
Colorado_Wisconsin	Colorado	Wisconsin	Rocky Mountain	Great Lakes	USA	USA	4	2020-01-01	2024-07-01	0.15814929816343307	0.13926038292431892	0.2289409363805712
Colorado_Wisconsin	Wisconsin	Colorado	Great Lakes	Rocky Mountain	USA	USA	4	2020-01-01	2024-07-01	0.15814929816343307	0.13926038292431892	0.2289409363805712
South Carolina_Virginia	South Carolina	Virginia	Southeast	Southeast	USA	USA	4	2021-07-01	2023-10-01	0.15744083833657369	0.15907936678349072	0.1832392749103789
South Carolina_Virginia	Virginia	South Carolina	Southeast	Southeast	USA	USA	4	2021-07-01	2023-10-01	0.15744083833657369	0.15907936678349072	0.1832392749103789
Arizona_Texas	Arizona	Texas	Southwest	Southwest	USA	USA	4	2022-04-01	2024-04-01	0.15600131620897398	0.1562483278951538	0.17685953942650914
Arizona_Texas	Texas	Arizona	Southwest	Southwest	USA	USA	4	2022-04-01	2024-04-01	0.15600131620897398	0.1562483278951538	0.17685953942650914
Indiana_Wisconsin	Indiana	Wisconsin	Great Lakes	Great Lakes	USA	USA	4	2022-07-01	2024-07-01	0.15240253075365137	0.15046813073452758	0.17040182644185153
Indiana_Wisconsin	Wisconsin	Indiana	Great Lakes	Great Lakes	USA	USA	4	2022-07-01	2024-07-01	0.15240253075365137	0.15046813073452758	0.17040182644185153
Illinois_Minnesota	Illinois	Minnesota	Great Lakes	Plains	USA	USA	4	2020-01-01	2024-01-01	0.15038217943336396	0.1462814039496233	0.18415336252694017
Illinois_Minnesota	Minnesota	Illinois	Plains	Great Lakes	USA	USA	4	2020-01-01	2024-01-01	0.15038217943336396	0.1462814039496233	0.18415336252694017
District of Columbia_New York	District of Columbia	New York	Mideast	Mideast	USA	USA	4	2022-04-01	2024-01-01	0.14831288042779237	0.13967173146143352	0.1888090613158068
District of Columbia_New York	New York	District of Columbia	Mideast	Mideast	USA	USA	4	2022-04-01	2024-01-01	0.14831288042779237	0.13967173146143352	0.1888090613158068
Maryland_South Carolina	Maryland	South Carolina	Mideast	Southeast	USA	USA	4	2022-01-01	2024-10-01	0.1422109891280033	0.14366760006872292	0.15238043159562945
Maryland_South Carolina	South Carolina	Maryland	Southeast	Mideast	USA	USA	4	2022-01-01	2024-10-01	0.1422109891280033	0.14366760006872292	0.15238043159562945
Georgia_Indiana	Georgia	Indiana	Southeast	Great Lakes	USA	USA	4	2021-07-01	2023-10-01	0.1384168572795536	0.138402636252638	0.14962695415176835
Georgia_Indiana	Indiana	Georgia	Great Lakes	Southeast	USA	USA	4	2021-07-01	2023-10-01	0.1384168572795536	0.138402636252638	0.14962695415176835
Ohio_Oklahoma	Ohio	Oklahoma	Great Lakes	Southwest	USA	USA	3	2020-01-01	2022-01-01	0.7769343017011108	0.4672641195688893	1.6102682261868455
Ohio_Oklahoma	Oklahoma	Ohio	Southwest	Great Lakes	USA	USA	3	2020-01-01	2022-01-01	0.7769343017011108	0.4672641195688893	1.6102682261868455
New Jersey_Oklahoma	New Jersey	Oklahoma	Mideast	Southwest	USA	USA	3	2020-01-01	2020-07-01	0.49761339236436847	0.3737567786656707	0.8521168278680481
New Jersey_Oklahoma	Oklahoma	New Jersey	Southwest	Mideast	USA	USA	3	2020-01-01	2020-07-01	0.49761339236436847	0.3737567786656707	0.8521168278680481
British Columbia_Ohio	British Columbia	Ohio	Western Canada	Great Lakes	Canada	USA	3	2020-01-01	2024-10-01	0.3795307131923456	0.29995331907333306	0.6074671735077369
British Columbia_Ohio	Ohio	British Columbia	Great Lakes	Western Canada	USA	Canada	3	2020-01-01	2024-10-01	0.3795307131923456	0.29995331907333306	0.6074671735077369
New Jersey_Rhode Island	New Jersey	Rhode Island	Mideast	New England	USA	USA	3	2020-07-01	2023-10-01	0.3484560581496562	0.18272831526554917	0.7352515672302729
New Jersey_Rhode Island	Rhode Island	New Jersey	New England	Mideast	USA	USA	3	2020-07-01	2023-10-01	0.3484560581496562	0.18272831526554917	0.7352515672302729
Arizona_Georgia	Arizona	Georgia	Southwest	Southeast	USA	USA	3	2024-01-01	2024-07-01	0.29842267228293845	0.2732266767599341	0.4923930853597569
Arizona_Georgia	Georgia	Arizona	Southeast	Southwest	USA	USA	3	2024-01-01	2024-07-01	0.29842267228293845	0.2732266767599341	0.4923930853597569
Delaware_District of Columbia	Delaware	District of Columbia	Mideast	Mideast	USA	USA	3	2020-01-01	2024-07-01	0.2827574341898286	0.17278686103116978	0.5498677256981312
Delaware_District of Columbia	District of Columbia	Delaware	Mideast	Mideast	USA	USA	3	2020-01-01	2024-07-01	0.2827574341898286	0.17278686103116978	0.5498677256981312
Ohio_Wisconsin	Ohio	Wisconsin	Great Lakes	Great Lakes	USA	USA	3	2020-01-01	2024-07-01	0.2773755213739998	0.31760054848319824	0.3859644830817778
Ohio_Wisconsin	Wisconsin	Ohio	Great Lakes	Great Lakes	USA	USA	3	2020-01-01	2024-07-01	0.2773755213739998	0.31760054848319824	0.3859644830817778
Minnesota_Utah	Minnesota	Utah	Plains	Rocky Mountain	USA	USA	3	2020-01-01	2024-07-01	0.27363072197557275	0.32450836589050064	0.3519301334489779
Minnesota_Utah	Utah	Minnesota	Rocky Mountain	Plains	USA	USA	3	2020-01-01	2024-07-01	0.27363072197557275	0.32450836589050064	0.3519301334489779
District of Columbia_Kansas	District of Columbia	Kansas	Mideast	Plains	USA	USA	3	2020-01-01	2024-01-01	0.2664396785261697	0.23953164622036577	0.4184524206299441
District of Columbia_Kansas	Kansas	District of Columbia	Plains	Mideast	USA	USA	3	2020-01-01	2024-01-01	0.2664396785261697	0.23953164622036577	0.4184524206299441
Tennessee_Wisconsin	Tennessee	Wisconsin	Southeast	Great Lakes	USA	USA	3	2020-01-01	2024-07-01	0.2605340083202785	0.14199674413423466	0.5003102173016151
Tennessee_Wisconsin	Wisconsin	Tennessee	Great Lakes	Southeast	USA	USA	3	2020-01-01	2024-07-01	0.2605340083202785	0.14199674413423466	0.5003102173016151
Minnesota_New Mexico	Minnesota	New Mexico	Plains	Southwest	USA	USA	3	2020-01-01	2024-01-01	0.23848626764350148	0.2271164541335962	0.3480343031804698
Minnesota_New Mexico	New Mexico	Minnesota	Southwest	Plains	USA	USA	3	2020-01-01	2024-01-01	0.23848626764350148	0.2271164541335962	0.3480343031804698
Maryland_New Mexico	Maryland	New Mexico	Mideast	Southwest	USA	USA	3	2020-01-01	2024-04-01	0.2363929583533147	0.1288240708506026	0.45361988915564694
Maryland_New Mexico	New Mexico	Maryland	Southwest	Mideast	USA	USA	3	2020-01-01	2024-04-01	0.2363929583533147	0.1288240708506026	0.45361988915564694
Florida_Indiana	Florida	Indiana	Southeast	Great Lakes	USA	USA	3	2022-07-01	2023-10-01	0.2351371400415069	0.22335863151137095	0.2771192626977359
Florida_Indiana	Indiana	Florida	Great Lakes	Southeast	USA	USA	3	2022-07-01	2023-10-01	0.2351371400415069	0.22335863151137095	0.2771192626977359
Massachusetts_Utah	Massachusetts	Utah	New England	Rocky Mountain	USA	USA	3	2020-01-01	2024-07-01	0.2300114168976091	0.21275966324096177	0.2753827550376265
Massachusetts_Utah	Utah	Massachusetts	Rocky Mountain	New England	USA	USA	3	2020-01-01	2024-07-01	0.2300114168976091	0.21275966324096177	0.2753827550376265
Arizona_Connecticut	Arizona	Connecticut	Southwest	New England	USA	USA	3	2020-01-01	2024-07-01	0.22876481794507877	0.26334991504399746	0.2773006277886681
Arizona_Connecticut	Connecticut	Arizona	New England	Southwest	USA	USA	3	2020-01-01	2024-07-01	0.22876481794507877	0.26334991504399746	0.2773006277886681
Utah_Virginia	Utah	Virginia	Rocky Mountain	Southeast	USA	USA	3	2020-01-01	2024-01-01	0.22460580226346338	0.2006702902311669	0.3427456598395215
Utah_Virginia	Virginia	Utah	Southeast	Rocky Mountain	USA	USA	3	2020-01-01	2024-01-01	0.22460580226346338	0.2006702902311669	0.3427456598395215
Missouri_Ohio	Missouri	Ohio	Plains	Great Lakes	USA	USA	3	2020-01-01	2023-04-01	0.22038761154138028	0.17402468592939346	0.3252211049585523
Missouri_Ohio	Ohio	Missouri	Great Lakes	Plains	USA	USA	3	2020-01-01	2023-04-01	0.22038761154138028	0.17402468592939346	0.3252211049585523
Illinois_North Carolina	Illinois	North Carolina	Great Lakes	Southeast	USA	USA	3	2020-01-01	2024-10-01	0.21836132537782107	0.2009524744719996	0.2903393788654156
Illinois_North Carolina	North Carolina	Illinois	Southeast	Great Lakes	USA	USA	3	2020-01-01	2024-10-01	0.21836132537782107	0.2009524744719996	0.2903393788654156
Minnesota_Texas	Minnesota	Texas	Plains	Southwest	USA	USA	3	2020-01-01	2024-01-01	0.21801842950632422	0.2102798045624228	0.29612221364893204
Minnesota_Texas	Texas	Minnesota	Southwest	Plains	USA	USA	3	2020-01-01	2024-01-01	0.21801842950632422	0.2102798045624228	0.29612221364893204
California_Washington	California	Washington	Far West	Far West	USA	USA	3	2022-04-01	2022-10-01	0.21255186412821755	0.2014333885282868	0.2519774844626741
California_Washington	Washington	California	Far West	Far West	USA	USA	3	2022-04-01	2022-10-01	0.21255186412821755	0.2014333885282868	0.2519774844626741
Michigan_Virginia	Michigan	Virginia	Great Lakes	Southeast	USA	USA	3	2020-01-01	2022-07-01	0.20538470827062005	0.22706497864698708	0.22941565181819348
Michigan_Virginia	Virginia	Michigan	Southeast	Great Lakes	USA	USA	3	2020-01-01	2022-07-01	0.20538470827062005	0.22706497864698708	0.22941565181819348
New Hampshire_Rhode Island	New Hampshire	Rhode Island	New England	New England	USA	USA	3	2022-07-01	2023-10-01	0.19694521472628734	0.2004349955726727	0.23729741989126368
New Hampshire_Rhode Island	Rhode Island	New Hampshire	New England	New England	USA	USA	3	2022-07-01	2023-10-01	0.19694521472628734	0.2004349955726727	0.23729741989126368
Arizona_Ohio	Arizona	Ohio	Southwest	Great Lakes	USA	USA	3	2020-01-01	2024-07-01	0.1904259889588879	0.19414705744309313	0.22665986567356541
Arizona_Ohio	Ohio	Arizona	Great Lakes	Southwest	USA	USA	3	2020-01-01	2024-07-01	0.1904259889588879	0.19414705744309313	0.22665986567356541
Missouri_Pennsylvania	Missouri	Pennsylvania	Plains	Mideast	USA	USA	3	2020-01-01	2023-04-01	0.1890134516706909	0.2169841825296061	0.22478246695988083
Missouri_Pennsylvania	Pennsylvania	Missouri	Mideast	Plains	USA	USA	3	2020-01-01	2023-04-01	0.1890134516706909	0.2169841825296061	0.22478246695988083
Delaware_Texas	Delaware	Texas	Mideast	Southwest	USA	USA	3	2024-01-01	2024-10-01	0.18718320841634148	0.20678816615862575	0.22470367689800297
Delaware_Texas	Texas	Delaware	Southwest	Mideast	USA	USA	3	2024-01-01	2024-10-01	0.18718320841634148	0.20678816615862575	0.22470367689800297
California_Wisconsin	California	Wisconsin	Far West	Great Lakes	USA	USA	3	2020-01-01	2024-01-01	0.18569775857163143	0.19918160151185765	0.2164241821256866
California_Wisconsin	Wisconsin	California	Great Lakes	Far West	USA	USA	3	2020-01-01	2024-01-01	0.18569775857163143	0.19918160151185765	0.2164241821256866
Connecticut_Delaware	Connecticut	Delaware	New England	Mideast	USA	USA	3	2020-04-01	2023-10-01	0.1848122314402203	0.139574365676145	0.28193164162708584
Connecticut_Delaware	Delaware	Connecticut	Mideast	New England	USA	USA	3	2020-04-01	2023-10-01	0.1848122314402203	0.139574365676145	0.28193164162708584
New Hampshire_New Jersey	New Hampshire	New Jersey	New England	Mideast	USA	USA	3	2022-07-01	2023-10-01	0.17950913213337638	0.14876142216341717	0.25500137961292807
New Hampshire_New Jersey	New Jersey	New Hampshire	Mideast	New England	USA	USA	3	2022-07-01	2023-10-01	0.17950913213337638	0.14876142216341717	0.25500137961292807
Indiana_Texas	Indiana	Texas	Great Lakes	Southwest	USA	USA	3	2022-07-01	2023-10-01	0.17944806397920995	0.14832451153363913	0.24842357955273092
Indiana_Texas	Texas	Indiana	Southwest	Great Lakes	USA	USA	3	2022-07-01	2023-10-01	0.17944806397920995	0.14832451153363913	0.24842357955273092
Minnesota_Pennsylvania	Minnesota	Pennsylvania	Plains	Mideast	USA	USA	3	2020-01-01	2024-01-01	0.17687956037003935	0.16179792106169544	0.22009080001902992
Minnesota_Pennsylvania	Pennsylvania	Minnesota	Mideast	Plains	USA	USA	3	2020-01-01	2024-01-01	0.17687956037003935	0.16179792106169544	0.22009080001902992
Pennsylvania_Utah	Pennsylvania	Utah	Mideast	Rocky Mountain	USA	USA	3	2020-01-01	2024-01-01	0.17514970990248618	0.1354188241634767	0.26092744186591055
Pennsylvania_Utah	Utah	Pennsylvania	Rocky Mountain	Mideast	USA	USA	3	2020-01-01	2024-01-01	0.17514970990248618	0.1354188241634767	0.26092744186591055
Colorado_Indiana	Colorado	Indiana	Rocky Mountain	Great Lakes	USA	USA	3	2021-04-01	2023-07-01	0.17276200899873825	0.15518326901750976	0.21633924394873663
Colorado_Indiana	Indiana	Colorado	Great Lakes	Rocky Mountain	USA	USA	3	2021-04-01	2023-07-01	0.17276200899873825	0.15518326901750976	0.21633924394873663
Minnesota_Ohio	Minnesota	Ohio	Plains	Great Lakes	USA	USA	3	2020-01-01	2024-07-01	0.17272788474552947	0.1511119302338046	0.22880544190785937
Minnesota_Ohio	Ohio	Minnesota	Great Lakes	Plains	USA	USA	3	2020-01-01	2024-07-01	0.17272788474552947	0.1511119302338046	0.22880544190785937
New York_Ontario	New York	Ontario	Mideast	Eastern Canada	USA	Canada	3	2020-01-01	2021-01-01	0.1727229082918007	0.1676952767487027	0.1989622750769166
New York_Ontario	Ontario	New York	Eastern Canada	Mideast	Canada	USA	3	2020-01-01	2021-01-01	0.1727229082918007	0.1676952767487027	0.1989622750769166
Connecticut_Illinois	Connecticut	Illinois	New England	Great Lakes	USA	USA	3	2022-07-01	2024-01-01	0.17211385067161855	0.175122943430341	0.18116819112413168
Connecticut_Illinois	Illinois	Connecticut	Great Lakes	New England	USA	USA	3	2022-07-01	2024-01-01	0.17211385067161855	0.175122943430341	0.18116819112413168
Arizona_North Carolina	Arizona	North Carolina	Southwest	Southeast	USA	USA	3	2020-01-01	2024-07-01	0.17195874780192572	0.1714024511839472	0.20012551317997135
Arizona_North Carolina	North Carolina	Arizona	Southeast	Southwest	USA	USA	3	2020-01-01	2024-07-01	0.17195874780192572	0.1714024511839472	0.20012551317997135
New York_Wisconsin	New York	Wisconsin	Mideast	Great Lakes	USA	USA	3	2020-01-01	2024-01-01	0.17052361744189173	0.17320318836799048	0.20625697417522
New York_Wisconsin	Wisconsin	New York	Great Lakes	Mideast	USA	USA	3	2020-01-01	2024-01-01	0.17052361744189173	0.17320318836799048	0.20625697417522
Michigan_Minnesota	Michigan	Minnesota	Great Lakes	Plains	USA	USA	3	2020-01-01	2022-07-01	0.16724258599703865	0.16479494409819795	0.20967926921715135
Michigan_Minnesota	Minnesota	Michigan	Plains	Great Lakes	USA	USA	3	2020-01-01	2022-07-01	0.16724258599703865	0.16479494409819795	0.20967926921715135
District of Columbia_South Carolina	District of Columbia	South Carolina	Mideast	Southeast	USA	USA	3	2022-01-01	2024-04-01	0.16642469281392916	0.14348862410120722	0.2222240666065134
District of Columbia_South Carolina	South Carolina	District of Columbia	Southeast	Mideast	USA	USA	3	2022-01-01	2024-04-01	0.16642469281392916	0.14348862410120722	0.2222240666065134
Texas_Utah	Texas	Utah	Southwest	Rocky Mountain	USA	USA	3	2020-01-01	2024-01-01	0.16581713776739923	0.17029620261155187	0.18382149408426468
Texas_Utah	Utah	Texas	Rocky Mountain	Southwest	USA	USA	3	2020-01-01	2024-01-01	0.16581713776739923	0.17029620261155187	0.18382149408426468
Arizona_Maryland	Arizona	Maryland	Southwest	Mideast	USA	USA	3	2020-01-01	2024-07-01	0.16479013046054392	0.1655089256107216	0.18406340193516268
Arizona_Maryland	Maryland	Arizona	Mideast	Southwest	USA	USA	3	2020-01-01	2024-07-01	0.16479013046054392	0.1655089256107216	0.18406340193516268
Colorado_Hawaii	Colorado	Hawaii	Rocky Mountain	Far West	USA	USA	3	2020-01-01	2024-07-01	0.16229393592786165	0.15348756130385446	0.1804868791441453
Colorado_Hawaii	Hawaii	Colorado	Far West	Rocky Mountain	USA	USA	3	2020-01-01	2024-07-01	0.16229393592786165	0.15348756130385446	0.1804868791441453
Minnesota_Nevada	Minnesota	Nevada	Plains	Far West	USA	USA	3	2022-07-01	2024-01-01	0.16102812908341335	0.15139529681687433	0.1877651007493487
Minnesota_Nevada	Nevada	Minnesota	Far West	Plains	USA	USA	3	2022-07-01	2024-01-01	0.16102812908341335	0.15139529681687433	0.1877651007493487
Maryland_Wisconsin	Maryland	Wisconsin	Mideast	Great Lakes	USA	USA	3	2020-01-01	2024-01-01	0.1606814443397217	0.14601728492644134	0.2059589012203976
Maryland_Wisconsin	Wisconsin	Maryland	Great Lakes	Mideast	USA	USA	3	2020-01-01	2024-01-01	0.1606814443397217	0.14601728492644134	0.2059589012203976
Maryland_Tennessee	Maryland	Tennessee	Mideast	Southeast	USA	USA	3	2020-01-01	2022-07-01	0.15769455997582943	0.15759534914307072	0.1784315522033538
Maryland_Tennessee	Tennessee	Maryland	Southeast	Mideast	USA	USA	3	2020-01-01	2022-07-01	0.15769455997582943	0.15759534914307072	0.1784315522033538
Kansas_New Jersey	Kansas	New Jersey	Plains	Mideast	USA	USA	3	2020-01-01	2024-04-01	0.15504123841093592	0.16019285608794662	0.16765158687687537
Kansas_New Jersey	New Jersey	Kansas	Mideast	Plains	USA	USA	3	2020-01-01	2024-04-01	0.15504123841093592	0.16019285608794662	0.16765158687687537
California_District of Columbia	California	District of Columbia	Far West	Mideast	USA	USA	3	2022-04-01	2024-01-01	0.15119733766261112	0.14927706812553604	0.17778827939439634
California_District of Columbia	District of Columbia	California	Mideast	Far West	USA	USA	3	2022-04-01	2024-01-01	0.15119733766261112	0.14927706812553604	0.17778827939439634
Connecticut_Texas	Connecticut	Texas	New England	Southwest	USA	USA	3	2022-07-01	2024-01-01	0.1506323338014626	0.15909734931498803	0.16067411335654455
Connecticut_Texas	Texas	Connecticut	Southwest	New England	USA	USA	3	2022-07-01	2024-01-01	0.1506323338014626	0.15909734931498803	0.16067411335654455
Ohio_Quebec	Ohio	Quebec	Great Lakes	Eastern Canada	USA	Canada	3	2020-01-01	2024-10-01	0.1491090714294717	0.13670701338871	0.17900565329356857
Ohio_Quebec	Quebec	Ohio	Eastern Canada	Great Lakes	Canada	USA	3	2020-01-01	2024-10-01	0.1491090714294717	0.13670701338871	0.17900565329356857
Texas_Wisconsin	Texas	Wisconsin	Southwest	Great Lakes	USA	USA	3	2022-04-01	2024-01-01	0.1419823005648683	0.1482642537791498	0.15045248861534016
Texas_Wisconsin	Wisconsin	Texas	Great Lakes	Southwest	USA	USA	3	2022-04-01	2024-01-01	0.1419823005648683	0.1482642537791498	0.15045248861534016
District of Columbia_Georgia	District of Columbia	Georgia	Mideast	Southeast	USA	USA	3	2022-04-01	2024-04-01	0.14183271055532315	0.13862107531830628	0.15286677968136997
District of Columbia_Georgia	Georgia	District of Columbia	Southeast	Mideast	USA	USA	3	2022-04-01	2024-04-01	0.14183271055532315	0.13862107531830628	0.15286677968136997
Colorado_Connecticut	Colorado	Connecticut	Rocky Mountain	New England	USA	USA	3	2020-04-01	2023-07-01	0.13990047693991042	0.13539985297707377	0.15933944385995016
Colorado_Connecticut	Connecticut	Colorado	New England	Rocky Mountain	USA	USA	3	2020-04-01	2023-07-01	0.13990047693991042	0.13539985297707377	0.15933944385995016
New Jersey_Oregon	New Jersey	Oregon	Mideast	Far West	USA	USA	3	2022-07-01	2023-10-01	0.13875712824694994	0.1358534146597113	0.14757186229208405
New Jersey_Oregon	Oregon	New Jersey	Far West	Mideast	USA	USA	3	2022-07-01	2023-10-01	0.13875712824694994	0.1358534146597113	0.14757186229208405
Georgia_Kentucky	Georgia	Kentucky	Southeast	Southeast	USA	USA	3	2021-07-01	2023-10-01	0.13706801607390395	0.1411866604159017	0.1437091620857934
Georgia_Kentucky	Kentucky	Georgia	Southeast	Southeast	USA	USA	3	2021-07-01	2023-10-01	0.13706801607390395	0.1411866604159017	0.1437091620857934
Colorado_Tennessee	Colorado	Tennessee	Rocky Mountain	Southeast	USA	USA	3	2022-04-01	2023-07-01	0.13397721187076053	0.13526290179051806	0.13579346657445213
Colorado_Tennessee	Tennessee	Colorado	Southeast	Rocky Mountain	USA	USA	3	2022-04-01	2023-07-01	0.13397721187076053	0.13526290179051806	0.13579346657445213
Virginia_Wisconsin	Virginia	Wisconsin	Southeast	Great Lakes	USA	USA	3	2020-01-01	2024-01-01	0.13068648604241917	0.12898527297893775	0.13818028450958106
Virginia_Wisconsin	Wisconsin	Virginia	Great Lakes	Southeast	USA	USA	3	2020-01-01	2024-01-01	0.13068648604241917	0.12898527297893775	0.13818028450958106
