date	x	y	nRR	RR	N_pairs	N_x	N_y	region_x	region_y	country_x	country_y	nb_dist	mean_out_region_nRR_x	sd_out_region_nRR_x	z_score_x	n_out_region_x	mean_out_region_nRR_y	sd_out_region_nRR_y	z_score_y	n_out_region_y
2020-01-01	North Dakota	Wyoming	0.8908985791807325	204.59803120775123	131	448	317	Plains	Rocky Mountain	USA	USA	2	0.023068590798214342	0.12423494537634969	6.985393568239334	54	0.018304725764743734	0.12342565559506545	7.069793141539327	55
2020-01-01	Wyoming	North Dakota	0.8908985791807325	204.59803120775123	131	317	448	Rocky Mountain	Plains	USA	USA	2	0.018304725764743738	0.12342565559506542	7.0697931415393285	55	0.023068590798214335	0.1242349453763497	6.985393568239333	54
2020-01-01	Ohio	Oklahoma	1.6102682261868455	5.174576298561461	26	3666	304	Great Lakes	Southwest	USA	USA	3	0.17108783223773233	0.27174947763589957	5.295982190911081	54	0.22333761875837252	0.3298719080522637	4.204452011744913	54
2020-01-01	Oklahoma	Ohio	1.6102682261868455	5.174576298561461	26	304	3666	Southwest	Great Lakes	USA	USA	3	0.22333761875837255	0.3298719080522637	4.2044520117449125	54	0.17108783223773233	0.27174947763589957	5.295982190911081	54
2020-01-01	Minnesota	Mississippi	0.5994185937649328	13.49285095531482	25	2978	138	Plains	Southeast	USA	USA	4	0.11483188516174707	0.11657776296592072	4.156767948488129	54	0.030900672679768686	0.09769844712067677	5.819109083514222	50
2020-01-01	Mississippi	Minnesota	0.5994185937649328	13.49285095531482	25	138	2978	Southeast	Plains	USA	USA	4	0.03090067267976869	0.0976984471206768	5.8191090835142205	50	0.11483188516174707	0.11657776296592072	4.156767948488129	54
2020-01-01	Connecticut	New Jersey	0.9535019914495332	7.44716596728091	53	3402	464	New England	Mideast	USA	USA	2	0.1532428973265789	0.20660333933304215	3.873408322955255	55	0.15749622197852642	0.21636690017995588	3.6789627656030373	56
2020-01-01	New Jersey	Connecticut	0.9535019914495332	7.44716596728091	53	464	3402	Mideast	New England	USA	USA	2	0.15749622197852642	0.21636690017995588	3.6789627656030373	56	0.1532428973265789	0.20660333933304212	3.8734083229552554	55
2020-01-01	Kansas	Rhode Island	0.7955955941571888	4.488849344481579	42	308	6738	Plains	New England	USA	USA	7	0.12376148560895361	0.2005077373535325	3.350664255732269	53	0.08888132975391319	0.17912437394234346	3.945383025487937	56
2020-01-01	Rhode Island	Kansas	0.7955955941571888	4.488849344481579	42	6738	308	New England	Plains	USA	USA	7	0.08888132975391319	0.17912437394234348	3.9453830254879367	56	0.12376148560895361	0.2005077373535325	3.350664255732269	53
2020-01-01	British Columbia	Hawaii	0.9501228163577256	15.415769709543568	67	4000	241	Western Canada	Far West	Canada	USA	NA	0.1890106413897102	0.2333986198917651	3.260996895872688	58	0.0714310153406077	0.15967878662838578	5.50287123024089	56
2020-01-01	Hawaii	British Columbia	0.9501228163577256	15.415769709543568	67	241	4000	Far West	Western Canada	USA	Canada	NA	0.0714310153406077	0.15967878662838578	5.50287123024089	56	0.1890106413897102	0.23339861989176514	3.2609968958726876	58
2020-01-01	Massachusetts	Delaware	0.6534575844626402	4.399304150626993	190	7023	1364	New England	Mideast	USA	USA	3	0.11972936033512564	0.17721852739900945	3.011695402060416	55	0.08383759490736191	0.1815105574047912	3.1382196038600374	56
2020-01-01	Delaware	Massachusetts	0.6534575844626402	4.399304150626993	190	1364	7023	Mideast	New England	USA	USA	3	0.0838375949073619	0.18151055740479116	3.138219603860038	56	0.11972936033512564	0.1772185273990095	3.011695402060415	55
2020-04-01	Wyoming	North Dakota	0.33197871987381045	155.2528274000771	17	502	124	Rocky Mountain	Plains	USA	USA	2	0.007726295524789742	0.046415579359089486	6.985853216233158	55	0.0077871252799283875	0.04644862899562125	6.979572951969021	54
2020-04-01	North Dakota	Wyoming	0.33197871987381045	155.2528274000771	17	124	502	Plains	Rocky Mountain	USA	USA	2	0.0077871252799283875	0.04644862899562126	6.97957295196902	54	0.0077262955247897405	0.04641557935908948	6.985853216233159	55
2020-04-01	New Brunswick	Maine	2.115190641551812	4.024218313099494	5	1487	475	Eastern Canada	New England	Canada	USA	NA	0.06866924560761739	0.28730709257508535	7.1231147745138	56	0.11739879060492597	0.31002286273088747	6.444014590888578	56
2020-04-01	Maine	New Brunswick	2.115190641551812	4.024218313099494	5	475	1487	New England	Eastern Canada	USA	Canada	NA	0.11739879060492597	0.31002286273088747	6.444014590888578	56	0.06866924560761739	0.2873070925750854	7.123114774513799	56
2020-04-01	Indiana	Manitoba	0.14854642961779294	97.55773644807688	8	123	379	Great Lakes	Western Canada	USA	Canada	NA	0.006872919959740011	0.022290362740283492	6.355818938828588	56	0.005585831168594943	0.020579755431950397	6.946661680305948	58
2020-04-01	Manitoba	Indiana	0.14854642961779294	97.55773644807688	8	379	123	Western Canada	Great Lakes	Canada	USA	NA	0.005585831168594943	0.0205797554319504	6.946661680305946	58	0.006872919959740011	0.022290362740283495	6.355818938828587	56
2020-04-01	Georgia	Missouri	0.1944287319757883	19.540354575799935	45	453	2890	Southeast	Plains	USA	USA	2	0.014066250722897381	0.03252804075056006	5.544830770349594	50	0.016669339316727552	0.033774281773663595	5.263158335987871	50
2020-04-01	Missouri	Georgia	0.1944287319757883	19.540354575799935	45	2890	453	Plains	Southeast	USA	USA	2	0.01666933931672755	0.033774281773663595	5.263158335987871	50	0.01406625072289738	0.03252804075056006	5.544830770349594	50
2020-04-01	Minnesota	Louisiana	0.08379675116852726	4.3974264850230105	568	16213	4529	Plains	Southeast	USA	USA	4	0.007900158756086344	0.013684239462131518	5.546277717696336	54	0.005872011004062448	0.015629908885068055	4.985617045977138	49
2020-04-01	Louisiana	Minnesota	0.08379675116852726	4.3974264850230105	568	4529	16213	Southeast	Plains	USA	USA	4	0.005872011004062448	0.01562990888506806	4.985617045977137	49	0.007900158756086345	0.013684239462131521	5.546277717696333	54
2020-04-01	Ontario	Rhode Island	0.5028488451727705	6.342917553143372	4058	24962	14570	Eastern Canada	New England	Canada	USA	NA	0.048520968587405754	0.08678802574192879	5.234914294932177	56	0.0441113905639069	0.0954035351902635	4.808390524460152	56
2020-04-01	Rhode Island	Ontario	0.5028488451727705	6.342917553143372	4058	14570	24962	New England	Eastern Canada	USA	Canada	NA	0.0441113905639069	0.0954035351902635	4.808390524460152	56	0.04852096858740575	0.08678802574192879	5.234914294932177	56
2020-04-01	Delaware	Connecticut	0.28193164162708584	10.696527296374787	57	870	3482	Mideast	New England	USA	USA	3	0.020576647350037867	0.059353812741017066	4.403339603766278	56	0.03175624819262381	0.054254735978191235	4.611125442302861	55
2020-04-01	Connecticut	Delaware	0.28193164162708584	10.696527296374787	57	3482	870	New England	Mideast	USA	USA	3	0.03175624819262381	0.05425473597819124	4.611125442302861	55	0.020576647350037867	0.05935381274101708	4.403339603766277	56
2020-04-01	South Dakota	Mexico	0.20886495165364655	9.92733234609689	35	652	3074	Plains	Mexico	USA	Mexico	NA	0.020112487812946164	0.04480293588366023	4.212948551649245	53	0.015472829464510082	0.03187439297706224	6.067319378546508	61
2020-04-01	Mexico	South Dakota	0.20886495165364655	9.92733234609689	35	3074	652	Mexico	Plains	Mexico	USA	NA	0.01547282946451008	0.03187439297706224	6.067319378546508	61	0.02011248781294616	0.04480293588366023	4.212948551649245	53
2020-04-01	Illinois	Idaho	0.3711080405648769	6.925083685842725	1533	15705	8013	Great Lakes	Rocky Mountain	USA	USA	4	0.05115245046197647	0.07864789052986373	4.068203075089581	54	0.020649446869193892	0.055775450960860035	6.283384314393342	54
2020-04-01	Idaho	Illinois	0.3711080405648769	6.925083685842725	1533	8013	15705	Rocky Mountain	Great Lakes	USA	USA	4	0.020649446869193892	0.05577545096086003	6.283384314393342	54	0.05115245046197647	0.07864789052986373	4.068203075089581	54
2020-04-01	Oklahoma	Ohio	0.4672641195688893	12.764924482916385	8	309	1153	Southwest	Great Lakes	USA	USA	3	0.06262262616133457	0.10102751248003473	4.005260383774378	54	0.04909275639792374	0.108316112076666	3.860657063419932	54
2020-04-01	Ohio	Oklahoma	0.4672641195688893	12.764924482916385	8	1153	309	Great Lakes	Southwest	USA	USA	3	0.049092756397923744	0.10831611207666601	3.860657063419931	54	0.06262262616133457	0.10102751248003472	4.005260383774379	54
2020-04-01	District of Columbia	Rhode Island	0.3578350330815529	6.420032145860018	155	942	14570	Mideast	New England	USA	USA	5	0.02814610582115829	0.0720748725391083	4.574256126245707	55	0.0441113905639069	0.0954035351902635	3.2883859271250926	56
2020-04-01	Rhode Island	District of Columbia	0.3578350330815529	6.420032145860018	155	14570	942	New England	Mideast	USA	USA	5	0.0441113905639069	0.0954035351902635	3.2883859271250926	56	0.02814610582115829	0.0720748725391083	4.574256126245707	55
2020-04-01	District of Columbia	Massachusetts	0.25831723645001636	5.200838621584691	112	942	12996	Mideast	New England	USA	USA	4	0.02814610582115829	0.0720748725391083	3.193500349292546	55	0.021862847223614663	0.04548118552119521	5.198949555002449	55
2020-04-01	Massachusetts	District of Columbia	0.25831723645001636	5.200838621584691	112	12996	942	New England	Mideast	USA	USA	4	0.021862847223614666	0.04548118552119522	5.198949555002448	55	0.02814610582115829	0.0720748725391083	3.193500349292546	55
2020-04-01	South Dakota	California	0.18475713944995936	3.362926585595154	104	652	26964	Plains	Far West	USA	USA	4	0.020112487812946164	0.04480293588366023	3.674863005954474	53	0.03714207163741583	0.04640978427321359	3.180688514808347	55
2020-04-01	California	South Dakota	0.18475713944995936	3.362926585595154	104	26964	652	Far West	Plains	USA	USA	4	0.03714207163741583	0.0464097842732136	3.1806885148083466	55	0.02011248781294616	0.04480293588366023	3.674863005954474	53
2020-04-01	Virginia	Massachusetts	0.1660706229686777	6.241111344224467	454	3182	12996	Southeast	New England	USA	USA	4	0.016571204349012464	0.030023385001765608	4.97943248607289	48	0.021862847223614663	0.04548118552119521	3.1707127704017104	55
2020-04-01	Massachusetts	Virginia	0.1660706229686777	6.241111344224467	454	12996	3182	New England	Southeast	USA	USA	4	0.021862847223614666	0.04548118552119522	3.1707127704017095	55	0.016571204349012464	0.030023385001765608	4.97943248607289	48
2020-07-01	Manitoba	Newfoundland and Labrador	0.05791885397315042	117.9520144286948	11	2187	18	Western Canada	Eastern Canada	Canada	Canada	NA	0.0015067624652148786	0.008003055182258188	7.048819509953446	58	0.0015320032902863003	0.008238336983729928	6.844445765477152	56
2020-07-01	Newfoundland and Labrador	Manitoba	0.05791885397315042	117.9520144286948	11	18	2187	Eastern Canada	Western Canada	Canada	Canada	NA	0.0015320032902863007	0.00823833698372993	6.844445765477151	56	0.0015067624652148786	0.008003055182258186	7.048819509953447	58
2020-07-01	North Carolina	Nebraska	0.06169296645588373	36.04152436247723	3	183	192	Southeast	Plains	USA	USA	3	0.002509527606865065	0.009516019202619061	6.2193484049222825	50	0.0026869475129632264	0.009414747725458044	6.267403085412972	53
2020-07-01	Nebraska	North Carolina	0.06169296645588373	36.04152436247723	3	192	183	Plains	Southeast	USA	USA	3	0.0026869475129632264	0.009414747725458044	6.267403085412972	53	0.002509527606865065	0.009516019202619063	6.219348404922282	50
2020-07-01	Ohio	New Jersey	1.0781185882274105	18.948437942983148	114	907	2800	Great Lakes	Mideast	USA	USA	2	0.047142407259078575	0.15407447401755028	6.691414574297983	54	0.093839532076747	0.19205897534062977	5.1248792429772	56
2020-07-01	New Jersey	Ohio	1.0781185882274105	18.948437942983148	114	2800	907	Mideast	Great Lakes	USA	USA	2	0.093839532076747	0.19205897534062977	5.1248792429772	56	0.04714240725907858	0.1540744740175503	6.6914145742979825	54
2020-07-01	Mexico	Nova Scotia	0.23953643450310289	38.53786518563603	12	1240	106	Mexico	Eastern Canada	Mexico	Canada	NA	0.02185619914804472	0.043545806701030934	4.998879383486186	61	0.012557384799759576	0.03940483524219552	5.760182685912855	56
2020-07-01	Nova Scotia	Mexico	0.23953643450310289	38.53786518563603	12	106	1240	Eastern Canada	Mexico	Canada	Mexico	NA	0.012557384799759576	0.03940483524219552	5.760182685912855	56	0.02185619914804472	0.04354580670103094	4.9988793834861855	61
2020-07-01	Washington	Utah	0.2977700695307606	5.461993703765805	647	6244	8008	Far West	Rocky Mountain	USA	USA	2	0.03626294704088951	0.055221286438264086	4.735621702370679	55	0.013873605960209725	0.04461896191550479	6.362686431570672	54
2020-07-01	Utah	Washington	0.2977700695307606	5.461993703765805	647	8008	6244	Rocky Mountain	Far West	USA	USA	2	0.013873605960209723	0.04461896191550479	6.362686431570672	54	0.03626294704088951	0.055221286438264086	4.735621702370679	55
2020-07-01	Michigan	Virginia	0.22941565181819348	9.845407068651072	134	3119	1842	Great Lakes	Southeast	USA	USA	3	0.02232251262555705	0.048100439765414706	4.305431305880514	57	0.02566935657637576	0.04656362855352395	4.375653306477511	48
2020-07-01	Virginia	Michigan	0.22941565181819348	9.845407068651072	134	1842	3119	Southeast	Great Lakes	USA	USA	3	0.02566935657637576	0.04656362855352395	4.375653306477511	48	0.022322512625557053	0.048100439765414706	4.305431305880514	57
2020-07-01	Florida	Pennsylvania	0.19199851572893753	11.101065297475554	126	4914	975	Southeast	Mideast	USA	USA	5	0.025137617004399992	0.03924748858144229	4.251505121870034	50	0.015053424178218285	0.03898561755383226	4.53872742445055	54
2020-07-01	Pennsylvania	Florida	0.19199851572893753	11.101065297475554	126	975	4914	Mideast	Southeast	USA	USA	5	0.015053424178218283	0.038985617553832265	4.538727424450549	54	0.025137617004399995	0.03924748858144228	4.251505121870034	50
2020-07-01	Texas	Tennessee	0.25269828822811236	2.5279200574472203	1943	73222	4431	Southwest	Southeast	USA	USA	2	0.0183670556512949	0.041018086650085106	5.712875751027535	56	0.029116733907836912	0.05475983717106881	4.082947756433431	49
2020-07-01	Tennessee	Texas	0.25269828822811236	2.5279200574472203	1943	4431	73222	Southeast	Southwest	USA	USA	2	0.029116733907836912	0.05475983717106881	4.082947756433431	49	0.0183670556512949	0.04101808665008511	5.712875751027534	56
2020-07-01	Mexico	South Dakota	0.19195191530337397	11.825927185890766	42	1240	1209	Mexico	Plains	Mexico	USA	NA	0.02185619914804472	0.043545806701030934	3.906133082414622	61	0.027631999217539033	0.04000589368530805	4.107392710144119	53
2020-07-01	South Dakota	Mexico	0.19195191530337397	11.825927185890766	42	1209	1240	Plains	Mexico	USA	Mexico	NA	0.027631999217539033	0.04000589368530805	4.107392710144119	53	0.02185619914804472	0.04354580670103094	3.9061330824146214	61
2020-07-01	Ontario	British Columbia	0.09392717626310704	2.021712209439936	1730	6479	55751	Eastern Canada	Western Canada	Canada	Canada	NA	0.008254964900401977	0.02314626306722011	3.701340951405439	56	0.002497850462218547	0.013042089173235079	7.01032822168701	58
2020-07-01	British Columbia	Ontario	0.09392717626310704	2.021712209439936	1730	55751	6479	Western Canada	Eastern Canada	Canada	Canada	NA	0.0024978504622185462	0.013042089173235079	7.01032822168701	58	0.008254964900401975	0.02314626306722011	3.701340951405439	56
2020-07-01	Rhode Island	New Jersey	0.7352515672302729	114.0174699879952	90	119	2800	New England	Mideast	USA	USA	3	0.01641379201643452	0.10179725246679812	7.061465391202893	56	0.093839532076747	0.19205897534062977	3.3396618617585436	56
2020-07-01	New Jersey	Rhode Island	0.7352515672302729	114.0174699879952	90	2800	119	Mideast	New England	USA	USA	3	0.093839532076747	0.19205897534062977	3.3396618617585436	56	0.016413792016434524	0.10179725246679806	7.061465391202898	56
2020-07-01	Georgia	Pennsylvania	0.16709364864004228	9.6209244176303	17	765	975	Southeast	Mideast	USA	USA	4	0.024511260852860206	0.04347496719752127	3.2796433667076212	50	0.015053424178218285	0.03898561755383226	3.899905503661274	54
2020-07-01	Pennsylvania	Georgia	0.16709364864004228	9.6209244176303	17	975	765	Mideast	Southeast	USA	USA	4	0.015053424178218283	0.038985617553832265	3.8999055036612735	54	0.02451126085286021	0.04347496719752128	3.279643366707621	50
2020-07-01	Michigan	Tennessee	0.19945511574331945	5.406173995348433	177	3119	4431	Great Lakes	Southeast	USA	USA	3	0.02232251262555705	0.048100439765414706	3.6825568327781637	57	0.029116733907836912	0.05475983717106881	3.1106444181590294	49
2020-07-01	Tennessee	Michigan	0.19945511574331945	5.406173995348433	177	4431	3119	Southeast	Great Lakes	USA	USA	3	0.029116733907836912	0.05475983717106881	3.1106444181590294	49	0.022322512625557053	0.048100439765414706	3.6825568327781637	57
2020-10-01	Newfoundland and Labrador	Alberta	0.11875867054169918	68.27376988531262	9	212	561	Eastern Canada	Western Canada	Canada	Canada	NA	0.00324790333628496	0.0172052403112597	6.713696822346621	56	0.0033319172873332663	0.016063762566594357	7.185536562548763	58
2020-10-01	Alberta	Newfoundland and Labrador	0.11875867054169918	68.27376988531262	9	561	212	Western Canada	Eastern Canada	Canada	Canada	NA	0.003331917287333266	0.016063762566594357	7.185536562548763	58	0.00324790333628496	0.017205240311259702	6.71369682234662	56
2020-10-01	Maine	Maryland	0.14673895795063122	20.234034631058467	440	5938	3304	New England	Mideast	USA	USA	5	0.003496728778392264	0.01991818041445148	7.1915318664505445	56	0.007035775079733579	0.020929138375904977	6.675056581962939	54
2020-10-01	Maryland	Maine	0.14673895795063122	20.234034631058467	440	3304	5938	Mideast	New England	USA	USA	5	0.007035775079733579	0.020929138375904977	6.675056581962939	54	0.003496728778392264	0.019918180414451477	7.191531866450546	56
2020-10-01	Vermont	Florida	0.07240718231820802	57.3490346992683	72	608	1863	New England	Southeast	USA	USA	7	0.0017867647890810543	0.01022037951796166	6.909764691713856	55	0.004768138436739816	0.01108228873770186	6.103346112194378	50
2020-10-01	Florida	Vermont	0.07240718231820802	57.3490346992683	72	1863	608	Southeast	New England	USA	USA	7	0.004768138436739815	0.011082288737701862	6.1033461121943775	50	0.0017867647890810541	0.010220379517961661	6.909764691713855	55
2020-10-01	Quebec	British Columbia	0.04566654473581436	1.0602812390854337	2605	18426	120300	Eastern Canada	Western Canada	Canada	Canada	NA	0.0020935583748229137	0.0072695744675646354	5.993884037560281	56	0.0016147775660206622	0.006359922734531649	6.926462633046079	58
2020-10-01	British Columbia	Quebec	0.04566654473581436	1.0602812390854337	2605	120300	18426	Western Canada	Eastern Canada	Canada	Canada	NA	0.001614777566020662	0.006359922734531649	6.926462633046079	58	0.0020935583748229133	0.007269574467564636	5.99388403756028	56
2020-10-01	New Jersey	Connecticut	0.03125099762560996	41.00978787878787	3	300	220	Mideast	New England	USA	USA	2	0.0015369286277323335	0.004968488848980018	5.980504314501507	56	0.0013007635805118906	0.004707028155961055	6.362875481670663	55
2020-10-01	Connecticut	New Jersey	0.03125099762560996	41.00978787878787	3	220	300	New England	Mideast	USA	USA	2	0.0013007635805118906	0.004707028155961056	6.362875481670661	55	0.0015369286277323335	0.004968488848980019	5.980504314501506	56
2020-10-01	Virginia	Ohio	0.12325758894597152	24.515761551699597	21	1385	558	Southeast	Great Lakes	USA	USA	2	0.008328716953040608	0.01939365257186242	5.926107604901475	48	0.007821537836929932	0.021244862363745076	5.433598445242756	54
2020-10-01	Ohio	Virginia	0.12325758894597152	24.515761551699597	21	558	1385	Great Lakes	Southeast	USA	USA	2	0.007821537836929932	0.02124486236374508	5.4335984452427555	54	0.008328716953040608	0.01939365257186242	5.926107604901475	48
2020-10-01	Oregon	Utah	0.05429073539669239	2.6589895479480776	135	7947	5764	Far West	Rocky Mountain	USA	USA	2	0.004855194058702045	0.01044223561816741	4.734191330827888	55	0.0063772692546223584	0.01061600043920021	4.513325561399444	54
2020-10-01	Utah	Oregon	0.05429073539669239	2.6589895479480776	135	5764	7947	Rocky Mountain	Far West	USA	USA	2	0.0063772692546223584	0.01061600043920021	4.513325561399444	54	0.004855194058702045	0.010442235618167412	4.734191330827887	55
2020-10-01	Saskatchewan	Ontario	0.04987249816363419	4.749551661047001	74	897	15671	Western Canada	Eastern Canada	Canada	Canada	NA	0.003839324701790351	0.010516049965929019	4.37742057245704	58	0.004122000374907021	0.009588900535431032	4.7711932791125395	56
2020-10-01	Ontario	Saskatchewan	0.04987249816363419	4.749551661047001	74	15671	897	Eastern Canada	Western Canada	Canada	Canada	NA	0.004122000374907021	0.009588900535431034	4.771193279112539	56	0.003839324701790351	0.010516049965929019	4.37742057245704	58
2020-10-01	Michigan	Kentucky	0.09969158963969946	11.929599428562362	95	10853	662	Great Lakes	Southeast	USA	USA	2	0.007442648468006284	0.017243324834868526	5.349834910327289	57	0.00981420730406071	0.02195200379599254	4.094267802197008	46
2020-10-01	Kentucky	Michigan	0.09969158963969946	11.929599428562362	95	662	10853	Southeast	Great Lakes	USA	USA	2	0.009814207304060709	0.021952003795992537	4.094267802197008	46	0.0074426484680062835	0.017243324834868526	5.349834910327289	57
2020-10-01	Kentucky	Iowa	0.09959965375890412	18.31804892310691	5	662	372	Southeast	Plains	USA	USA	2	0.009814207304060709	0.021952003795992537	4.090079761704225	46	0.005498108130790625	0.015428807286817794	6.099081016360405	53
2020-10-01	Iowa	Kentucky	0.09959965375890412	18.31804892310691	5	372	662	Plains	Southeast	USA	USA	2	0.005498108130790625	0.015428807286817794	6.099081016360405	53	0.00981420730406071	0.02195200379599254	4.090079761704224	46
2020-10-01	Texas	Tennessee	0.07180599229640651	5.818263911704323	516	21463	3728	Southwest	Southeast	USA	USA	2	0.010133477264453808	0.01335450310379244	4.6181063086082785	56	0.007554084676362259	0.0166908385120739	3.8495314404704946	49
2020-10-01	Tennessee	Texas	0.07180599229640651	5.818263911704323	516	3728	21463	Southeast	Southwest	USA	USA	2	0.007554084676362259	0.0166908385120739	3.8495314404704946	49	0.010133477264453808	0.013354503103792437	4.618106308608279	56
2020-10-01	Tennessee	Ohio	0.08814342897616152	14.312447121079268	33	3728	558	Southeast	Great Lakes	USA	USA	2	0.007554084676362259	0.0166908385120739	4.828358038543249	49	0.007821537836929932	0.021244862363745076	3.780767781122604	54
2020-10-01	Ohio	Tennessee	0.08814342897616152	14.312447121079268	33	558	3728	Great Lakes	Southeast	USA	USA	2	0.007821537836929932	0.02124486236374508	3.7807677811226035	54	0.007554084676362259	0.0166908385120739	4.828358038543249	49
2020-10-01	West Virginia	North Dakota	0.03290693262958776	16.930686589570968	8	479	890	Southeast	Plains	USA	USA	5	0.00429392778810997	0.00818980734457447	3.4937335687674196	47	0.002408851918072904	0.006372062850658074	4.786217811452561	54
2020-10-01	North Dakota	West Virginia	0.03290693262958776	16.930686589570968	8	890	479	Plains	Southeast	USA	USA	5	0.0024088519180729046	0.006372062850658073	4.786217811452561	54	0.00429392778810997	0.008189807344574472	3.493733568767419	47
2020-10-01	New Mexico	Kansas	0.01853775243722153	21.671091126579903	5	687	303	Southwest	Plains	USA	USA	2	0.0010861847801896729	0.003156541569780661	5.528698821553779	56	0.0014947801570448498	0.004906724947591774	3.473390593972746	53
2020-10-01	Kansas	New Mexico	0.01853775243722153	21.671091126579903	5	303	687	Plains	Southwest	USA	USA	2	0.0014947801570448498	0.004906724947591774	3.473390593972746	53	0.0010861847801896729	0.003156541569780661	5.528698821553779	56
2020-10-01	Georgia	Washington	0.016985946876169264	4.423059663955905	45	1679	5467	Southeast	Far West	USA	USA	6	0.0017302274531809563	0.004174818347843649	3.6542235258854068	50	0.0029312513482576703	0.004303084459995868	3.266190951763259	55
2020-10-01	Washington	Georgia	0.016985946876169264	4.423059663955905	45	5467	1679	Far West	Southeast	USA	USA	6	0.0029312513482576703	0.004303084459995869	3.2661909517632584	55	0.0017302274531809563	0.004174818347843648	3.6542235258854077	50
2020-10-01	Mexico	California	0.029119574016528246	3.7802666869272015	406	1146	84553	Mexico	Far West	Mexico	USA	NA	0.004443514015569728	0.007587410813065047	3.252237239938015	61	0.004183651546105157	0.00694659766698081	3.58965981129881	55
2020-10-01	California	Mexico	0.029119574016528246	3.7802666869272015	406	84553	1146	Far West	Mexico	USA	Mexico	NA	0.004183651546105157	0.006946597666980812	3.5896598112988087	55	0.004443514015569729	0.007587410813065048	3.2522372399380144	61
2020-10-01	Wisconsin	New York	0.073779697373511	1.603090356245145	1219	37259	18413	Great Lakes	Mideast	USA	USA	4	0.007443665831410977	0.020727976234456533	3.2003139521082766	55	0.008198027031768054	0.016288053298740186	4.026366388843743	53
2020-10-01	New York	Wisconsin	0.073779697373511	1.603090356245145	1219	18413	37259	Mideast	Great Lakes	USA	USA	4	0.008198027031768054	0.016288053298740186	4.026366388843743	53	0.007443665831410977	0.020727976234456536	3.200313952108276	55
2020-10-01	Arizona	South Dakota	0.1357885156770756	3.6811958716068887	149	32781	1114	Southwest	Plains	USA	USA	3	0.021084427726335512	0.036117647565726954	3.1758460387543623	54	0.006987340916945897	0.020945598319876763	6.14931943184937	53
2020-10-01	South Dakota	Arizona	0.1357885156770756	3.6811958716068887	149	1114	32781	Plains	Southwest	USA	USA	3	0.006987340916945896	0.02094559831987677	6.149319431849368	53	0.021084427726335515	0.03611764756572696	3.1758460387543614	54
2020-10-01	Minnesota	New York	0.07909389160928025	1.577336332996827	2116	65732	18413	Plains	Mideast	USA	USA	5	0.009917391536303765	0.022835540429980684	3.029334921373481	54	0.008198027031768054	0.016288053298740186	4.352629702101705	53
2020-10-01	New York	Minnesota	0.07909389160928025	1.577336332996827	2116	18413	65732	Mideast	Plains	USA	USA	5	0.008198027031768054	0.016288053298740186	4.352629702101705	53	0.009917391536303766	0.022835540429980688	3.0293349213734806	54
2021-01-01	South Dakota	Tennessee	0.22714769361713497	19.85095410379788	297	3102	8432	Plains	Southeast	USA	USA	3	0.007667984960220104	0.032456204210198576	6.7623344749583705	53	0.014425473652584713	0.03405390052759163	6.246633033775249	49
2021-01-01	Tennessee	South Dakota	0.22714769361713497	19.85095410379788	297	8432	3102	Southeast	Plains	USA	USA	3	0.014425473652584711	0.03405390052759163	6.246633033775249	49	0.007667984960220105	0.032456204210198576	6.7623344749583705	53
2021-01-01	Ontario	New York	0.15151117304978282	1.6825042962450956	6299	64515	101450	Eastern Canada	Mideast	Canada	USA	NA	0.009365932549865154	0.023004420959863003	6.179040139629064	56	0.014087281695260346	0.02375042618550105	5.786165278937848	53
2021-01-01	New York	Ontario	0.15151117304978282	1.6825042962450956	6299	101450	64515	Mideast	Eastern Canada	USA	Canada	NA	0.014087281695260346	0.023750426185501057	5.786165278937847	53	0.009365932549865154	0.023004420959863006	6.1790401396290635	56
2021-01-01	Indiana	Colorado	0.10397835516202858	4.248076565341768	1306	13870	38750	Great Lakes	Rocky Mountain	USA	USA	4	0.009454646904912677	0.01765195227593968	5.354858588981997	56	0.009541861099366404	0.016298719109225823	5.794105256357648	52
2021-01-01	Colorado	Indiana	0.10397835516202858	4.248076565341768	1306	38750	13870	Rocky Mountain	Great Lakes	USA	USA	4	0.009541861099366404	0.01629871910922582	5.794105256357649	52	0.009454646904912677	0.01765195227593968	5.354858588981997	56
2021-01-01	Texas	Utah	0.10694493284405078	3.0479024899956455	1997	51063	22432	Southwest	Rocky Mountain	USA	USA	2	0.011229379100825637	0.016763881535095032	5.709629571340355	56	0.011568223261792044	0.01820472154983858	5.2391193856576415	54
2021-01-01	Utah	Texas	0.10694493284405078	3.0479024899956455	1997	22432	51063	Rocky Mountain	Southwest	USA	USA	2	0.011568223261792044	0.01820472154983858	5.2391193856576415	54	0.011229379100825639	0.01676388153509503	5.709629571340356	56
2021-01-01	Wisconsin	Wyoming	0.0647591083743263	4.454471199132545	750	24827	11856	Great Lakes	Rocky Mountain	USA	USA	3	0.007135831921241631	0.012394095129383722	4.649252394107605	55	0.004023767723784863	0.009632319547950541	6.3053702016628	55
2021-01-01	Wyoming	Wisconsin	0.0647591083743263	4.454471199132545	750	11856	24827	Rocky Mountain	Great Lakes	USA	USA	3	0.004023767723784864	0.009632319547950545	6.305370201662798	55	0.007135831921241631	0.012394095129383725	4.649252394107603	55
2021-01-01	Arkansas	Kansas	0.02196732917843208	22.32153512436851	9	437	1613	Southeast	Plains	USA	USA	2	9.974795973151291e-4	0.0035749111287670748	5.865838009894553	47	0.002749504057501847	0.004468280945519616	4.300943775748951	53
2021-01-01	Kansas	Arkansas	0.02196732917843208	22.32153512436851	9	1613	437	Plains	Southeast	USA	USA	2	0.0027495040575018464	0.004468280945519616	4.300943775748951	53	9.974795973151291e-4	0.003574911128767075	5.865838009894553	47
2021-01-01	New Hampshire	Virginia	0.08149915578820335	5.29410531950825	103	3404	9992	New England	Southeast	USA	USA	5	0.007420701115467431	0.013945485486075123	5.312002565038335	56	0.009920561739685675	0.01674007603048614	4.275882255144035	48
2021-01-01	Virginia	New Hampshire	0.08149915578820335	5.29410531950825	103	9992	3404	Southeast	New England	USA	USA	5	0.009920561739685675	0.01674007603048614	4.275882255144035	48	0.007420701115467432	0.013945485486075125	5.312002565038334	56
2021-01-01	Montana	Washington	0.06675110753148561	3.620951641248281	248	6506	18404	Rocky Mountain	Far West	USA	USA	2	0.00831881145352814	0.015371336405637558	3.801380344296347	55	0.007044647485688708	0.011420134383232172	5.228174909523135	55
2021-01-01	Washington	Montana	0.06675110753148561	3.620951641248281	248	18404	6506	Far West	Rocky Mountain	USA	USA	2	0.007044647485688708	0.011420134383232174	5.228174909523134	55	0.00831881145352814	0.01537133640563756	3.8013803442963465	55
2021-01-01	Delaware	Nevada	0.026241196244959613	3.749865517767645	33	2074	7418	Mideast	Far West	USA	USA	8	0.0036623827349560956	0.005793377401214669	3.897348980798235	56	0.004780616925685308	0.005741462732722199	3.7378243695573383	53
2021-01-01	Nevada	Delaware	0.026241196244959613	3.749865517767645	33	7418	2074	Far West	Mideast	USA	USA	8	0.004780616925685308	0.0057414627327222	3.7378243695573374	53	0.0036623827349560956	0.005793377401214669	3.897348980798235	56
2021-01-01	Georgia	Illinois	0.05385749712162858	2.72270867371457	316	9295	21829	Southeast	Great Lakes	USA	USA	3	0.009651741299371805	0.011743656961899742	3.7642240373398748	50	0.009246842556804854	0.012053436312466886	3.701073570089126	54
2021-01-01	Illinois	Georgia	0.05385749712162858	2.72270867371457	316	21829	9295	Great Lakes	Southeast	USA	USA	3	0.009246842556804854	0.012053436312466886	3.701073570089126	54	0.009651741299371805	0.011743656961899742	3.7642240373398748	50
2021-01-01	Idaho	North Carolina	0.036994070784459765	4.475177093489917	182	6197	11473	Rocky Mountain	Southeast	USA	USA	5	0.0024085659915496606	0.006025440786962301	5.739912815630909	54	0.006830834741637794	0.008188101715801425	3.68378863499129	50
2021-01-01	North Carolina	Idaho	0.036994070784459765	4.475177093489917	182	11473	6197	Southeast	Rocky Mountain	USA	USA	5	0.006830834741637793	0.008188101715801427	3.683788634991289	50	0.0024085659915496606	0.006025440786962301	5.739912815630909	54
2021-01-01	Massachusetts	New Jersey	0.05883358808693165	1.7065471304508577	787	27068	29785	New England	Mideast	USA	USA	2	0.00952047005557112	0.013929497017360909	3.5401937320421224	55	0.009103617121919483	0.013083090918220783	3.8010873176577396	56
2021-01-01	New Jersey	Massachusetts	0.05883358808693165	1.7065471304508577	787	29785	27068	Mideast	New England	USA	USA	2	0.009103617121919485	0.013083090918220784	3.801087317657739	56	0.009520470055571122	0.013929497017360909	3.5401937320421224	55
2021-01-01	Florida	Pennsylvania	0.10234919638425176	1.9445005251902645	2284	72394	28365	Southeast	Mideast	USA	USA	5	0.01944267667447271	0.02427710407572821	3.4150086209280386	50	0.012065272718697142	0.019369341547002816	4.6611767078641355	54
2021-01-01	Pennsylvania	Florida	0.10234919638425176	1.9445005251902645	2284	28365	72394	Mideast	Southeast	USA	USA	5	0.012065272718697142	0.019369341547002816	4.6611767078641355	54	0.01944267667447271	0.02427710407572821	3.4150086209280386	50
2021-01-01	Pennsylvania	Virginia	0.07630456401877364	2.8497324600381875	462	28365	9992	Mideast	Southeast	USA	USA	2	0.012065272718697142	0.019369341547002816	3.316544919412441	54	0.009920561739685675	0.01674007603048614	3.9655735229752205	48
2021-01-01	Virginia	Pennsylvania	0.07630456401877364	2.8497324600381875	462	9992	28365	Southeast	Mideast	USA	USA	2	0.009920561739685675	0.01674007603048614	3.9655735229752205	48	0.012065272718697142	0.019369341547002816	3.316544919412441	54
2021-01-01	Connecticut	New Jersey	0.051708113335000645	2.6887838813824656	522	11395	29785	New England	Mideast	USA	USA	2	0.00466138808656705	0.008012030160607708	5.872010502374986	55	0.009103617121919483	0.013083090918220783	3.2564549523802517	56
2021-01-01	New Jersey	Connecticut	0.051708113335000645	2.6887838813824656	522	29785	11395	Mideast	New England	USA	USA	2	0.009103617121919485	0.013083090918220784	3.2564549523802513	56	0.00466138808656705	0.00801203016060771	5.872010502374984	55
2021-01-01	New Brunswick	Maine	0.01027401860936308	1.788866895206951	50	4509	10837	Eastern Canada	New England	Canada	USA	NA	2.903113457109223e-4	0.0014909640055133205	6.696142379516996	56	0.0016197533353248742	0.002703139069356342	3.2015612412049954	56
2021-01-01	Maine	New Brunswick	0.01027401860936308	1.788866895206951	50	10837	4509	New England	Eastern Canada	USA	Canada	NA	0.0016197533353248742	0.0027031390693563425	3.201561241204995	56	2.9031134571092226e-4	0.0014909640055133207	6.696142379516995	56
2021-01-01	Montana	California	0.05729370555826617	1.6443975441258534	1547	6506	252794	Rocky Mountain	Far West	USA	USA	3	0.00831881145352814	0.015371336405637558	3.186118162554565	55	0.00819730100471119	0.011440870739719635	4.29131712703522	55
2021-01-01	California	Montana	0.05729370555826617	1.6443975441258534	1547	252794	6506	Far West	Rocky Mountain	USA	USA	3	0.00819730100471119	0.011440870739719637	4.291317127035219	55	0.00831881145352814	0.01537133640563756	3.186118162554565	55
2021-04-01	Prince Edward Island	Manitoba	0.04656155340056287	28.72013777174961	9	84	13587	Eastern Canada	Western Canada	Canada	Canada	NA	0.0016506549816248254	0.007560814758379514	5.939954866526008	56	0.0013536530103334429	0.00674890859048725	6.698549814995428	58
2021-04-01	Manitoba	Prince Edward Island	0.04656155340056287	28.72013777174961	9	13587	84	Western Canada	Eastern Canada	Canada	Canada	NA	0.001353653010333443	0.00674890859048725	6.698549814995428	58	0.0016506549816248254	0.007560814758379513	5.939954866526008	56
2021-04-01	New Mexico	Hawaii	0.32866852163673604	19.529085174561303	2423	23646	19110	Southwest	Far West	USA	USA	NA	0.013105099326544524	0.0442813119121728	7.126334082785927	56	0.01604448924577486	0.05591637254575403	5.5909211945956265	56
2021-04-01	Hawaii	New Mexico	0.32866852163673604	19.529085174561303	2423	19110	23646	Far West	Southwest	USA	USA	NA	0.01604448924577486	0.05591637254575404	5.590921194595626	56	0.013105099326544523	0.04428131191217281	7.126334082785926	56
2021-04-01	South Dakota	Wisconsin	0.08664864782617106	3.8874337241199295	241	5026	44924	Plains	Great Lakes	USA	USA	2	0.0049099091872048875	0.013609971196135313	6.005798062392424	53	0.014541646556158585	0.016983347720044086	4.245747214190896	55
2021-04-01	Wisconsin	South Dakota	0.08664864782617106	3.8874337241199295	241	44924	5026	Great Lakes	Plains	USA	USA	2	0.014541646556158585	0.016983347720044086	4.245747214190896	55	0.0049099091872048875	0.013609971196135313	6.005798062392424	53
2021-04-01	Hawaii	Oklahoma	0.2500150832148338	20.161568473031263	159	19110	1503	Far West	Southwest	USA	USA	NA	0.01604448924577486	0.05591637254575404	4.184294926814334	56	0.01995139434890841	0.03661798637204768	6.282805573425642	54
2021-04-01	Oklahoma	Hawaii	0.2500150832148338	20.161568473031263	159	1503	19110	Southwest	Far West	USA	USA	NA	0.01995139434890841	0.03661798637204769	6.282805573425641	54	0.01604448924577486	0.05591637254575403	4.184294926814334	56
2021-04-01	Indiana	Colorado	0.15518326901750976	2.626004262464107	5221	48985	147823	Great Lakes	Rocky Mountain	USA	USA	4	0.01944980468056193	0.03262427266725732	4.160505453142989	56	0.020023792442674597	0.026531387459602755	5.0943237243296	52
2021-04-01	Colorado	Indiana	0.15518326901750976	2.626004262464107	5221	147823	48985	Rocky Mountain	Great Lakes	USA	USA	4	0.020023792442674597	0.02653138745960276	5.094323724329599	52	0.019449804680561927	0.03262427266725733	4.160505453142988	56
2021-04-01	Indiana	Tennessee	0.15450890989466626	5.196466669359954	1166	48985	16683	Great Lakes	Southeast	USA	USA	2	0.01944980468056193	0.03262427266725732	4.139834980893034	56	0.017656993126638217	0.0272773966144103	5.017044650651556	49
2021-04-01	Tennessee	Indiana	0.15450890989466626	5.196466669359954	1166	16683	48985	Southeast	Great Lakes	USA	USA	2	0.017656993126638217	0.0272773966144103	5.017044650651556	49	0.019449804680561927	0.03262427266725733	4.139834980893033	56
2021-04-01	Alberta	Prince Edward Island	0.031735845583816306	16.741178874705966	46	119135	84	Western Canada	Eastern Canada	Canada	Canada	NA	0.002283564165697776	0.007131724783675291	4.12975574794131	58	0.0016506549816248254	0.007560814758379513	3.979093730453932	56
2021-04-01	Prince Edward Island	Alberta	0.031735845583816306	16.741178874705966	46	84	119135	Eastern Canada	Western Canada	Canada	Canada	NA	0.0016506549816248254	0.007560814758379514	3.9790937304539318	56	0.002283564165697776	0.007131724783675291	4.12975574794131	58
2021-04-01	Ontario	Alberta	0.039749867109188125	1.008842892659564	3087	93545	119135	Eastern Canada	Western Canada	Canada	Canada	NA	0.004668972132337832	0.00943377298716522	3.718649476151095	56	0.002283564165697776	0.007131724783675291	5.253470104350033	58
2021-04-01	Alberta	Ontario	0.039749867109188125	1.008842892659564	3087	119135	93545	Western Canada	Eastern Canada	Canada	Canada	NA	0.002283564165697776	0.007131724783675291	5.253470104350033	58	0.004668972132337832	0.009433772987165221	3.7186494761510946	56
2021-04-01	Ontario	British Columbia	0.03687535161823764	0.6647251209973924	7148	93545	418667	Eastern Canada	Western Canada	Canada	Canada	NA	0.004668972132337832	0.00943377298716522	3.4139447207089937	56	0.0011377491831759867	0.004932294043260111	7.245635017218089	58
2021-04-01	British Columbia	Ontario	0.03687535161823764	0.6647251209973924	7148	418667	93545	Western Canada	Eastern Canada	Canada	Canada	NA	0.0011377491831759865	0.004932294043260111	7.245635017218089	58	0.004668972132337832	0.009433772987165221	3.4139447207089932	56
2021-04-01	Oregon	Mexico	0.03987431505669722	5.04542566669227	606	37350	11712	Far West	Mexico	USA	Mexico	NA	0.007033706024330068	0.010767046078322302	3.050103881183009	55	0.0032063384595857496	0.006281787124939864	5.837188664278798	61
2021-04-01	Mexico	Oregon	0.03987431505669722	5.04542566669227	606	11712	37350	Mexico	Far West	Mexico	USA	NA	0.0032063384595857496	0.006281787124939864	5.837188664278798	61	0.007033706024330068	0.010767046078322302	3.050103881183009	55
2021-04-01	Utah	Minnesota	0.06443244965109747	1.3990113056303255	7292	49060	386941	Rocky Mountain	Plains	USA	USA	3	0.009977767369759635	0.013540199893392392	4.0217044585812705	54	0.012768459495709282	0.017054337458690724	3.0293753879638827	54
2021-04-01	Minnesota	Utah	0.06443244965109747	1.3990113056303255	7292	386941	49060	Plains	Rocky Mountain	USA	USA	3	0.012768459495709282	0.017054337458690727	3.0293753879638823	54	0.009977767369759635	0.013540199893392396	4.02170445858127	54
2021-04-01	Georgia	Ohio	0.13394579814498475	3.0561413809463	697	24163	34376	Southeast	Great Lakes	USA	USA	3	0.030985793613921248	0.03403683215438441	3.0249584939061624	50	0.02070912254933857	0.02762074292575123	4.099696952397104	54
2021-04-01	Ohio	Georgia	0.13394579814498475	3.0561413809463	697	34376	24163	Great Lakes	Southeast	USA	USA	3	0.02070912254933857	0.02762074292575123	4.099696952397104	54	0.030985793613921248	0.03403683215438441	3.0249584939061624	50
2021-07-01	Ontario	Alberta	0.13809379400689695	3.635366603460984	8704	108731	141440	Eastern Canada	Western Canada	Canada	Canada	NA	0.009253071599128289	0.021247260256512676	6.063874629119612	56	0.005241923000305026	0.020293023198186808	6.546677136724622	58
2021-07-01	Alberta	Ontario	0.13809379400689695	3.635366603460984	8704	141440	108731	Western Canada	Eastern Canada	Canada	Canada	NA	0.005241923000305026	0.020293023198186808	6.546677136724622	58	0.009253071599128287	0.02124726025651268	6.063874629119611	56
2021-07-01	Connecticut	Wisconsin	0.21808167852581423	4.162485668481963	4080	67660	93053	New England	Great Lakes	USA	USA	5	0.029142541567304368	0.03749605550801668	5.038907010315113	55	0.028511527792481933	0.034852479943023915	5.4392155463036636	55
2021-07-01	Wisconsin	Connecticut	0.21808167852581423	4.162485668481963	4080	93053	67660	Great Lakes	New England	USA	USA	5	0.028511527792481936	0.034852479943023915	5.439215546303663	55	0.029142541567304368	0.03749605550801668	5.038907010315113	55
2021-07-01	Wyoming	North Dakota	0.053730118496944736	4.024057731103241	536	39500	21660	Rocky Mountain	Plains	USA	USA	2	0.0091474969422518735	0.008946188161584238	4.983420955322042	55	0.012742567598594627	0.01168125366000343	3.508831508273066	54
2021-07-01	North Dakota	Wyoming	0.053730118496944736	4.024057731103241	536	21660	39500	Plains	Rocky Mountain	USA	USA	2	0.012742567598594627	0.011681253660003431	3.5088315082730657	54	0.0091474969422518735	0.008946188161584238	4.983420955322042	55
2021-07-01	Ontario	British Columbia	0.08082901072221443	1.750896418855404	13607	108731	459096	Eastern Canada	Western Canada	Canada	Canada	NA	0.009253071599128289	0.021247260256512676	3.3687138134031565	56	0.0026539662175263466	0.011168529328849312	6.999582684781508	58
2021-07-01	British Columbia	Ontario	0.08082901072221443	1.750896418855404	13607	459096	108731	Western Canada	Eastern Canada	Canada	Canada	NA	0.002653966217526346	0.01116852932884931	6.999582684781509	58	0.009253071599128287	0.02124726025651268	3.368713813403156	56
2021-07-01	Oregon	Utah	0.06427302034901054	1.9432008818182136	1347	62299	71470	Far West	Rocky Mountain	USA	USA	2	0.016141378609628602	0.014461189588644195	3.3283321157187395	55	0.014648739262937152	0.012075486154236197	4.109505857755028	54
2021-07-01	Utah	Oregon	0.06427302034901054	1.9432008818182136	1347	71470	62299	Rocky Mountain	Far West	USA	USA	2	0.014648739262937152	0.012075486154236197	4.109505857755028	54	0.016141378609628602	0.014461189588644195	3.3283321157187395	55
2021-07-01	Virginia	New Jersey	0.14824317027015632	1.942991061715488	3622	102570	116738	Southeast	Mideast	USA	USA	3	0.03144261506380058	0.034365783146454776	3.3987456275503227	48	0.032023231296385846	0.03558782037162159	3.265722310615193	56
2021-07-01	New Jersey	Virginia	0.14824317027015632	1.942991061715488	3622	116738	102570	Mideast	Southeast	USA	USA	3	0.032023231296385846	0.03558782037162159	3.265722310615193	56	0.03144261506380058	0.034365783146454776	3.3987456275503227	48
2021-07-01	Florida	Pennsylvania	0.20223535388341723	2.1660687575021957	5664	405133	41458	Southeast	Mideast	USA	USA	5	0.04606437474299315	0.04810494593920071	3.246464081631165	50	0.038664990450528194	0.04104516092919035	3.9851314924815333	54
2021-07-01	Pennsylvania	Florida	0.20223535388341723	2.1660687575021957	5664	41458	405133	Mideast	Southeast	USA	USA	5	0.038664990450528194	0.04104516092919035	3.9851314924815333	54	0.04606437474299315	0.04810494593920072	3.2464640816311645	50
2021-07-01	Oklahoma	Nebraska	0.04912926835579471	3.9974300450098426	394	23170	27324	Southwest	Plains	USA	USA	2	0.01177529375052895	0.010446587761168647	3.5757106013233755	54	0.01167217818842549	0.011882124985474403	3.152389847199854	53
2021-07-01	Nebraska	Oklahoma	0.04912926835579471	3.9974300450098426	394	27324	23170	Plains	Southwest	USA	USA	2	0.01167217818842549	0.011882124985474404	3.1523898471998537	53	0.011775293750528952	0.01044658776116865	3.575710601323375	54
2021-07-01	Louisiana	Arizona	0.10417951048496016	2.056184052760692	2517	81783	96142	Southeast	Southwest	USA	USA	3	0.024282413655569355	0.025549423611440837	3.1271584848439984	49	0.0264893019401224	0.023002236620307568	3.3775067106408603	54
2021-07-01	Arizona	Louisiana	0.10417951048496016	2.056184052760692	2517	96142	81783	Southwest	Southeast	USA	USA	3	0.026489301940122403	0.023002236620307568	3.3775067106408603	54	0.024282413655569355	0.02554942361144084	3.127158484843998	49
2021-07-01	Connecticut	New Jersey	0.1416367046764424	2.2713374127562065	2793	67660	116738	New England	Mideast	USA	USA	2	0.029142541567304368	0.03749605550801668	3.0001599257577034	55	0.032023231296385846	0.03558782037162159	3.0800839229666463	56
2021-07-01	New Jersey	Connecticut	0.1416367046764424	2.2713374127562065	2793	116738	67660	Mideast	New England	USA	USA	2	0.032023231296385846	0.03558782037162159	3.0800839229666463	56	0.029142541567304368	0.03749605550801668	3.0001599257577034	55
2021-10-01	Saskatchewan	Quebec	0.0735406618742484	6.518230705987585	1435	52941	18774	Western Canada	Eastern Canada	Canada	Canada	NA	0.00407847869840511	0.010069062155467266	6.898575269805733	58	0.0041540161040193695	0.011018495577556424	6.297288525628009	56
2021-10-01	Quebec	Saskatchewan	0.0735406618742484	6.518230705987585	1435	18774	52941	Eastern Canada	Western Canada	Canada	Canada	NA	0.0041540161040193695	0.011018495577556424	6.297288525628009	56	0.00407847869840511	0.010069062155467268	6.8985752698057325	58
2021-10-01	New Jersey	Connecticut	0.12515942457752338	3.2876056049849636	2676	54878	66963	Mideast	New England	USA	USA	2	0.016853312357682296	0.021597491198220315	5.0147543168701825	56	0.010242033614312682	0.0183771340178645	6.253281433954769	55
2021-10-01	Connecticut	New Jersey	0.12515942457752338	3.2876056049849636	2676	66963	54878	New England	Mideast	USA	USA	2	0.010242033614312682	0.018377134017864505	6.253281433954768	55	0.016853312357682296	0.02159749119822032	5.014754316870182	56
2021-10-01	Florida	New York	0.11997811288752136	2.0125540570926868	3204	48150	149271	Southeast	Mideast	USA	USA	6	0.02842306937684349	0.02613138635404496	3.503642794539516	50	0.019023319782848006	0.020170137460858027	5.005161382791032	53
2021-10-01	New York	Florida	0.11997811288752136	2.0125540570926868	3204	149271	48150	Mideast	Southeast	USA	USA	6	0.019023319782848006	0.020170137460858027	5.005161382791032	53	0.02842306937684349	0.02613138635404496	3.503642794539516	50
2021-10-01	Ontario	Alberta	0.02643772660326875	0.8777538564861664	1992	171322	59804	Eastern Canada	Western Canada	Canada	Canada	NA	0.004623856867374734	0.0062755967976423676	3.4759833111153835	56	0.00268483934389175	0.004429198678546413	5.362795616829789	58
2021-10-01	Alberta	Ontario	0.02643772660326875	0.8777538564861664	1992	59804	171322	Western Canada	Eastern Canada	Canada	Canada	NA	0.0026848393438917498	0.004429198678546413	5.362795616829789	58	0.004623856867374734	0.006275596797642368	3.475983311115383	56
2021-10-01	Ontario	British Columbia	0.0248471179388464	0.34854481042792	9439	171322	713643	Eastern Canada	Western Canada	Canada	Canada	NA	0.004623856867374734	0.0062755967976423676	3.2225239644250556	56	0.0019334558836409258	0.003968579436404327	5.7737692850533096	58
2021-10-01	British Columbia	Ontario	0.0248471179388464	0.34854481042792	9439	713643	171322	Western Canada	Eastern Canada	Canada	Canada	NA	0.0019334558836409258	0.003968579436404327	5.7737692850533096	58	0.004623856867374734	0.006275596797642368	3.222523964425055	56
2021-10-01	Montana	Washington	0.03418619788989152	3.643054746262759	504	10778	57950	Rocky Mountain	Far West	USA	USA	2	0.005031727972353431	0.00587712052333725	4.960672458863084	55	0.009659479579192366	0.007781385937259039	3.151972991502667	55
2021-10-01	Washington	Montana	0.03418619788989152	3.643054746262759	504	57950	10778	Far West	Rocky Mountain	USA	USA	2	0.009659479579192366	0.00778138593725904	3.1519729915026664	55	0.005031727972353431	0.005877120523337248	4.960672458863086	55
2021-10-01	North Dakota	Wyoming	0.02420057655010311	1.9722649150988405	345	29955	26364	Plains	Rocky Mountain	USA	USA	2	0.005596479597323595	0.005984415856826331	3.1087573788105165	54	0.004909226564761242	0.004950750792068221	3.8966513960365865	55
2021-10-01	Wyoming	North Dakota	0.02420057655010311	1.9722649150988405	345	26364	29955	Rocky Mountain	Plains	USA	USA	2	0.004909226564761242	0.004950750792068223	3.896651396036585	55	0.005596479597323595	0.005984415856826331	3.1087573788105165	54
2022-01-01	Ohio	Oklahoma	0.25327055934759757	5.600016019493972	2252	35868	59655	Great Lakes	Southwest	USA	USA	3	0.04387920591388869	0.04222119316128155	4.959389769821303	54	0.034939660403497365	0.040146569202692814	5.438345125875806	54
2022-01-01	Oklahoma	Ohio	0.25327055934759757	5.600016019493972	2252	59655	35868	Southwest	Great Lakes	USA	USA	3	0.034939660403497365	0.0401465692026928	5.4383451258758075	54	0.04387920591388869	0.04222119316128155	4.959389769821303	54
2022-01-01	Newfoundland and Labrador	Alberta	0.10134602432160028	13.89063373001434	597	3336	68549	Eastern Canada	Western Canada	Canada	Canada	NA	0.00771613322573298	0.01955585250728404	4.787819455121818	56	0.016224514816457074	0.015470741005668753	5.502096471911279	58
2022-01-01	Alberta	Newfoundland and Labrador	0.10134602432160028	13.89063373001434	597	68549	3336	Western Canada	Eastern Canada	Canada	Canada	NA	0.016224514816457074	0.015470741005668753	5.502096471911279	58	0.00771613322573298	0.019555852507284043	4.787819455121817	56
2022-01-01	Nevada	Louisiana	0.2065898647953796	3.536120878343501	1261	36258	52331	Far West	Southeast	USA	USA	4	0.04943749505889142	0.035627970105875754	4.410926843978985	53	0.029650512756633062	0.03499286217155754	5.056441258542269	49
2022-01-01	Louisiana	Nevada	0.2065898647953796	3.536120878343501	1261	52331	36258	Southeast	Far West	USA	USA	4	0.029650512756633062	0.03499286217155754	5.056441258542269	49	0.04943749505889142	0.03562797010587576	4.410926843978984	53
2022-01-01	Saskatchewan	Quebec	0.12058147200621304	6.511979201585206	1670	71583	19062	Western Canada	Eastern Canada	Canada	Canada	NA	0.01957462051596704	0.024861981443329042	4.0627031968664	58	0.010526925353424964	0.017177180413764512	6.4070204772721935	56
2022-01-01	Quebec	Saskatchewan	0.12058147200621304	6.511979201585206	1670	19062	71583	Eastern Canada	Western Canada	Canada	Canada	NA	0.010526925353424964	0.017177180413764512	6.4070204772721935	56	0.01957462051596704	0.02486198144332904	4.0627031968664	58
2022-01-01	British Columbia	Ontario	0.11703030594664142	1.6035168735190446	17943	354266	168061	Western Canada	Eastern Canada	Canada	Canada	NA	0.019462172347523593	0.020126119694432253	4.8478362983257695	58	0.022718951995428453	0.023896577308419823	3.9466469500627146	56
2022-01-01	Ontario	British Columbia	0.11703030594664142	1.6035168735190446	17943	168061	354266	Eastern Canada	Western Canada	Canada	Canada	NA	0.022718951995428453	0.023896577308419827	3.946646950062714	56	0.019462172347523593	0.020126119694432253	4.8478362983257695	58
2022-01-01	District of Columbia	North Carolina	0.21739677153057743	3.1119678187767854	978	16983	98461	Mideast	Southeast	USA	USA	2	0.042254876847599654	0.04225304466679141	4.145071581566517	55	0.05030369255382702	0.043121668103468055	3.874921502939539	50
2022-01-01	North Carolina	District of Columbia	0.21739677153057743	3.1119678187767854	978	98461	16983	Southeast	Mideast	USA	USA	2	0.05030369255382702	0.043121668103468055	3.874921502939539	50	0.042254876847599654	0.04225304466679141	4.145071581566517	55
2022-01-01	Illinois	Arizona	0.16875386124245909	2.4824729820365063	4856	47643	218459	Great Lakes	Southwest	USA	USA	4	0.038229483293865246	0.03049062833436258	4.280803154243115	54	0.03977842517669817	0.033565674381675265	3.8424801062889817	54
2022-01-01	Arizona	Illinois	0.16875386124245909	2.4824729820365063	4856	218459	47643	Southwest	Great Lakes	USA	USA	4	0.03977842517669817	0.03356567438167527	3.842480106288981	54	0.038229483293865246	0.030490628334362578	4.280803154243116	54
2022-01-01	Newfoundland and Labrador	Saskatchewan	0.11055875616269116	15.039823160121582	675	3336	71583	Eastern Canada	Western Canada	Canada	Canada	NA	0.00771613322573298	0.01955585250728404	5.258917906987283	56	0.01957462051596704	0.02486198144332904	3.6595689629209724	58
2022-01-01	Saskatchewan	Newfoundland and Labrador	0.11055875616269116	15.039823160121582	675	71583	3336	Western Canada	Eastern Canada	Canada	Canada	NA	0.01957462051596704	0.024861981443329042	3.659568962920972	58	0.00771613322573298	0.019555852507284043	5.258917906987282	56
2022-01-01	South Carolina	Maryland	0.14029617526524238	2.8664176715611127	1064	26136	75568	Southeast	Mideast	USA	USA	3	0.04019899911275922	0.03143056993743314	3.1847076381923816	50	0.02926078412715172	0.03272704378399759	3.392771796650426	54
2022-01-01	Maryland	South Carolina	0.14029617526524238	2.8664176715611127	1064	75568	26136	Mideast	Southeast	USA	USA	3	0.02926078412715172	0.03272704378399759	3.392771796650426	54	0.04019899911275922	0.031430569937433143	3.184707638192381	50
2022-01-01	North Dakota	Wyoming	0.12655427648233775	2.9853153030665047	1343	52741	45385	Plains	Rocky Mountain	USA	USA	2	0.03652208937258805	0.0289000260998776	3.1152977785764353	54	0.027739723271588322	0.024539840763653356	4.026699038614236	55
2022-01-01	Wyoming	North Dakota	0.12655427648233775	2.9853153030665047	1343	45385	52741	Rocky Mountain	Plains	USA	USA	2	0.027739723271588322	0.024539840763653356	4.026699038614236	55	0.03652208937258806	0.02890002609987761	3.1152977785764344	54
2022-01-01	Florida	New York	0.19460528808708089	1.2330408988129744	7962	116263	295514	Southeast	Mideast	USA	USA	6	0.05913605533420399	0.043562212454728674	3.1097877063443713	50	0.05110409730950993	0.04088016639154203	3.5102888134834225	53
2022-01-01	New York	Florida	0.19460528808708089	1.2330408988129744	7962	295514	116263	Mideast	Southeast	USA	USA	6	0.051104097309509926	0.04088016639154203	3.5102888134834225	53	0.05913605533420399	0.043562212454728674	3.1097877063443713	50
2022-01-01	Virginia	Pennsylvania	0.17098366338244844	2.2418583286145393	1021	55360	43772	Southeast	Mideast	USA	USA	2	0.047313200706870395	0.04019522144843014	3.07674539955565	48	0.042171226073129994	0.034679211443719014	3.7143992595785664	54
2022-01-01	Pennsylvania	Virginia	0.17098366338244844	2.2418583286145393	1021	43772	55360	Mideast	Southeast	USA	USA	2	0.04217122607313	0.03467921144371901	3.7143992595785664	54	0.047313200706870395	0.04019522144843015	3.0767453995556497	48
2022-04-01	Vermont	Quebec	0.09191826167000748	2.5862476896040025	1057	35847	58263	New England	Eastern Canada	USA	Canada	NA	0.02522808123232903	0.01821972082358514	3.6603294355284013	55	0.025929157721762096	0.016601704480442396	3.974839091129692	56
2022-04-01	Quebec	Vermont	0.09191826167000748	2.5862476896040025	1057	58263	35847	Eastern Canada	New England	Canada	USA	NA	0.025929157721762096	0.0166017044804424	3.9748390911296916	56	0.02522808123232903	0.01821972082358514	3.6603294355284013	55
2022-04-01	South Dakota	British Columbia	0.1705911633113105	2.59557693201612	731	6050	237886	Plains	Western Canada	USA	Canada	NA	0.04381290008944038	0.03505870040344177	3.6161712146473084	53	0.03025529055663521	0.030750851126057736	4.563641903093769	58
2022-04-01	British Columbia	South Dakota	0.1705911633113105	2.59557693201612	731	237886	6050	Western Canada	Plains	Canada	USA	NA	0.030255290556635207	0.030750851126057736	4.563641903093769	58	0.04381290008944038	0.03505870040344177	3.6161712146473084	53
2022-04-01	Hawaii	Wyoming	0.10169185989043478	7.660525006032977	571	67061	5680	Far West	Rocky Mountain	USA	USA	NA	0.02924391765871349	0.020396341317052657	3.552006759719702	56	0.01318761401263483	0.014671137384805431	6.032541551240725	55
2022-04-01	Wyoming	Hawaii	0.10169185989043478	7.660525006032977	571	5680	67061	Rocky Mountain	Far West	USA	USA	NA	0.01318761401263483	0.014671137384805431	6.032541551240725	55	0.02924391765871349	0.020396341317052657	3.552006759719702	56
2022-04-01	Alaska	Saskatchewan	0.014418143290367096	3.1275368555490344	37	4187	14439	Far West	Western Canada	USA	Canada	NA	0.0046628837585152225	0.0030428533209911537	3.2059578634813315	56	0.0036013748180842944	0.0033497164189919054	3.2291594628592772	58
2022-04-01	Saskatchewan	Alaska	0.014418143290367096	3.1275368555490344	37	14439	4187	Western Canada	Far West	Canada	USA	NA	0.0036013748180842944	0.0033497164189919054	3.2291594628592772	58	0.0046628837585152225	0.003042853320991154	3.205957863481331	56
2022-04-01	Michigan	Minnesota	0.20967926921715135	2.500086411832927	2708	75009	73794	Great Lakes	Plains	USA	USA	2	0.0625148238738261	0.04763369859829358	3.089502803139398	57	0.05579108147194765	0.04366621847583423	3.5241931432731812	54
2022-04-01	Minnesota	Michigan	0.20967926921715135	2.500086411832927	2708	73794	75009	Plains	Great Lakes	USA	USA	2	0.055791081471947654	0.04366621847583423	3.524193143273181	54	0.0625148238738261	0.04763369859829359	3.0895028031393976	57
2022-10-01	Idaho	Indiana	0.28418541505846745	23.01676267702704	205	1752	6738	Rocky Mountain	Great Lakes	USA	USA	5	0.011559253482099189	0.03824383441844436	7.128630424277887	54	0.03537798604476591	0.04004075415257103	6.213854715764027	56
2022-10-01	Indiana	Idaho	0.28418541505846745	23.01676267702704	205	6738	1752	Great Lakes	Rocky Mountain	USA	USA	5	0.03537798604476591	0.04004075415257104	6.213854715764025	56	0.011559253482099187	0.03824383441844436	7.128630424277887	54
2022-10-01	New Mexico	Kansas	0.08984466327515583	4.325215185327359	218	16148	4137	Southwest	Plains	USA	USA	2	0.016875326894456612	0.015328031148550064	4.76051592494328	56	0.019491943023227022	0.016773300107861325	4.194327878206617	53
2022-10-01	Kansas	New Mexico	0.08984466327515583	4.325215185327359	218	4137	16148	Plains	Southwest	USA	USA	2	0.019491943023227022	0.016773300107861325	4.194327878206617	53	0.016875326894456612	0.015328031148550064	4.76051592494328	56
2022-10-01	Prince Edward Island	Manitoba	0.020386601079720255	7.118404320980003	13	646	3747	Eastern Canada	Western Canada	Canada	Canada	NA	0.0014572625465564203	0.0030936868966121274	6.118698874761117	56	0.004214821954995479	0.004732793697680504	3.41696261399486	58
2022-10-01	Manitoba	Prince Edward Island	0.020386601079720255	7.118404320980003	13	3747	646	Western Canada	Eastern Canada	Canada	Canada	NA	0.004214821954995479	0.004732793697680504	3.41696261399486	58	0.0014572625465564203	0.003093686896612128	6.118698874761116	56
2023-01-01	North Dakota	Manitoba	0.025831395459900743	8.814670587935916	21	695	1979	Plains	Western Canada	USA	Canada	NA	0.0014101267594604932	0.0037333064770362517	6.541458316014678	54	0.0019685640064075337	0.0042449466299263475	5.621467955630633	58
2023-01-01	Manitoba	North Dakota	0.025831395459900743	8.814670587935916	21	1979	695	Western Canada	Plains	Canada	USA	NA	0.0019685640064075337	0.004244946629926348	5.6214679556306315	58	0.0014101267594604932	0.0037333064770362517	6.541458316014678	54
2023-01-01	Michigan	Saskatchewan	0.10693670370227484	5.672646313143149	309	12529	2510	Great Lakes	Western Canada	USA	Canada	NA	0.025740400919634986	0.024628278165974175	3.296872896896977	57	0.006180254526990897	0.014031219380086214	7.180876190866376	58
2023-01-01	Saskatchewan	Michigan	0.10693670370227484	5.672646313143149	309	2510	12529	Western Canada	Great Lakes	Canada	USA	NA	0.006180254526990897	0.014031219380086214	7.180876190866376	58	0.025740400919634986	0.02462827816597418	3.2968728968969767	57
2023-01-01	Florida	Texas	0.20431356277048932	1.7529562373119811	908	10369	28840	Southeast	Southwest	USA	USA	4	0.049387993721630566	0.04813258140660663	3.2187255393618637	50	0.04622629717134245	0.04636033921318588	3.409967836348002	56
2023-01-01	Texas	Florida	0.20431356277048932	1.7529562373119811	908	28840	10369	Southwest	Southeast	USA	USA	4	0.04622629717134245	0.04636033921318588	3.409967836348002	56	0.049387993721630566	0.04813258140660664	3.2187255393618632	50
2023-01-01	Idaho	Iowa	0.03895565825304455	6.40632706003038	9	554	1464	Rocky Mountain	Plains	USA	USA	3	0.00569319451538336	0.007635293923133028	4.356409075082788	54	0.010132134848228164	0.009093004612410489	3.1698568991680607	53
2023-01-01	Iowa	Idaho	0.03895565825304455	6.40632706003038	9	1464	554	Plains	Rocky Mountain	USA	USA	3	0.010132134848228164	0.009093004612410489	3.1698568991680607	53	0.00569319451538336	0.007635293923133028	4.356409075082788	54
2023-04-01	Indiana	Kansas	1.0076168867811643	52.51056338028169	4	213	44	Great Lakes	Plains	USA	USA	3	0.0487231366568845	0.1406352059282663	6.818305159046605	56	0.05558426451379634	0.18591573865748795	5.120774761416488	53
2023-04-01	Kansas	Indiana	1.0076168867811643	52.51056338028169	4	44	213	Plains	Great Lakes	USA	USA	3	0.05558426451379634	0.18591573865748798	5.120774761416487	53	0.04872313665688449	0.1406352059282663	6.818305159046605	56
2023-04-01	South Carolina	Oklahoma	0.31217221935341666	29.37170550038197	5	308	68	Southeast	Southwest	USA	USA	4	0.02696490864229155	0.05309855787165363	5.371281672103216	50	0.022196757177986068	0.05841738501084992	4.963855573500477	54
2023-04-01	Oklahoma	South Carolina	0.31217221935341666	29.37170550038197	5	68	308	Southwest	Southeast	USA	USA	4	0.022196757177986068	0.05841738501084993	4.963855573500476	54	0.026964908642291546	0.05309855787165363	5.371281672103216	50
2023-04-01	Idaho	Alberta	0.20811689809386824	15.261433300037211	19	31	4941	Rocky Mountain	Western Canada	USA	Canada	NA	0.013471829318680718	0.039923462330489094	4.875455619652991	54	0.009610179769254858	0.0281575638293365	7.049854153852449	58
2023-04-01	Alberta	Idaho	0.20811689809386824	15.261433300037211	19	4941	31	Western Canada	Rocky Mountain	Canada	USA	NA	0.009610179769254858	0.0281575638293365	7.049854153852449	58	0.013471829318680717	0.0399234623304891	4.87545561965299	54
2023-04-01	North Dakota	Manitoba	0.07285878598916411	17.424038461538462	19	129	1040	Plains	Western Canada	USA	Canada	NA	0.00391699506804814	0.012038502061009414	5.726774857181465	54	0.003416102634781742	0.015017782805021857	4.6240303416268045	58
2023-04-01	Manitoba	North Dakota	0.07285878598916411	17.424038461538462	19	1040	129	Western Canada	Plains	Canada	USA	NA	0.0034161026347817426	0.01501778280502186	4.624030341626803	58	0.00391699506804814	0.012038502061009412	5.726774857181466	54
2023-04-01	Massachusetts	Kansas	0.8393083083676436	48.62927371541502	16	920	44	New England	Plains	USA	USA	6	0.03525447458312917	0.11513362518337053	6.983657749887728	55	0.05558426451379634	0.18591573865748795	4.215479816357559	53
2023-04-01	Kansas	Massachusetts	0.8393083083676436	48.62927371541502	16	44	920	Plains	New England	USA	USA	6	0.05558426451379634	0.18591573865748798	4.215479816357558	53	0.03525447458312917	0.11513362518337052	6.983657749887729	55
2023-04-01	Alabama	Oklahoma	0.2657860260748971	69.58880090497738	1	26	68	Southeast	Southwest	USA	USA	3	0.0076765832628501824	0.038225679898981374	6.75225250392276	50	0.022196757177986068	0.05841738501084992	4.169807820936677	54
2023-04-01	Oklahoma	Alabama	0.2657860260748971	69.58880090497738	1	68	26	Southwest	Southeast	USA	USA	3	0.022196757177986068	0.05841738501084993	4.1698078209366765	54	0.007676583262850181	0.038225679898981374	6.75225250392276	50
2023-04-01	Missouri	Ohio	0.3252211049585523	19.288069607023413	6	104	368	Plains	Great Lakes	USA	USA	2	0.04689703620500109	0.07376593426636807	3.7730704765227494	50	0.01972376189773952	0.04632080525633262	6.59525112679356	54
2023-04-01	Ohio	Missouri	0.3252211049585523	19.288069607023413	6	368	104	Great Lakes	Plains	USA	USA	2	0.01972376189773952	0.04632080525633262	6.59525112679356	54	0.04689703620500109	0.07376593426636807	3.7730704765227494	50
2023-04-01	California	Utah	0.13769850644328063	1.5470458604889612	929	18591	3974	Far West	Rocky Mountain	USA	USA	2	0.025983955736536876	0.031389517923196504	3.558976311139457	55	0.01834742787644595	0.0295080219372948	4.0446993980300805	54
2023-04-01	Utah	California	0.13769850644328063	1.5470458604889612	929	3974	18591	Rocky Mountain	Far West	USA	USA	2	0.01834742787644595	0.029508021937294796	4.044699398030081	54	0.025983955736536876	0.031389517923196504	3.558976311139457	55
2023-04-01	Pennsylvania	North Carolina	0.25531064418532534	5.437057108743856	57	777	1660	Mideast	Southeast	USA	USA	3	0.03900072337498526	0.06102095029465727	3.5448468069708063	54	0.037091001353946176	0.05076286101418199	4.298805041158212	50
2023-04-01	North Carolina	Pennsylvania	0.25531064418532534	5.437057108743856	57	1660	777	Southeast	Mideast	USA	USA	3	0.037091001353946176	0.05076286101418199	4.298805041158212	50	0.03900072337498526	0.06102095029465728	3.5448468069708055	54
2023-04-01	Utah	Nebraska	0.11777860336916328	5.992111164968609	42	3974	217	Rocky Mountain	Plains	USA	USA	2	0.01834742787644595	0.029508021937294796	3.369632017490389	54	0.014633096633724883	0.025982167606719325	3.9698576460866044	53
2023-04-01	Nebraska	Utah	0.11777860336916328	5.992111164968609	42	217	3974	Plains	Rocky Mountain	USA	USA	2	0.014633096633724882	0.02598216760671932	3.969857646086605	53	0.01834742787644595	0.0295080219372948	3.3696320174903884	54
2023-04-01	Virginia	New Jersey	0.1562091450523349	3.501195678117025	62	1240	1757	Southeast	Mideast	USA	USA	3	0.03263447119824862	0.03776071864406853	3.2725720879122475	48	0.032180942049437965	0.0382279076544115	3.2444413155995493	56
2023-04-01	New Jersey	Virginia	0.1562091450523349	3.501195678117025	62	1757	1240	Mideast	Southeast	USA	USA	3	0.032180942049437965	0.0382279076544115	3.2444413155995493	56	0.03263447119824862	0.03776071864406853	3.2725720879122475	48
2023-04-01	Idaho	Maryland	0.15080682781707208	12.155559946648223	2	31	653	Rocky Mountain	Mideast	USA	USA	6	0.013471829318680718	0.039923462330489094	3.43995711998932	54	0.03005632877465191	0.038485491975505506	3.1375589304996567	54
2023-04-01	Maryland	Idaho	0.15080682781707208	12.155559946648223	2	653	31	Mideast	Rocky Mountain	USA	USA	6	0.030056328774651905	0.03848549197550552	3.1375589304996554	54	0.013471829318680717	0.0399234623304891	3.4399571199893195	54
2023-04-01	Virginia	New York	0.1482688012780859	3.079447466147849	141	1240	4543	Southeast	Mideast	USA	USA	3	0.03263447119824862	0.03776071864406853	3.06229156202781	48	0.02472031567672245	0.03202676294314244	3.8576638488473156	53
2023-04-01	New York	Virginia	0.1482688012780859	3.079447466147849	141	4543	1240	Mideast	Southeast	USA	USA	3	0.02472031567672245	0.03202676294314244	3.8576638488473156	53	0.03263447119824862	0.03776071864406853	3.06229156202781	48
2023-07-01	Alaska	Nova Scotia	0.1153917995999607	8.77740006598629	9	137	1969	Far West	Eastern Canada	USA	Canada	NA	0.013216648403470187	0.022260434992918302	4.589988975013086	56	0.013031108703536253	0.019253047378697236	5.316596842206011	56
2023-07-01	Nova Scotia	Alaska	0.1153917995999607	8.77740006598629	9	1969	137	Eastern Canada	Far West	Canada	USA	NA	0.013031108703536251	0.019253047378697243	5.316596842206009	56	0.013216648403470189	0.022260434992918306	4.589988975013085	56
2023-10-01	Ohio	Alabama	0.5909790863060757	6.913644748712303	10	3287	173	Great Lakes	Southeast	USA	USA	3	0.100988200073784	0.11617248243240264	4.217787861401714	54	0.08119378763853005	0.11628090888406817	4.384084228098015	50
2023-10-01	Alabama	Ohio	0.5909790863060757	6.913644748712303	10	173	3287	Southeast	Great Lakes	USA	USA	3	0.08119378763853004	0.11628090888406817	4.384084228098015	50	0.10098820007378402	0.11617248243240265	4.217787861401713	54
2023-10-01	Minnesota	Kentucky	0.28246245888163823	5.1488656541946405	113	20019	431	Plains	Southeast	USA	USA	3	0.05362541184884899	0.054631461222039275	4.188741101079544	54	0.05060012782601688	0.05920095444774264	3.9165302860157243	46
2023-10-01	Kentucky	Minnesota	0.28246245888163823	5.1488656541946405	113	431	20019	Southeast	Plains	USA	USA	3	0.05060012782601688	0.05920095444774264	3.9165302860157243	46	0.05362541184884899	0.054631461222039275	4.188741101079544	54
2023-10-01	Indiana	Alaska	0.2521628647334297	10.536717409948542	1	424	88	Great Lakes	Far West	USA	USA	NA	0.05008930482601221	0.05754840358342737	3.5113669072413694	56	0.03322758643980412	0.059643948408533806	3.670703971407441	56
2023-10-01	Alaska	Indiana	0.2521628647334297	10.536717409948542	1	88	424	Far West	Great Lakes	USA	USA	NA	0.03322758643980413	0.059643948408533806	3.670703971407441	56	0.05008930482601221	0.057548403583427374	3.511366907241369	56
2023-10-01	District of Columbia	North Carolina	0.16998158353592957	5.240537338191297	9	372	1815	Mideast	Southeast	USA	USA	2	0.027088737190879463	0.03670407015393219	3.893106288914982	55	0.0435624845430152	0.03878611143132537	3.259390908953372	50
2023-10-01	North Carolina	District of Columbia	0.16998158353592957	5.240537338191297	9	1815	372	Southeast	Mideast	USA	USA	2	0.0435624845430152	0.03878611143132537	3.259390908953372	50	0.027088737190879467	0.03670407015393219	3.893106288914982	55
2024-01-01	Delaware	Arkansas	0.673496011012988	12.314177481242517	19	2965	138	Mideast	Southeast	USA	USA	4	0.07139984933508833	0.10504546792591116	5.731767143943417	56	0.057520340972213806	0.12222109744335892	5.03984731708236	47
2024-01-01	Arkansas	Delaware	0.673496011012988	12.314177481242517	19	138	2965	Southeast	Mideast	USA	USA	4	0.057520340972213806	0.12222109744335893	5.0398473170823594	47	0.07139984933508833	0.10504546792591116	5.731767143943417	56
2024-01-01	Vermont	Georgia	0.3127326789187489	15.153660317460318	18	210	1500	New England	Southeast	USA	USA	6	0.01740430869010741	0.04755888499075341	6.209741256256542	55	0.04443658294697443	0.05713591066127634	4.695752511276786	50
2024-01-01	Georgia	Vermont	0.3127326789187489	15.153660317460318	18	1500	210	Southeast	New England	USA	USA	6	0.04443658294697443	0.05713591066127634	4.695752511276786	50	0.01740430869010741	0.04755888499075341	6.209741256256542	55
2024-01-01	Alaska	Oklahoma	0.1223636805111531	35.12450331125828	1	50	151	Far West	Southwest	USA	USA	NA	0.008043526916356762	0.02012782430853509	5.679707445892179	56	0.008652369525870092	0.02574132387054031	4.417461648715746	54
2024-01-01	Oklahoma	Alaska	0.1223636805111531	35.12450331125828	1	151	50	Southwest	Far West	USA	USA	NA	0.008652369525870092	0.025741323870540313	4.417461648715746	54	0.008043526916356762	0.02012782430853509	5.679707445892179	56
2024-01-01	Prince Edward Island	Oklahoma	0.10785100443580578	60.55937428636675	2	58	151	Eastern Canada	Southwest	Canada	USA	NA	0.0036626359459962197	0.015239432881245933	6.836761531856388	56	0.008652369525870092	0.02574132387054031	3.8536726164058597	54
2024-01-01	Oklahoma	Prince Edward Island	0.10785100443580578	60.55937428636675	2	151	58	Southwest	Eastern Canada	USA	Canada	NA	0.008652369525870092	0.025741323870540313	3.8536726164058592	54	0.0036626359459962197	0.015239432881245933	6.836761531856388	56
2024-01-01	Massachusetts	Mississippi	0.19742398146282145	5.800448393711552	4	1045	175	New England	Southeast	USA	USA	6	0.03715579079873135	0.042711124239609315	3.752375839254099	55	0.04610838104247637	0.049874971661342964	3.0338984741243795	50
2024-01-01	Mississippi	Massachusetts	0.19742398146282145	5.800448393711552	4	175	1045	Southeast	New England	USA	USA	6	0.04610838104247637	0.04987497166134297	3.033898474124379	50	0.03715579079873135	0.04271112423960931	3.7523758392541	55
2024-01-01	Kansas	Wisconsin	0.5334027613182151	3.9969418821969014	10	291	2280	Plains	Great Lakes	USA	USA	3	0.09999394647303111	0.1440535170307424	3.0086652778681575	53	0.09403539538484666	0.10727113149477782	4.095858408604161	55
2024-01-01	Wisconsin	Kansas	0.5334027613182151	3.9969418821969014	10	2280	291	Great Lakes	Plains	USA	USA	3	0.09403539538484666	0.10727113149477782	4.095858408604161	55	0.09999394647303111	0.1440535170307424	3.0086652778681575	53
2024-04-01	Pennsylvania	Oregon	0.866538947503648	25.411848143512724	13	170	282	Mideast	Far West	USA	USA	7	0.05586526314682266	0.14355770673794366	5.6470230876330705	54	0.05644333696534452	0.13304976877477573	6.08866605329934	55
2024-04-01	Oregon	Pennsylvania	0.866538947503648	25.411848143512724	13	282	170	Far West	Mideast	USA	USA	7	0.05644333696534452	0.13304976877477573	6.08866605329934	55	0.055865263146822663	0.14355770673794366	5.6470230876330705	54
2024-04-01	Georgia	Arizona	0.4923930853597569	28.94459630590561	40	228	568	Southeast	Southwest	USA	USA	5	0.0317105713835239	0.0784029101437735	5.875834368028479	50	0.06094592265273707	0.08660186073171994	4.981961808460223	54
2024-04-01	Arizona	Georgia	0.4923930853597569	28.94459630590561	40	568	228	Southwest	Southeast	USA	USA	5	0.060945922652737065	0.08660186073171994	4.981961808460223	54	0.0317105713835239	0.0784029101437735	5.875834368028479	50
2024-04-01	British Columbia	Kansas	0.23477333711510356	1.408762033708933	31	19454	106	Western Canada	Plains	Canada	USA	NA	0.018710493370715377	0.03670587507520403	5.886328640897746	58	0.01647070582833237	0.0492984439006383	4.428185030074442	53
2024-04-01	Kansas	British Columbia	0.23477333711510356	1.408762033708933	31	106	19454	Plains	Western Canada	USA	Canada	NA	0.01647070582833237	0.0492984439006383	4.428185030074442	53	0.018710493370715377	0.03670587507520403	5.886328640897746	58
2024-04-01	Saskatchewan	North Dakota	0.07932590067627933	6.695352409530954	2	651	43	Western Canada	Plains	Canada	USA	NA	0.009290571113671887	0.01652560796257139	4.2379880801498775	58	0.0028857915249616	0.013216357603445014	5.783750065251914	54
2024-04-01	North Dakota	Saskatchewan	0.07932590067627933	6.695352409530954	2	43	651	Plains	Western Canada	USA	Canada	NA	0.0028857915249616006	0.013216357603445014	5.783750065251914	54	0.009290571113671887	0.01652560796257139	4.2379880801498775	58
2024-04-01	Vermont	Wisconsin	0.14962759511857252	27.10923397361722	5	58	298	New England	Great Lakes	USA	USA	5	0.008098806248628219	0.027124408841097857	5.217764917903219	55	0.021314293052303403	0.030427380773367492	4.217034092483547	55
2024-04-01	Wisconsin	Vermont	0.14962759511857252	27.10923397361722	5	298	58	Great Lakes	New England	USA	USA	5	0.021314293052303403	0.030427380773367492	4.217034092483547	55	0.00809880624862822	0.027124408841097854	5.217764917903219	55
2024-04-01	Mexico	Missouri	0.19449967598756887	26.928591954022988	2	145	48	Mexico	Plains	Mexico	USA	NA	0.01205032077408995	0.03138589981727554	5.813099394176186	61	0.01941575210750436	0.048665973853969806	3.5976660901810447	50
2024-04-01	Missouri	Mexico	0.19449967598756887	26.928591954022988	2	48	145	Plains	Mexico	USA	Mexico	NA	0.01941575210750436	0.04866597385396981	3.597666090181044	50	0.012050320774089948	0.03138589981727555	5.813099394176185	61
2024-04-01	Minnesota	Massachusetts	0.19555470503841807	9.68940242522417	18	667	261	Plains	New England	USA	USA	6	0.021476975633865768	0.034235822298029184	5.0846662273560534	54	0.027879068355409306	0.047398427699029556	3.5375780341853362	55
2024-04-01	Massachusetts	Minnesota	0.19555470503841807	9.68940242522417	18	261	667	New England	Plains	USA	USA	6	0.027879068355409306	0.047398427699029556	3.5375780341853362	55	0.021476975633865768	0.03423582229802919	5.084666227356053	54
2024-04-01	District of Columbia	Utah	0.23354452850514987	14.322354679301034	6	54	727	Mideast	Rocky Mountain	USA	USA	6	0.029531130581924525	0.061920464096956715	3.2947653235249614	55	0.026096522428697543	0.042001804182293094	4.939026075549088	54
2024-04-01	Utah	District of Columbia	0.23354452850514987	14.322354679301034	6	727	54	Rocky Mountain	Mideast	USA	USA	6	0.026096522428697543	0.042001804182293094	4.939026075549088	54	0.02953113058192453	0.06192046409695672	3.294765323524961	55
2024-04-01	District of Columbia	South Carolina	0.2222240666065134	32.137174211248286	1	54	54	Mideast	Southeast	USA	USA	3	0.029531130581924525	0.061920464096956715	3.1119426967289057	55	0.011754041476416526	0.0385503169713643	5.459618536637113	50
2024-04-01	South Carolina	District of Columbia	0.2222240666065134	32.137174211248286	1	54	54	Southeast	Mideast	USA	USA	3	0.011754041476416528	0.0385503169713643	5.459618536637113	50	0.02953113058192453	0.06192046409695672	3.1119426967289052	55
2024-07-01	Montana	Mexico	0.1547554077452837	72.32102564102564	3	21	325	Rocky Mountain	Mexico	USA	Mexico	NA	0.006354835663936089	0.024347820790537107	6.0950248220581695	55	0.009712697020967477	0.022844974765175004	6.34899850909094	61
2024-07-01	Mexico	Montana	0.1547554077452837	72.32102564102564	3	325	21	Mexico	Rocky Mountain	Mexico	USA	NA	0.009712697020967479	0.022844974765175004	6.34899850909094	61	0.00635483566393609	0.024347820790537104	6.0950248220581695	55
2024-07-01	Nevada	Mississippi	0.1376644055045042	9.58197637850304	5	698	123	Far West	Southeast	USA	USA	5	0.017331574111045366	0.024996442648460324	4.813998259103114	53	0.018686318726097682	0.032423275503239216	3.669527058317107	50
2024-07-01	Mississippi	Nevada	0.1376644055045042	9.58197637850304	5	123	698	Southeast	Far West	USA	USA	5	0.018686318726097682	0.03242327550323922	3.6695270583171062	50	0.017331574111045366	0.024996442648460328	4.813998259103114	53
2024-07-01	Idaho	Kentucky	1.2309686161217447e-6	0.041666666666666664	0	3	8	Rocky Mountain	Southeast	USA	USA	4	8.897985806404287e-8	2.4991798719406955e-7	4.56945404722274	54	1.4637375117823906e-7	3.328314245630113e-7	3.2586912920482707	46
2024-07-01	Kentucky	Idaho	1.2309686161217447e-6	0.041666666666666664	0	8	3	Southeast	Rocky Mountain	USA	USA	4	1.4637375117823906e-7	3.328314245630113e-7	3.2586912920482707	46	8.897985806404287e-8	2.4991798719406955e-7	4.56945404722274	54
2024-07-01	Florida	Texas	0.4992401961350826	2.098298691948731	728	2181	26173	Southeast	Southwest	USA	USA	4	0.0927263034832958	0.12575002241293395	3.2327142759218703	50	0.09086274221918932	0.1279861120867966	3.1907950578180158	56
2024-07-01	Texas	Florida	0.4992401961350826	2.098298691948731	728	26173	2181	Southwest	Southeast	USA	USA	4	0.09086274221918932	0.12798611208679664	3.1907950578180153	56	0.0927263034832958	0.12575002241293393	3.232714275921871	50
2024-07-01	New Jersey	Ohio	0.6692607293295005	1.7051845196541862	81	4376	1786	Mideast	Great Lakes	USA	USA	2	0.09698344353151292	0.13123794333826594	4.360608458507631	56	0.1471761231631931	0.1706179200191095	3.059963490985197	54
2024-07-01	Ohio	New Jersey	0.6692607293295005	1.7051845196541862	81	1786	4376	Great Lakes	Mideast	USA	USA	2	0.14717612316319312	0.17061792001910953	3.0599634909851963	54	0.09698344353151292	0.13123794333826597	4.36060845850763	56
2024-07-01	Georgia	Pennsylvania	0.3692432173190041	2.766791808204128	24	901	1584	Southeast	Mideast	USA	USA	4	0.08038754562354761	0.09524918937865237	3.0326312862059486	50	0.06740635289556134	0.09457339990664529	3.191561947877417	54
2024-07-01	Pennsylvania	Georgia	0.3692432173190041	2.766791808204128	24	1584	901	Mideast	Southeast	USA	USA	4	0.06740635289556134	0.09457339990664528	3.1915619478774175	54	0.08038754562354761	0.09524918937865237	3.0326312862059486	50
2024-07-01	West Virginia	New Brunswick	0.06665709110348489	4.3802963140449664	2	51	1473	Southeast	Eastern Canada	USA	Canada	NA	0.009373000707596108	0.019026928717759357	3.0106850793223896	47	0.009314356095701765	0.01358900425778414	4.219789317891758	56
2024-07-01	New Brunswick	West Virginia	0.06665709110348489	4.3802963140449664	2	1473	51	Eastern Canada	Southeast	Canada	USA	NA	0.009314356095701764	0.01358900425778414	4.219789317891758	56	0.009373000707596108	0.019026928717759357	3.0106850793223896	47
2024-10-01	Alaska	Wyoming	5.673436968115285e-6	1	0	1	1	Far West	Rocky Mountain	USA	USA	NA	3.5538724714894585e-7	1.0739084851824007e-6	4.952051123856314	56	3.469407696698309e-7	1.0741383021438832e-6	4.958855100701881	55
2024-10-01	Wyoming	Alaska	5.673436968115285e-6	1	0	1	1	Rocky Mountain	Far West	USA	USA	NA	3.469407696698309e-7	1.074138302143883e-6	4.958855100701882	55	3.5538724714894585e-7	1.0739084851824007e-6	4.952051123856314	56
2024-10-01	North Dakota	Manitoba	0.14773216696253172	36.58733783082511	2	47	205	Plains	Western Canada	USA	Canada	NA	0.007864469325844175	0.03012597192671122	4.642761334869125	54	0.0042120441953744855	0.021862993588344776	6.564522931739239	58
2024-10-01	Manitoba	North Dakota	0.14773216696253172	36.58733783082511	2	205	47	Western Canada	Plains	Canada	USA	NA	0.0042120441953744855	0.021862993588344776	6.564522931739239	58	0.007864469325844173	0.03012597192671122	4.642761334869125	54
2024-10-01	North Carolina	Ohio	1.3265350001100893	3.2787458745874587	31	1111	1500	Southeast	Great Lakes	USA	USA	3	0.13064216628294734	0.26482389228517245	4.51580415765266	50	0.15021940170325634	0.28342370615517	4.150378295324453	54
2024-10-01	Ohio	North Carolina	1.3265350001100893	3.2787458745874587	31	1500	1111	Great Lakes	Southeast	USA	USA	3	0.15021940170325634	0.28342370615517	4.150378295324453	54	0.13064216628294734	0.2648238922851725	4.515804157652659	50
2024-10-01	Florida	New Jersey	1.380820313632539	5.669901657801317	56	410	4246	Southeast	Mideast	USA	USA	6	0.1678361548193645	0.30282724155621427	4.005531842444916	50	0.14065781989949683	0.2624842531006441	4.724711974464722	56
2024-10-01	New Jersey	Florida	1.380820313632539	5.669901657801317	56	4246	410	Mideast	Southeast	USA	USA	6	0.14065781989949683	0.2624842531006441	4.724711974464722	56	0.1678361548193645	0.30282724155621427	4.005531842444916	50
2024-10-01	Alberta	Ohio	1.260166005421965	2.672522323914977	912	40099	1500	Western Canada	Great Lakes	Canada	USA	NA	0.09164339303241927	0.21719361263845802	5.380096579242763	58	0.15021940170325634	0.28342370615517	3.9162094758263817	54
2024-10-01	Ohio	Alberta	1.260166005421965	2.672522323914977	912	1500	40099	Great Lakes	Western Canada	USA	Canada	NA	0.15021940170325634	0.28342370615517	3.9162094758263817	54	0.09164339303241927	0.217193612638458	5.380096579242764	58
2024-10-01	North Dakota	Wisconsin	0.13688042091371286	23.36570115552021	6	47	963	Plains	Great Lakes	USA	USA	2	0.007864469325844175	0.03012597192671122	4.282549021214369	54	0.025193454833890554	0.03241857575777958	3.4451533871909983	55
2024-10-01	Wisconsin	North Dakota	0.13688042091371286	23.36570115552021	6	963	47	Great Lakes	Plains	USA	USA	2	0.025193454833890554	0.03241857575777958	3.4451533871909983	55	0.007864469325844173	0.03012597192671122	4.282549021214369	54
2024-10-01	Vermont	Nevada	0.0575286070803304	39.91383605072464	2	46	192	New England	Far West	USA	USA	9	0.005038018776993332	0.015970658945301062	3.286688951477548	55	0.003631852949749523	0.009880447571493053	5.454889947099475	53
2024-10-01	Nevada	Vermont	0.0575286070803304	39.91383605072464	2	192	46	Far West	New England	USA	USA	9	0.0036318529497495226	0.009880447571493053	5.454889947099475	53	0.005038018776993331	0.015970658945301062	3.286688951477548	55
