x	y	RR	N_pairs	N_x	N_y	N_total	nRR_fixed	season_date	season	season_label
0-4	0-4	5.401554955022852	66	862	862	60812	4.474284081636858	2023-10-15	Sep-Nov	Sep-Nov 2023
0-4	12-17	1.9300277787521778	38	862	1389	60812	1.5987049357995988	2023-10-15	Sep-Nov	Sep-Nov 2023
0-4	18-24	1.3622980505107076	84	862	4350	60812	1.1284358916272836	2023-10-15	Sep-Nov	Sep-Nov 2023
0-4	25-64	1.076526140668132	460	862	30145	60812	0.8917217013923736	2023-10-15	Sep-Nov	Sep-Nov 2023
0-4	5-11	3.5709275013606026	41	862	810	60812	2.9579156759591703	2023-10-15	Sep-Nov	Sep-Nov 2023
0-4	65+	0.5247991786367333	173	862	23256	60812	0.4347082702263278	2023-10-15	Sep-Nov	Sep-Nov 2023
12-17	0-4	1.9300277787521778	38	1389	862	60812	1.5987049357995988	2023-10-15	Sep-Nov	Sep-Nov 2023
12-17	12-17	3.908467797738168	124	1389	1389	60812	3.237511308618384	2023-10-15	Sep-Nov	Sep-Nov 2023
12-17	18-24	1.5398884503032861	153	1389	4350	60812	1.275539809935951	2023-10-15	Sep-Nov	Sep-Nov 2023
12-17	25-64	1.0936207418881692	753	1389	30145	60812	0.9058817169356052	2023-10-15	Sep-Nov	Sep-Nov 2023
12-17	5-11	2.9187433894177355	54	1389	810	60812	2.417690312214797	2023-10-15	Sep-Nov	Sep-Nov 2023
12-17	65+	0.502647249520348	267	1389	23256	60812	0.41635910509734475	2023-10-15	Sep-Nov	Sep-Nov 2023
18-24	0-4	1.3622980505107076	84	4350	862	60812	1.1284358916272836	2023-10-15	Sep-Nov	Sep-Nov 2023
18-24	12-17	1.5398884503032861	153	4350	1389	60812	1.275539809935951	2023-10-15	Sep-Nov	Sep-Nov 2023
18-24	18-24	2.384595323028141	742	4350	4350	60812	1.975238053451476	2023-10-15	Sep-Nov	Sep-Nov 2023
18-24	25-64	1.1218133732934494	2419	4350	30145	60812	0.929234592721642	2023-10-15	Sep-Nov	Sep-Nov 2023
18-24	5-11	1.242646516248049	72	4350	810	60812	1.0293246246768253	2023-10-15	Sep-Nov	Sep-Nov 2023
18-24	65+	0.5289902791122498	880	4350	23256	60812	0.4381798953969107	2023-10-15	Sep-Nov	Sep-Nov 2023
25-64	0-4	1.076526140668132	460	30145	862	60812	0.8917217013923736	2023-10-15	Sep-Nov	Sep-Nov 2023
25-64	12-17	1.0936207418881692	753	30145	1389	60812	0.9058817169356052	2023-10-15	Sep-Nov	Sep-Nov 2023
25-64	18-24	1.1218133732934494	2419	30145	4350	60812	0.929234592721642	2023-10-15	Sep-Nov	Sep-Nov 2023
25-64	25-64	1.207244523697468	18040	30145	30145	60812	1	2023-10-15	Sep-Nov	Sep-Nov 2023
25-64	5-11	1.1282028631163368	453	30145	810	60812	0.9345272154649766	2023-10-15	Sep-Nov	Sep-Nov 2023
25-64	65+	0.6956861367169106	8020	30145	23256	60812	0.5762595092054835	2023-10-15	Sep-Nov	Sep-Nov 2023
5-11	0-4	3.5709275013606026	41	810	862	60812	2.9579156759591703	2023-10-15	Sep-Nov	Sep-Nov 2023
5-11	12-17	2.9187433894177355	54	810	1389	60812	2.417690312214797	2023-10-15	Sep-Nov	Sep-Nov 2023
5-11	18-24	1.242646516248049	72	810	4350	60812	1.0293246246768253	2023-10-15	Sep-Nov	Sep-Nov 2023
5-11	25-64	1.1282028631163368	453	810	30145	60812	0.9345272154649766	2023-10-15	Sep-Nov	Sep-Nov 2023
5-11	5-11	2.5952400548696843	28	810	810	60812	2.1497219527003164	2023-10-15	Sep-Nov	Sep-Nov 2023
5-11	65+	0.5229790692538657	162	810	23256	60812	0.43320061428162066	2023-10-15	Sep-Nov	Sep-Nov 2023
65+	0-4	0.5247991786367333	173	23256	862	60812	0.4347082702263278	2023-10-15	Sep-Nov	Sep-Nov 2023
65+	12-17	0.502647249520348	267	23256	1389	60812	0.41635910509734475	2023-10-15	Sep-Nov	Sep-Nov 2023
65+	18-24	0.5289902791122498	880	23256	4350	60812	0.4381798953969107	2023-10-15	Sep-Nov	Sep-Nov 2023
65+	25-64	0.6956861367169106	8020	23256	30145	60812	0.5762595092054835	2023-10-15	Sep-Nov	Sep-Nov 2023
65+	5-11	0.5229790692538657	162	23256	810	60812	0.43320061428162066	2023-10-15	Sep-Nov	Sep-Nov 2023
65+	65+	1.54649410839629	13754	23256	23256	60812	1.2810114919053772	2023-10-15	Sep-Nov	Sep-Nov 2023
0-4	0-4	3.0670745968519735	86	1288	1288	59164	2.780135147726632	2024-01-15	Dec-Feb	Dec-Feb 2024
0-4	12-17	1.8097520199683212	55	1288	1396	59164	1.6404410915037253	2024-01-15	Dec-Feb	Dec-Feb 2024
0-4	18-24	1.122089257964413	95	1288	3889	59164	1.0171124589389697	2024-01-15	Dec-Feb	Dec-Feb 2024
0-4	25-64	0.942238661608526	726	1288	35393	59164	0.8540877432108936	2024-01-15	Dec-Feb	Dec-Feb 2024
0-4	5-11	3.6071495255877757	64	1288	815	59164	3.269683492369267	2024-01-15	Dec-Feb	Dec-Feb 2024
0-4	65+	0.734597681735688	262	1288	16383	59164	0.6658725668192331	2024-01-15	Dec-Feb	Dec-Feb 2024
12-17	0-4	1.8097520199683212	55	1396	1288	59164	1.6404410915037253	2024-01-15	Dec-Feb	Dec-Feb 2024
12-17	12-17	3.035895128118817	100	1396	1396	59164	2.7518726669244162	2024-01-15	Dec-Feb	Dec-Feb 2024
12-17	18-24	1.1987453039614342	110	1396	3889	59164	1.0865969664174664	2024-01-15	Dec-Feb	Dec-Feb 2024
12-17	25-64	0.97112603491034	811	1396	35393	59164	0.8802725650356721	2024-01-15	Dec-Feb	Dec-Feb 2024
12-17	5-11	3.016078365883242	58	1396	815	59164	2.733909857261485	2024-01-15	Dec-Feb	Dec-Feb 2024
12-17	65+	0.6777663424610073	262	1396	16383	59164	0.6143580702458254	2024-01-15	Dec-Feb	Dec-Feb 2024
18-24	0-4	1.122089257964413	95	3889	1288	59164	1.0171124589389697	2024-01-15	Dec-Feb	Dec-Feb 2024
18-24	12-17	1.1987453039614342	110	3889	1396	59164	1.0865969664174664	2024-01-15	Dec-Feb	Dec-Feb 2024
18-24	18-24	1.4708537989903812	376	3889	3889	59164	1.33324841460899	2024-01-15	Dec-Feb	Dec-Feb 2024
18-24	25-64	1.0788869340222595	2510	3889	35393	59164	0.977951918344903	2024-01-15	Dec-Feb	Dec-Feb 2024
18-24	5-11	0.7093258159319901	38	3889	815	59164	0.6429650045311802	2024-01-15	Dec-Feb	Dec-Feb 2024
18-24	65+	0.7057319119890582	760	3889	16383	59164	0.6397073274340683	2024-01-15	Dec-Feb	Dec-Feb 2024
25-64	0-4	0.942238661608526	726	35393	1288	59164	0.8540877432108936	2024-01-15	Dec-Feb	Dec-Feb 2024
25-64	12-17	0.97112603491034	811	35393	1396	59164	0.8802725650356721	2024-01-15	Dec-Feb	Dec-Feb 2024
25-64	18-24	1.0788869340222595	2510	35393	3889	59164	0.977951918344903	2024-01-15	Dec-Feb	Dec-Feb 2024
25-64	25-64	1.1032106116711546	23358	35393	35393	59164	1	2024-01-15	Dec-Feb	Dec-Feb 2024
25-64	5-11	0.9640075097169226	470	35393	815	59164	0.8738200118077493	2024-01-15	Dec-Feb	Dec-Feb 2024
25-64	65+	0.7670948082115236	7518	35393	16383	59164	0.6953294322010922	2024-01-15	Dec-Feb	Dec-Feb 2024
5-11	0-4	3.6071495255877757	64	815	1288	59164	3.269683492369267	2024-01-15	Dec-Feb	Dec-Feb 2024
5-11	12-17	3.016078365883242	58	815	1396	59164	2.733909857261485	2024-01-15	Dec-Feb	Dec-Feb 2024
5-11	18-24	0.7093258159319901	38	815	3889	59164	0.6429650045311802	2024-01-15	Dec-Feb	Dec-Feb 2024
5-11	25-64	0.9640075097169226	470	815	35393	59164	0.8738200118077493	2024-01-15	Dec-Feb	Dec-Feb 2024
5-11	5-11	3.3847461327110544	38	815	815	59164	3.068086997081914	2024-01-15	Dec-Feb	Dec-Feb 2024
5-11	65+	0.651364181560341	147	815	16383	59164	0.5904259573551853	2024-01-15	Dec-Feb	Dec-Feb 2024
65+	0-4	0.734597681735688	262	16383	1288	59164	0.6658725668192331	2024-01-15	Dec-Feb	Dec-Feb 2024
65+	12-17	0.6777663424610073	262	16383	1396	59164	0.6143580702458254	2024-01-15	Dec-Feb	Dec-Feb 2024
65+	18-24	0.7057319119890582	760	16383	3889	59164	0.6397073274340683	2024-01-15	Dec-Feb	Dec-Feb 2024
65+	25-64	0.7670948082115236	7518	16383	35393	59164	0.6953294322010922	2024-01-15	Dec-Feb	Dec-Feb 2024
65+	5-11	0.651364181560341	147	16383	815	59164	0.5904259573551853	2024-01-15	Dec-Feb	Dec-Feb 2024
65+	65+	1.6386764925443797	7434	16383	16383	59164	1.4853704951787003	2024-01-15	Dec-Feb	Dec-Feb 2024
0-4	0-4	5.0408328375966684	20	205	205	10592	4.194903596862477	2024-04-15	Mar-May	Mar-May 2024
0-4	12-17	2.8850563327968306	11	205	197	10592	2.4008995294060274	2024-04-15	Mar-May	Mar-May 2024
0-4	18-24	1.3935532840805587	13	205	482	10592	1.1596936205081898	2024-04-15	Mar-May	Mar-May 2024
0-4	25-64	1.1210586353693817	90	205	4148	10592	0.9329277627954221	2024-04-15	Mar-May	Mar-May 2024
0-4	5-11	4.255093256814921	7	205	85	10592	3.5410231965772616	2024-04-15	Mar-May	Mar-May 2024
0-4	65+	0.6039772803207484	64	205	5475	10592	0.5026206079963341	2024-04-15	Mar-May	Mar-May 2024
12-17	0-4	2.8850563327968306	11	197	205	10592	2.4008995294060274	2024-04-15	Mar-May	Mar-May 2024
12-17	12-17	2.7292895977737124	10	197	197	10592	2.2712728470557475	2024-04-15	Mar-May	Mar-May 2024
12-17	18-24	2.2309855298354995	20	197	482	10592	1.85659186193468	2024-04-15	Mar-May	Mar-May 2024
12-17	25-64	1.2313940055509596	95	197	4148	10592	1.024747161721677	2024-04-15	Mar-May	Mar-May 2024
12-17	5-11	1.8977008062108092	3	197	85	10592	1.579237438378928	2024-04-15	Mar-May	Mar-May 2024
12-17	65+	0.5695820874765315	58	197	5475	10592	0.47399745725409	2024-04-15	Mar-May	Mar-May 2024
18-24	0-4	1.3935532840805587	13	482	205	10592	1.1596936205081898	2024-04-15	Mar-May	Mar-May 2024
18-24	12-17	2.2309855298354995	20	482	197	10592	1.85659186193468	2024-04-15	Mar-May	Mar-May 2024
18-24	18-24	2.006030371377903	44	482	482	10592	1.6693876372065193	2024-04-15	Mar-May	Mar-May 2024
18-24	25-64	1.3456312495748588	254	482	4148	10592	1.11981364007766	2024-04-15	Mar-May	Mar-May 2024
18-24	5-11	1.2926775689528924	5	482	85	10592	1.0757464010985347	2024-04-15	Mar-May	Mar-May 2024
18-24	65+	0.5860031451903219	146	482	5475	10592	0.48766280904955006	2024-04-15	Mar-May	Mar-May 2024
25-64	0-4	1.1210586353693817	90	4148	205	10592	0.9329277627954221	2024-04-15	Mar-May	Mar-May 2024
25-64	12-17	1.2313940055509596	95	4148	197	10592	1.024747161721677	2024-04-15	Mar-May	Mar-May 2024
25-64	18-24	1.3456312495748588	254	4148	482	10592	1.11981364007766	2024-04-15	Mar-May	Mar-May 2024
25-64	25-64	1.2016564197963675	1952	4148	4148	10592	1	2024-04-15	Mar-May	Mar-May 2024
25-64	5-11	1.3218248340802088	44	4148	85	10592	1.1000023070689415	2024-04-15	Mar-May	Mar-May 2024
25-64	65+	0.7989369140874405	1713	4148	5475	10592	0.6648630181852049	2024-04-15	Mar-May	Mar-May 2024
5-11	0-4	4.255093256814921	7	85	205	10592	3.5410231965772616	2024-04-15	Mar-May	Mar-May 2024
5-11	12-17	1.8977008062108092	3	85	197	10592	1.579237438378928	2024-04-15	Mar-May	Mar-May 2024
5-11	18-24	1.2926775689528924	5	85	482	10592	1.0757464010985347	2024-04-15	Mar-May	Mar-May 2024
5-11	25-64	1.3218248340802088	44	85	4148	10592	1.1000023070689415	2024-04-15	Mar-May	Mar-May 2024
5-11	5-11	8.796262975778546	6	85	85	10592	7.320114827222543	2024-04-15	Mar-May	Mar-May 2024
5-11	65+	0.45520494225087293	20	85	5475	10592	0.3788145552686448	2024-04-15	Mar-May	Mar-May 2024
65+	0-4	0.6039772803207484	64	5475	205	10592	0.5026206079963341	2024-04-15	Mar-May	Mar-May 2024
65+	12-17	0.5695820874765315	58	5475	197	10592	0.47399745725409	2024-04-15	Mar-May	Mar-May 2024
65+	18-24	0.5860031451903219	146	5475	482	10592	0.48766280904955006	2024-04-15	Mar-May	Mar-May 2024
65+	25-64	0.7989369140874405	1713	5475	4148	10592	0.6648630181852049	2024-04-15	Mar-May	Mar-May 2024
65+	5-11	0.45520494225087293	20	5475	85	10592	0.3788145552686448	2024-04-15	Mar-May	Mar-May 2024
65+	65+	1.2275510185358938	3474	5475	5475	10592	1.0215490870043489	2024-04-15	Mar-May	Mar-May 2024
0-4	0-4	2.1664273887698506	498	11986	11986	624976	2.0932704258363057	2022-07-15	Jun-Aug	Jun-Aug 2022
0-4	12-17	1.1291546894679374	483	11986	22304	624976	1.0910248503642368	2022-07-15	Jun-Aug	Jun-Aug 2022
0-4	18-24	0.9203273438051073	1105	11986	62605	624976	0.8892492870345506	2022-07-15	Jun-Aug	Jun-Aug 2022
0-4	25-64	0.9768222977690499	7739	11986	413103	624976	0.9438364921976349	2022-07-15	Jun-Aug	Jun-Aug 2022
0-4	5-11	1.6832191559513554	671	11986	20786	624976	1.626379401229233	2022-07-15	Jun-Aug	Jun-Aug 2022
0-4	65+	0.8248240531582752	1490	11986	94192	624976	0.7969709974794233	2022-07-15	Jun-Aug	Jun-Aug 2022
12-17	0-4	1.1291546894679374	483	22304	11986	624976	1.0910248503642368	2022-07-15	Jun-Aug	Jun-Aug 2022
12-17	12-17	2.0804542031468385	1656	22304	22304	624976	2.010200424130975	2022-07-15	Jun-Aug	Jun-Aug 2022
12-17	18-24	1.0500248370399135	2346	22304	62605	624976	1.0145670928843389	2022-07-15	Jun-Aug	Jun-Aug 2022
12-17	25-64	0.9637295671240516	14208	22304	413103	624976	0.9311858831836037	2022-07-15	Jun-Aug	Jun-Aug 2022
12-17	5-11	1.4936519898028982	1108	22304	20786	624976	1.4432136304006598	2022-07-15	Jun-Aug	Jun-Aug 2022
12-17	65+	0.7446075151126037	2503	22304	94192	624976	0.7194632501049206	2022-07-15	Jun-Aug	Jun-Aug 2022
18-24	0-4	0.9203273438051073	1105	62605	11986	624976	0.8892492870345506	2022-07-15	Jun-Aug	Jun-Aug 2022
18-24	12-17	1.0500248370399135	2346	62605	22304	624976	1.0145670928843389	2022-07-15	Jun-Aug	Jun-Aug 2022
18-24	18-24	1.4121567566185318	8856	62605	62605	624976	1.3644703674804408	2022-07-15	Jun-Aug	Jun-Aug 2022
18-24	25-64	0.991027579351712	41010	62605	413103	624976	0.9575620829937096	2022-07-15	Jun-Aug	Jun-Aug 2022
18-24	5-11	0.8952190302011086	1864	62605	20786	624976	0.864988843050911	2022-07-15	Jun-Aug	Jun-Aug 2022
18-24	65+	0.7868252077125344	7424	62605	94192	624976	0.7602553153384863	2022-07-15	Jun-Aug	Jun-Aug 2022
25-64	0-4	0.9768222977690499	7739	413103	11986	624976	0.9438364921976349	2022-07-15	Jun-Aug	Jun-Aug 2022
25-64	12-17	0.9637295671240516	14208	413103	22304	624976	0.9311858831836037	2022-07-15	Jun-Aug	Jun-Aug 2022
25-64	18-24	0.991027579351712	41010	413103	62605	624976	0.9575620829937096	2022-07-15	Jun-Aug	Jun-Aug 2022
25-64	25-64	1.034948644012069	282600	413103	413103	624976	1	2022-07-15	Jun-Aug	Jun-Aug 2022
25-64	5-11	0.9684597759964279	13306	413103	20786	624976	0.9357563600857611	2022-07-15	Jun-Aug	Jun-Aug 2022
25-64	65+	0.8711855305316394	54240	413103	94192	624976	0.8417669181674682	2022-07-15	Jun-Aug	Jun-Aug 2022
5-11	0-4	1.6832191559513554	671	20786	11986	624976	1.626379401229233	2022-07-15	Jun-Aug	Jun-Aug 2022
5-11	12-17	1.4936519898028982	1108	20786	22304	624976	1.4432136304006598	2022-07-15	Jun-Aug	Jun-Aug 2022
5-11	18-24	0.8952190302011086	1864	20786	62605	624976	0.864988843050911	2022-07-15	Jun-Aug	Jun-Aug 2022
5-11	25-64	0.9684597759964279	13306	20786	413103	624976	0.9357563600857611	2022-07-15	Jun-Aug	Jun-Aug 2022
5-11	5-11	2.2652349432435654	1566	20786	20786	624976	2.188741399246811	2022-07-15	Jun-Aug	Jun-Aug 2022
5-11	65+	0.7249290995562846	2271	20786	94192	624976	0.7004493447578554	2022-07-15	Jun-Aug	Jun-Aug 2022
65+	0-4	0.8248240531582752	1490	94192	11986	624976	0.7969709974794233	2022-07-15	Jun-Aug	Jun-Aug 2022
65+	12-17	0.7446075151126037	2503	94192	22304	624976	0.7194632501049206	2022-07-15	Jun-Aug	Jun-Aug 2022
65+	18-24	0.7868252077125344	7424	94192	62605	624976	0.7602553153384863	2022-07-15	Jun-Aug	Jun-Aug 2022
65+	25-64	0.8711855305316394	54240	94192	413103	624976	0.8417669181674682	2022-07-15	Jun-Aug	Jun-Aug 2022
65+	5-11	0.7249290995562846	2271	94192	20786	624976	0.7004493447578554	2022-07-15	Jun-Aug	Jun-Aug 2022
65+	65+	1.8501041312854714	26264	94192	94192	624976	1.7876289243815817	2022-07-15	Jun-Aug	Jun-Aug 2022
0-4	0-4	2.0963001921409545	814	18804	18804	910604	2.011496204176371	2022-04-15	Mar-May	Mar-May 2022
0-4	12-17	1.057677357702007	871	18804	39879	910604	1.0148899466960635	2022-04-15	Mar-May	Mar-May 2022
0-4	18-24	0.8846619230939831	1690	18804	92510	910604	0.8488736999377534	2022-04-15	Mar-May	Mar-May 2022
0-4	25-64	0.9884289618909509	11822	18804	579195	910604	0.9484429340776167	2022-04-15	Mar-May	Mar-May 2022
0-4	5-11	1.467078454323237	1292	18804	42647	910604	1.4077290805789817	2022-04-15	Mar-May	Mar-May 2022
0-4	65+	0.8149101485718983	2315	18804	137569	910604	0.781943672353085	2022-04-15	Mar-May	Mar-May 2022
12-17	0-4	1.057677357702007	871	39879	18804	910604	1.0148899466960635	2022-04-15	Mar-May	Mar-May 2022
12-17	12-17	2.0315365770869858	3548	39879	39879	910604	1.9493525444380435	2022-04-15	Mar-May	Mar-May 2022
12-17	18-24	0.8922877178006763	3615	39879	92510	910604	0.8561909997995999	2022-04-15	Mar-May	Mar-May 2022
12-17	25-64	0.9681741550859536	24558	39879	579195	910604	0.9290075177391927	2022-04-15	Mar-May	Mar-May 2022
12-17	5-11	1.347659024282739	2517	39879	42647	910604	1.2931406589722276	2022-04-15	Mar-May	Mar-May 2022
12-17	65+	0.7917409228913436	4770	39879	137569	910604	0.7597117374017536	2022-04-15	Mar-May	Mar-May 2022
18-24	0-4	0.8846619230939831	1690	92510	18804	910604	0.8488736999377534	2022-04-15	Mar-May	Mar-May 2022
18-24	12-17	0.8922877178006763	3615	92510	39879	910604	0.8561909997995999	2022-04-15	Mar-May	Mar-May 2022
18-24	18-24	1.814376932679252	17052	92510	92510	910604	1.7409779032182064	2022-04-15	Mar-May	Mar-May 2022
18-24	25-64	0.9662733672428503	56857	92510	579195	910604	0.9271836246032377	2022-04-15	Mar-May	Mar-May 2022
18-24	5-11	0.8184480493758967	3546	92510	42647	910604	0.7853384504791736	2022-04-15	Mar-May	Mar-May 2022
18-24	65+	0.697629614380502	9750	92510	137569	910604	0.6694076194374785	2022-04-15	Mar-May	Mar-May 2022
25-64	0-4	0.9884289618909509	11822	579195	18804	910604	0.9484429340776167	2022-04-15	Mar-May	Mar-May 2022
25-64	12-17	0.9681741550859536	24558	579195	39879	910604	0.9290075177391927	2022-04-15	Mar-May	Mar-May 2022
25-64	18-24	0.9662733672428503	56857	579195	92510	910604	0.9271836246032377	2022-04-15	Mar-May	Mar-May 2022
25-64	25-64	1.0421596559757405	383932	579195	579195	910604	1	2022-04-15	Mar-May	Mar-May 2022
25-64	5-11	0.970991762973221	26339	579195	42647	910604	0.9317111417675372	2022-04-15	Mar-May	Mar-May 2022
25-64	65+	0.8649787947740044	75687	579195	137569	910604	0.8299868353320132	2022-04-15	Mar-May	Mar-May 2022
5-11	0-4	1.467078454323237	1292	42647	18804	910604	1.4077290805789817	2022-04-15	Mar-May	Mar-May 2022
5-11	12-17	1.347659024282739	2517	42647	39879	910604	1.2931406589722276	2022-04-15	Mar-May	Mar-May 2022
5-11	18-24	0.8184480493758967	3546	42647	92510	910604	0.7853384504791736	2022-04-15	Mar-May	Mar-May 2022
5-11	25-64	0.970991762973221	26339	42647	579195	910604	0.9317111417675372	2022-04-15	Mar-May	Mar-May 2022
5-11	5-11	2.0437397028328665	4082	42647	42647	910604	1.961062003421519	2022-04-15	Mar-May	Mar-May 2022
5-11	65+	0.7560292823708263	4871	42647	137569	910604	0.7254447800159569	2022-04-15	Mar-May	Mar-May 2022
65+	0-4	0.8149101485718983	2315	137569	18804	910604	0.781943672353085	2022-04-15	Mar-May	Mar-May 2022
65+	12-17	0.7917409228913436	4770	137569	39879	910604	0.7597117374017536	2022-04-15	Mar-May	Mar-May 2022
65+	18-24	0.697629614380502	9750	137569	92510	910604	0.6694076194374785	2022-04-15	Mar-May	Mar-May 2022
65+	25-64	0.8649787947740044	75687	137569	579195	910604	0.8299868353320132	2022-04-15	Mar-May	Mar-May 2022
65+	5-11	0.7560292823708263	4871	137569	42647	910604	0.7254447800159569	2022-04-15	Mar-May	Mar-May 2022
65+	65+	1.9331034162867091	40176	137569	137569	910604	1.854901410932864	2022-04-15	Mar-May	Mar-May 2022
0-4	0-4	4.048461991913465	168	3584	3584	309540	3.7649557024929026	2022-10-15	Sep-Nov	Sep-Nov 2022
0-4	12-17	1.391522917026303	180	3584	11172	309540	1.2940771463514633	2022-10-15	Sep-Nov	Sep-Nov 2022
0-4	18-24	0.9153053096827243	287	3584	27081	309540	0.8512081753750758	2022-10-15	Sep-Nov	Sep-Nov 2022
0-4	25-64	0.9859002940608701	2208	3584	193426	309540	0.9168595238458751	2022-10-15	Sep-Nov	Sep-Nov 2022
0-4	5-11	2.2929342199969382	192	3584	7232	309540	2.1323642865517884	2022-10-15	Sep-Nov	Sep-Nov 2022
0-4	65+	0.7072203179434389	549	3584	67045	309540	0.6576949899192502	2022-10-15	Sep-Nov	Sep-Nov 2022
12-17	0-4	1.391522917026303	180	11172	3584	309540	1.2940771463514633	2022-10-15	Sep-Nov	Sep-Nov 2022
12-17	12-17	2.802420936810852	1130	11172	11172	309540	2.6061725929269994	2022-10-15	Sep-Nov	Sep-Nov 2022
12-17	18-24	1.0261765557975924	1003	11172	27081	309540	0.9543153136257118	2022-10-15	Sep-Nov	Sep-Nov 2022
12-17	25-64	0.983500986132396	6866	11172	193426	309540	0.9146282350044859	2022-10-15	Sep-Nov	Sep-Nov 2022
12-17	5-11	2.0688128076393575	540	11172	7232	309540	1.9239376812898679	2022-10-15	Sep-Nov	Sep-Nov 2022
12-17	65+	0.6004613680414134	1453	11172	67045	309540	0.5584121713998621	2022-10-15	Sep-Nov	Sep-Nov 2022
18-24	0-4	0.9153053096827243	287	27081	3584	309540	0.8512081753750758	2022-10-15	Sep-Nov	Sep-Nov 2022
18-24	12-17	1.0261765557975924	1003	27081	11172	309540	0.9543153136257118	2022-10-15	Sep-Nov	Sep-Nov 2022
18-24	18-24	1.9170547404241876	4542	27081	27081	309540	1.7828069502363681	2022-10-15	Sep-Nov	Sep-Nov 2022
18-24	25-64	1.0097248618895687	17087	27081	193426	309540	0.9390157013486538	2022-10-15	Sep-Nov	Sep-Nov 2022
18-24	5-11	0.8092144463446762	512	27081	7232	309540	0.7525466585558962	2022-10-15	Sep-Nov	Sep-Nov 2022
18-24	65+	0.6222695513914556	3650	27081	67045	309540	0.5786931680916317	2022-10-15	Sep-Nov	Sep-Nov 2022
25-64	0-4	0.9859002940608701	2208	193426	3584	309540	0.9168595238458751	2022-10-15	Sep-Nov	Sep-Nov 2022
25-64	12-17	0.983500986132396	6866	193426	11172	309540	0.9146282350044859	2022-10-15	Sep-Nov	Sep-Nov 2022
25-64	18-24	1.0097248618895687	17087	193426	27081	309540	0.9390157013486538	2022-10-15	Sep-Nov	Sep-Nov 2022
25-64	25-64	1.0753013612438636	129970	193426	193426	309540	1	2022-10-15	Sep-Nov	Sep-Nov 2022
25-64	5-11	0.9355747429340932	4228	193426	7232	309540	0.8700581777854903	2022-10-15	Sep-Nov	Sep-Nov 2022
25-64	65+	0.7892785999604448	33067	193426	67045	309540	0.7340068825426208	2022-10-15	Sep-Nov	Sep-Nov 2022
5-11	0-4	2.2929342199969382	192	7232	3584	309540	2.1323642865517884	2022-10-15	Sep-Nov	Sep-Nov 2022
5-11	12-17	2.0688128076393575	540	7232	11172	309540	1.9239376812898679	2022-10-15	Sep-Nov	Sep-Nov 2022
5-11	18-24	0.8092144463446762	512	7232	27081	309540	0.7525466585558962	2022-10-15	Sep-Nov	Sep-Nov 2022
5-11	25-64	0.9355747429340932	4228	7232	193426	309540	0.8700581777854903	2022-10-15	Sep-Nov	Sep-Nov 2022
5-11	5-11	4.687325646616072	792	7232	7232	309540	4.359080919598177	2022-10-15	Sep-Nov	Sep-Nov 2022
5-11	65+	0.617969903403275	968	7232	67045	309540	0.574694616482614	2022-10-15	Sep-Nov	Sep-Nov 2022
65+	0-4	0.7072203179434389	549	67045	3584	309540	0.6576949899192502	2022-10-15	Sep-Nov	Sep-Nov 2022
65+	12-17	0.6004613680414134	1453	67045	11172	309540	0.5584121713998621	2022-10-15	Sep-Nov	Sep-Nov 2022
65+	18-24	0.6222695513914556	3650	67045	27081	309540	0.5786931680916317	2022-10-15	Sep-Nov	Sep-Nov 2022
65+	25-64	0.7892785999604448	33067	67045	193426	309540	0.7340068825426208	2022-10-15	Sep-Nov	Sep-Nov 2022
65+	5-11	0.617969903403275	968	67045	7232	309540	0.574694616482614	2022-10-15	Sep-Nov	Sep-Nov 2022
65+	65+	1.8839454922459646	27358	67045	67045	309540	1.7520162813396754	2022-10-15	Sep-Nov	Sep-Nov 2022
0-4	0-4	4.0168090914632675	124	2659	2659	229032	3.7300345579938905	2023-01-15	Dec-Feb	Dec-Feb 2023
0-4	12-17	1.0260910400326153	72	2659	6044	229032	0.9528346883857743	2023-01-15	Dec-Feb	Dec-Feb 2023
0-4	18-24	1.0522727057575603	215	2659	17599	229032	0.9771471502718614	2023-01-15	Dec-Feb	Dec-Feb 2023
0-4	25-64	1.0113072589770313	1696	2659	144451	229032	0.9391063749460495	2023-01-15	Dec-Feb	Dec-Feb 2023
0-4	5-11	2.1291708810941774	121	2659	4895	229032	1.977161668756945	2023-01-15	Dec-Feb	Dec-Feb 2023
0-4	65+	0.6954148988134082	431	2659	53384	229032	0.6457667132427516	2023-01-15	Dec-Feb	Dec-Feb 2023
12-17	0-4	1.0260910400326153	72	6044	2659	229032	0.9528346883857743	2023-01-15	Dec-Feb	Dec-Feb 2023
12-17	12-17	3.5737330883908474	570	6044	6044	229032	3.3185913537872693	2023-01-15	Dec-Feb	Dec-Feb 2023
12-17	18-24	1.1605730655459223	539	6044	17599	229032	1.0777155555546238	2023-01-15	Dec-Feb	Dec-Feb 2023
12-17	25-64	0.9601348710412776	3660	6044	144451	229032	0.891587368921818	2023-01-15	Dec-Feb	Dec-Feb 2023
12-17	5-11	2.694004166922987	348	6044	4895	229032	2.5016694627978127	2023-01-15	Dec-Feb	Dec-Feb 2023
12-17	65+	0.6069133840968222	855	6044	53384	229032	0.5635836418517697	2023-01-15	Dec-Feb	Dec-Feb 2023
18-24	0-4	1.0522727057575603	215	17599	2659	229032	0.9771471502718614	2023-01-15	Dec-Feb	Dec-Feb 2023
18-24	12-17	1.1605730655459223	539	17599	6044	229032	1.0777155555546238	2023-01-15	Dec-Feb	Dec-Feb 2023
18-24	18-24	1.623874715153986	2196	17599	17599	229032	1.5079404242162608	2023-01-15	Dec-Feb	Dec-Feb 2023
18-24	25-64	1.0357910475983272	11497	17599	144451	229032	0.9618421773176735	2023-01-15	Dec-Feb	Dec-Feb 2023
18-24	5-11	0.967735932623621	364	17599	4895	229032	0.8986457632178866	2023-01-15	Dec-Feb	Dec-Feb 2023
18-24	65+	0.6796570599682674	2788	17599	53384	229032	0.6311338835231141	2023-01-15	Dec-Feb	Dec-Feb 2023
25-64	0-4	1.0113072589770313	1696	144451	2659	229032	0.9391063749460495	2023-01-15	Dec-Feb	Dec-Feb 2023
25-64	12-17	0.9601348710412776	3660	144451	6044	229032	0.891587368921818	2023-01-15	Dec-Feb	Dec-Feb 2023
25-64	18-24	1.0357910475983272	11497	144451	17599	229032	0.9618421773176735	2023-01-15	Dec-Feb	Dec-Feb 2023
25-64	25-64	1.076882540633514	98110	144451	144451	229032	1	2023-01-15	Dec-Feb	Dec-Feb 2023
25-64	5-11	0.9218448060989667	2846	144451	4895	229032	0.8560309702455191	2023-01-15	Dec-Feb	Dec-Feb 2023
25-64	65+	0.7912820700913014	26642	144451	53384	229032	0.7347895803248903	2023-01-15	Dec-Feb	Dec-Feb 2023
5-11	0-4	2.1291708810941774	121	4895	2659	229032	1.977161668756945	2023-01-15	Dec-Feb	Dec-Feb 2023
5-11	12-17	2.694004166922987	348	4895	6044	229032	2.5016694627978127	2023-01-15	Dec-Feb	Dec-Feb 2023
5-11	18-24	0.967735932623621	364	4895	17599	229032	0.8986457632178866	2023-01-15	Dec-Feb	Dec-Feb 2023
5-11	25-64	0.9218448060989667	2846	4895	144451	229032	0.8560309702455191	2023-01-15	Dec-Feb	Dec-Feb 2023
5-11	5-11	5.467474993244237	572	4895	4895	229032	5.077132172676699	2023-01-15	Dec-Feb	Dec-Feb 2023
5-11	65+	0.5644405779269653	644	4895	53384	229032	0.5241431229769157	2023-01-15	Dec-Feb	Dec-Feb 2023
65+	0-4	0.6954148988134082	431	53384	2659	229032	0.6457667132427516	2023-01-15	Dec-Feb	Dec-Feb 2023
65+	12-17	0.6069133840968222	855	53384	6044	229032	0.5635836418517697	2023-01-15	Dec-Feb	Dec-Feb 2023
65+	18-24	0.6796570599682674	2788	53384	17599	229032	0.6311338835231141	2023-01-15	Dec-Feb	Dec-Feb 2023
65+	25-64	0.7912820700913014	26642	53384	144451	229032	0.7347895803248903	2023-01-15	Dec-Feb	Dec-Feb 2023
65+	5-11	0.5644405779269653	644	53384	4895	229032	0.5241431229769157	2023-01-15	Dec-Feb	Dec-Feb 2023
65+	65+	1.7699872596447357	22024	53384	53384	229032	1.643621465534652	2023-01-15	Dec-Feb	Dec-Feb 2023
0-4	0-4	9.51227551864621	62	619	619	58786	7.727313308161102	2023-04-15	Mar-May	Mar-May 2023
0-4	12-17	2.116845321980578	22	619	987	58786	1.7196229225903563	2023-04-15	Mar-May	Mar-May 2023
0-4	18-24	1.087191244703361	34	619	2970	58786	0.8831816695431628	2023-04-15	Mar-May	Mar-May 2023
0-4	25-64	1.1442494641443088	337	619	27970	58786	0.9295330118231185	2023-04-15	Mar-May	Mar-May 2023
0-4	5-11	3.579776049633018	34	619	902	58786	2.908037204593341	2023-04-15	Mar-May	Mar-May 2023
0-4	65+	0.4872527945600362	130	619	25338	58786	0.3958206421231072	2023-04-15	Mar-May	Mar-May 2023
12-17	0-4	2.116845321980578	22	987	619	58786	1.7196229225903563	2023-04-15	Mar-May	Mar-May 2023
12-17	12-17	8.44826821629512	140	987	987	58786	6.862965153892299	2023-04-15	Mar-May	Mar-May 2023
12-17	18-24	1.2433463305803731	62	987	2970	58786	1.0100345209843506	2023-04-15	Mar-May	Mar-May 2023
12-17	25-64	1.1541535492326234	542	987	27970	58786	0.9375786123062072	2023-04-15	Mar-May	Mar-May 2023
12-17	5-11	3.697757095006706	56	987	902	58786	3.00387930885533	2023-04-15	Mar-May	Mar-May 2023
12-17	65+	0.38785412509597694	165	987	25338	58786	0.31507396275521965	2023-04-15	Mar-May	Mar-May 2023
18-24	0-4	1.087191244703361	34	2970	619	58786	0.8831816695431628	2023-04-15	Mar-May	Mar-May 2023
18-24	12-17	1.2433463305803731	62	2970	987	58786	1.0100345209843506	2023-04-15	Mar-May	Mar-May 2023
18-24	18-24	2.2125806890453354	332	2970	2970	58786	1.7973937119804513	2023-04-15	Mar-May	Mar-May 2023
18-24	25-64	1.251143890339457	1768	2970	27970	58786	1.0163688820086332	2023-04-15	Mar-May	Mar-May 2023
18-24	5-11	1.623838159869202	74	2970	902	58786	1.3191277101320698	2023-04-15	Mar-May	Mar-May 2023
18-24	65+	0.5468184754908253	700	2970	25338	58786	0.4442089250385785	2023-04-15	Mar-May	Mar-May 2023
25-64	0-4	1.1442494641443088	337	27970	619	58786	0.9295330118231185	2023-04-15	Mar-May	Mar-May 2023
25-64	12-17	1.1541535492326234	542	27970	987	58786	0.9375786123062072	2023-04-15	Mar-May	Mar-May 2023
25-64	18-24	1.251143890339457	1768	27970	2970	58786	1.0163688820086332	2023-04-15	Mar-May	Mar-May 2023
25-64	25-64	1.2309938964943925	16382	27970	27970	58786	1	2023-04-15	Mar-May	Mar-May 2023
25-64	5-11	0.9693224130700695	416	27970	902	58786	0.7874307223053604	2023-04-15	Mar-May	Mar-May 2023
25-64	65+	0.7071369005948408	8525	27970	25338	58786	0.5744438722308985	2023-04-15	Mar-May	Mar-May 2023
5-11	0-4	3.579776049633018	34	902	619	58786	2.908037204593341	2023-04-15	Mar-May	Mar-May 2023
5-11	12-17	3.697757095006706	56	902	987	58786	3.00387930885533	2023-04-15	Mar-May	Mar-May 2023
5-11	18-24	1.623838159869202	74	902	2970	58786	1.3191277101320698	2023-04-15	Mar-May	Mar-May 2023
5-11	25-64	0.9693224130700695	416	902	27970	58786	0.7874307223053604	2023-04-15	Mar-May	Mar-May 2023
5-11	5-11	12.861181852596594	178	902	902	58786	10.447803103835438	2023-04-15	Mar-May	Mar-May 2023
5-11	65+	0.37038857703712763	144	902	25338	58786	0.3008857948783622	2023-04-15	Mar-May	Mar-May 2023
65+	0-4	0.4872527945600362	130	25338	619	58786	0.3958206421231072	2023-04-15	Mar-May	Mar-May 2023
65+	12-17	0.38785412509597694	165	25338	987	58786	0.31507396275521965	2023-04-15	Mar-May	Mar-May 2023
65+	18-24	0.5468184754908253	700	25338	2970	58786	0.4442089250385785	2023-04-15	Mar-May	Mar-May 2023
65+	25-64	0.7071369005948408	8525	25338	27970	58786	0.5744438722308985	2023-04-15	Mar-May	Mar-May 2023
65+	5-11	0.37038857703712763	144	25338	902	58786	0.3008857948783622	2023-04-15	Mar-May	Mar-May 2023
65+	65+	1.4351889753399303	15674	25338	25338	58786	1.1658782220017838	2023-04-15	Mar-May	Mar-May 2023
0-4	0-4	7.641416416629125	38	343	343	23658	6.021487104372223	2023-07-15	Jun-Aug	Jun-Aug 2023
0-4	12-17	1.8198958437502404	10	343	379	23658	1.43409006353783	2023-07-15	Jun-Aug	Jun-Aug 2023
0-4	18-24	1.1495647948620442	23	343	1380	23658	0.9058647259215401	2023-07-15	Jun-Aug	Jun-Aug 2023
0-4	25-64	1.0690421878779188	156	343	10065	23658	0.8424123745341472	2023-07-15	Jun-Aug	Jun-Aug 2023
0-4	5-11	4.370246327574714	23	343	363	23658	3.4437832555694916	2023-07-15	Jun-Aug	Jun-Aug 2023
0-4	65+	0.5764344610186686	93	343	11128	23658	0.4542342000870609	2023-07-15	Jun-Aug	Jun-Aug 2023
12-17	0-4	1.8198958437502404	10	379	343	23658	1.43409006353783	2023-07-15	Jun-Aug	Jun-Aug 2023
12-17	12-17	10.540952792030131	64	379	379	23658	8.306341108027908	2023-07-15	Jun-Aug	Jun-Aug 2023
12-17	18-24	1.76410653512294	39	379	1380	23658	1.3901277162261356	2023-07-15	Jun-Aug	Jun-Aug 2023
12-17	25-64	1.004708707386159	162	379	10065	23658	0.7917171628038328	2023-07-15	Jun-Aug	Jun-Aug 2023
12-17	5-11	5.502787529892351	32	379	363	23658	4.336233277019075	2023-07-15	Jun-Aug	Jun-Aug 2023
12-17	65+	0.40388195694523216	72	379	11128	23658	0.31826167595603344	2023-07-15	Jun-Aug	Jun-Aug 2023
18-24	0-4	1.1495647948620442	23	1380	343	23658	0.9058647259215401	2023-07-15	Jun-Aug	Jun-Aug 2023
18-24	12-17	1.76410653512294	39	1380	379	23658	1.3901277162261356	2023-07-15	Jun-Aug	Jun-Aug 2023
18-24	18-24	4.2982929006511235	346	1380	1380	23658	3.38708347522603	2023-07-15	Jun-Aug	Jun-Aug 2023
18-24	25-64	1.0407020310013895	611	1380	10065	23658	0.8200801418872596	2023-07-15	Jun-Aug	Jun-Aug 2023
18-24	5-11	0.6611829760051104	14	1380	363	23658	0.5210165951669865	2023-07-15	Jun-Aug	Jun-Aug 2023
18-24	65+	0.534578332239344	347	1380	11128	23658	0.4212512914295548	2023-07-15	Jun-Aug	Jun-Aug 2023
25-64	0-4	1.0690421878779188	156	10065	343	23658	0.8424123745341472	2023-07-15	Jun-Aug	Jun-Aug 2023
25-64	12-17	1.004708707386159	162	10065	379	23658	0.7917171628038328	2023-07-15	Jun-Aug	Jun-Aug 2023
25-64	18-24	1.0407020310013895	611	10065	1380	23658	0.8200801418872596	2023-07-15	Jun-Aug	Jun-Aug 2023
25-64	25-64	1.2690247914141783	5434	10065	10065	23658	1	2023-07-15	Jun-Aug	Jun-Aug 2023
25-64	5-11	1.2562019052467501	194	10065	363	23658	0.9898954801717162	2023-07-15	Jun-Aug	Jun-Aug 2023
25-64	65+	0.7409804012952473	3508	10065	11128	23658	0.5838974985425716	2023-07-15	Jun-Aug	Jun-Aug 2023
5-11	0-4	4.370246327574714	23	363	343	23658	3.4437832555694916	2023-07-15	Jun-Aug	Jun-Aug 2023
5-11	12-17	5.502787529892351	32	363	379	23658	4.336233277019075	2023-07-15	Jun-Aug	Jun-Aug 2023
5-11	18-24	0.6611829760051104	14	363	1380	23658	0.5210165951669865	2023-07-15	Jun-Aug	Jun-Aug 2023
5-11	25-64	1.2562019052467501	194	363	10065	23658	0.9898954801717162	2023-07-15	Jun-Aug	Jun-Aug 2023
5-11	5-11	8.977081104053305	50	363	363	23658	7.07399978691465	2023-07-15	Jun-Aug	Jun-Aug 2023
5-11	65+	0.29283612875371584	50	363	11128	23658	0.23075682266804617	2023-07-15	Jun-Aug	Jun-Aug 2023
65+	0-4	0.5764344610186686	93	11128	343	23658	0.4542342000870609	2023-07-15	Jun-Aug	Jun-Aug 2023
65+	12-17	0.40388195694523216	72	11128	379	23658	0.31826167595603344	2023-07-15	Jun-Aug	Jun-Aug 2023
65+	18-24	0.534578332239344	347	11128	1380	23658	0.4212512914295548	2023-07-15	Jun-Aug	Jun-Aug 2023
65+	25-64	0.7409804012952473	3508	11128	10065	23658	0.5838974985425716	2023-07-15	Jun-Aug	Jun-Aug 2023
65+	5-11	0.29283612875371584	50	11128	363	23658	0.23075682266804617	2023-07-15	Jun-Aug	Jun-Aug 2023
65+	65+	1.3484208218102303	7058	11128	11128	23658	1.0625646015217516	2023-07-15	Jun-Aug	Jun-Aug 2023
0-4	0-4	1.9951517028686563	1900	41288	41288	1790070	1.944650652662282	2021-04-15	Mar-May	Mar-May 2021
0-4	12-17	1.0084643046257973	3415	41288	146817	1790070	0.982938172248987	2021-04-15	Mar-May	Mar-May 2021
0-4	18-24	0.8564734679219318	5005	41288	253359	1790070	0.8347945101054592	2021-04-15	Mar-May	Mar-May 2021
0-4	25-64	0.9667845853138298	24685	41288	1107005	1790070	0.9423134451937661	2021-04-15	Mar-May	Mar-May 2021
0-4	5-11	1.3442786190556097	3099	41288	99949	1790070	1.3102523934133825	2021-04-15	Mar-May	Mar-May 2021
0-4	65+	0.9745329250873682	3184	41288	141652	1790070	0.949865659883003	2021-04-15	Mar-May	Mar-May 2021
12-17	0-4	1.0084643046257973	3415	146817	41288	1790070	0.982938172248987	2021-04-15	Mar-May	Mar-May 2021
12-17	12-17	1.420746401013054	17108	146817	146817	1790070	1.384784631677457	2021-04-15	Mar-May	Mar-May 2021
12-17	18-24	0.9188222532225057	19093	146817	253359	1790070	0.8955651301305588	2021-04-15	Mar-May	Mar-May 2021
12-17	25-64	0.964042217296801	87529	146817	1107005	1790070	0.9396404916802626	2021-04-15	Mar-May	Mar-May 2021
12-17	5-11	1.1104519166834657	9103	146817	99949	1790070	1.0823442856118208	2021-04-15	Mar-May	Mar-May 2021
12-17	65+	0.9097139527892449	10569	146817	141652	1790070	0.8866873779492498	2021-04-15	Mar-May	Mar-May 2021
18-24	0-4	0.8564734679219318	5005	253359	41288	1790070	0.8347945101054592	2021-04-15	Mar-May	Mar-May 2021
18-24	12-17	0.9188222532225057	19093	253359	146817	1790070	0.8955651301305588	2021-04-15	Mar-May	Mar-May 2021
18-24	18-24	1.4599252483760963	52352	253359	253359	1790070	1.4229717885666051	2021-04-15	Mar-May	Mar-May 2021
18-24	25-64	0.9469313253936074	148366	253359	1107005	1790070	0.9229627087029901	2021-04-15	Mar-May	Mar-May 2021
18-24	5-11	0.8659470028616153	12250	253359	99949	1790070	0.844028252019413	2021-04-15	Mar-May	Mar-May 2021
18-24	65+	0.8126658774254314	16293	253359	141652	1790070	0.792095772296152	2021-04-15	Mar-May	Mar-May 2021
25-64	0-4	0.9667845853138298	24685	1107005	41288	1790070	0.9423134451937661	2021-04-15	Mar-May	Mar-May 2021
25-64	12-17	0.964042217296801	87529	1107005	146817	1790070	0.9396404916802626	2021-04-15	Mar-May	Mar-May 2021
25-64	18-24	0.9469313253936074	148366	1107005	253359	1790070	0.9229627087029901	2021-04-15	Mar-May	Mar-May 2021
25-64	25-64	1.0259692146438935	702366	1107005	1107005	1790070	1	2021-04-15	Mar-May	Mar-May 2021
25-64	5-11	0.9759116694593082	60321	1107005	99949	1790070	0.9512095056361317	2021-04-15	Mar-May	Mar-May 2021
25-64	65+	0.9559172638019054	83738	1107005	141652	1790070	0.9317211960728251	2021-04-15	Mar-May	Mar-May 2021
5-11	0-4	1.3442786190556097	3099	99949	41288	1790070	1.3102523934133825	2021-04-15	Mar-May	Mar-May 2021
5-11	12-17	1.1104519166834657	9103	99949	146817	1790070	1.0823442856118208	2021-04-15	Mar-May	Mar-May 2021
5-11	18-24	0.8659470028616153	12250	99949	253359	1790070	0.844028252019413	2021-04-15	Mar-May	Mar-May 2021
5-11	25-64	0.9759116694593082	60321	99949	1107005	1790070	0.9512095056361317	2021-04-15	Mar-May	Mar-May 2021
5-11	5-11	1.493008804749254	8332	99949	99949	1790070	1.4552179377696695	2021-04-15	Mar-May	Mar-May 2021
5-11	65+	0.8653242030542854	6844	99949	141652	1790070	0.8434212164491048	2021-04-15	Mar-May	Mar-May 2021
65+	0-4	0.9745329250873682	3184	141652	41288	1790070	0.949865659883003	2021-04-15	Mar-May	Mar-May 2021
65+	12-17	0.9097139527892449	10569	141652	146817	1790070	0.8866873779492498	2021-04-15	Mar-May	Mar-May 2021
65+	18-24	0.8126658774254314	16293	141652	253359	1790070	0.792095772296152	2021-04-15	Mar-May	Mar-May 2021
65+	25-64	0.9559172638019054	83738	141652	1107005	1790070	0.9317211960728251	2021-04-15	Mar-May	Mar-May 2021
65+	5-11	0.8653242030542854	6844	141652	99949	1790070	0.8434212164491048	2021-04-15	Mar-May	Mar-May 2021
65+	65+	1.8755987758729877	21024	141652	141652	1790070	1.8281238355909095	2021-04-15	Mar-May	Mar-May 2021
0-4	0-4	3.039624482331437	276	5399	5399	321024	2.812356441163027	2021-01-15	Dec-Feb	Dec-Feb 2021
0-4	12-17	1.2283073143983778	375	5399	18153	321024	1.1364686682370486	2021-01-15	Dec-Feb	Dec-Feb 2021
0-4	18-24	0.6933457446643937	504	5399	43222	321024	0.6415053511689883	2021-01-15	Dec-Feb	Dec-Feb 2021
0-4	25-64	0.9940531225159002	3189	5399	190752	321024	0.9197293015029016	2021-01-15	Dec-Feb	Dec-Feb 2021
0-4	5-11	1.9457305502419349	431	5399	13171	321024	1.8002512736518734	2021-01-15	Dec-Feb	Dec-Feb 2021
0-4	65+	0.737238018830087	624	5399	50327	321024	0.682115867594524	2021-01-15	Dec-Feb	Dec-Feb 2021
12-17	0-4	1.2283073143983778	375	18153	5399	321024	1.1364686682370486	2021-01-15	Dec-Feb	Dec-Feb 2021
12-17	12-17	1.7204077350939255	1766	18153	18153	321024	1.5917754983691181	2021-01-15	Dec-Feb	Dec-Feb 2021
12-17	18-24	0.9451401566063674	2310	18153	43222	321024	0.8744734827227636	2021-01-15	Dec-Feb	Dec-Feb 2021
12-17	25-64	0.9675068857177966	10436	18153	190752	321024	0.8951678859458976	2021-01-15	Dec-Feb	Dec-Feb 2021
12-17	5-11	1.438003080832554	1071	18153	13171	321024	1.3304858051708301	2021-01-15	Dec-Feb	Dec-Feb 2021
12-17	65+	0.771298659447213	2195	18153	50327	321024	0.7136298465700587	2021-01-15	Dec-Feb	Dec-Feb 2021
18-24	0-4	0.6933457446643937	504	43222	5399	321024	0.6415053511689883	2021-01-15	Dec-Feb	Dec-Feb 2021
18-24	12-17	0.9451401566063674	2310	43222	18153	321024	0.8744734827227636	2021-01-15	Dec-Feb	Dec-Feb 2021
18-24	18-24	2.387220627901931	13892	43222	43222	321024	2.2087318181513402	2021-01-15	Dec-Feb	Dec-Feb 2021
18-24	25-64	0.8170949309703376	20985	43222	190752	321024	0.756002001402988	2021-01-15	Dec-Feb	Dec-Feb 2021
18-24	5-11	0.7263229334757446	1288	43222	13171	321024	0.6720168863616238	2021-01-15	Dec-Feb	Dec-Feb 2021
18-24	65+	0.626187843345711	4243	43222	50327	321024	0.5793687427009184	2021-01-15	Dec-Feb	Dec-Feb 2021
25-64	0-4	0.9940531225159002	3189	190752	5399	321024	0.9197293015029016	2021-01-15	Dec-Feb	Dec-Feb 2021
25-64	12-17	0.9675068857177966	10436	190752	18153	321024	0.8951678859458976	2021-01-15	Dec-Feb	Dec-Feb 2021
25-64	18-24	0.8170949309703376	20985	190752	43222	321024	0.756002001402988	2021-01-15	Dec-Feb	Dec-Feb 2021
25-64	25-64	1.0808105394615006	122504	190752	190752	321024	1	2021-01-15	Dec-Feb	Dec-Feb 2021
25-64	5-11	0.9723761740209955	7610	190752	13171	321024	0.8996731050619371	2021-01-15	Dec-Feb	Dec-Feb 2021
25-64	65+	0.8703785047542136	26028	190752	50327	321024	0.8053016444379494	2021-01-15	Dec-Feb	Dec-Feb 2021
5-11	0-4	1.9457305502419349	431	13171	5399	321024	1.8002512736518734	2021-01-15	Dec-Feb	Dec-Feb 2021
5-11	12-17	1.438003080832554	1071	13171	18153	321024	1.3304858051708301	2021-01-15	Dec-Feb	Dec-Feb 2021
5-11	18-24	0.7263229334757446	1288	13171	43222	321024	0.6720168863616238	2021-01-15	Dec-Feb	Dec-Feb 2021
5-11	25-64	0.9723761740209955	7610	13171	190752	321024	0.8996731050619371	2021-01-15	Dec-Feb	Dec-Feb 2021
5-11	5-11	2.298378758269026	1242	13171	13171	321024	2.126532518284067	2021-01-15	Dec-Feb	Dec-Feb 2021
5-11	65+	0.7405002262350986	1529	13171	50327	321024	0.6851341647760419	2021-01-15	Dec-Feb	Dec-Feb 2021
65+	0-4	0.737238018830087	624	50327	5399	321024	0.682115867594524	2021-01-15	Dec-Feb	Dec-Feb 2021
65+	12-17	0.771298659447213	2195	50327	18153	321024	0.7136298465700587	2021-01-15	Dec-Feb	Dec-Feb 2021
65+	18-24	0.626187843345711	4243	50327	43222	321024	0.5793687427009184	2021-01-15	Dec-Feb	Dec-Feb 2021
65+	25-64	0.8703785047542136	26028	50327	190752	321024	0.8053016444379494	2021-01-15	Dec-Feb	Dec-Feb 2021
65+	5-11	0.7405002262350986	1529	50327	13171	321024	0.6851341647760419	2021-01-15	Dec-Feb	Dec-Feb 2021
65+	65+	1.9909314584001598	15708	50327	50327	321024	1.8420725795217678	2021-01-15	Dec-Feb	Dec-Feb 2021
0-4	0-4	1.6994486059629215	1588	36804	36804	1449598	1.6469152107140288	2021-07-15	Jun-Aug	Jun-Aug 2021
0-4	12-17	1.0532696646491273	2932	36804	109642	1449598	1.020710968020976	2021-07-15	Jun-Aug	Jun-Aug 2021
0-4	18-24	0.9168356740152832	5531	36804	237610	1449598	0.8884944281121513	2021-07-15	Jun-Aug	Jun-Aug 2021
0-4	25-64	0.9617623297890036	21131	36804	865376	1449598	0.9320323100467037	2021-07-15	Jun-Aug	Jun-Aug 2021
0-4	5-11	1.3510539052555357	3443	36804	100373	1449598	1.3092900951830717	2021-07-15	Jun-Aug	Jun-Aug 2021
0-4	65+	0.8600222967465924	2179	36804	99793	1449598	0.8334372672968492	2021-07-15	Jun-Aug	Jun-Aug 2021
12-17	0-4	1.0532696646491273	2932	109642	36804	1449598	1.020710968020976	2021-07-15	Jun-Aug	Jun-Aug 2021
12-17	12-17	1.8541166483652167	15376	109642	109642	1449598	1.7968021509544916	2021-07-15	Jun-Aug	Jun-Aug 2021
12-17	18-24	0.8913913791508934	16020	109642	237610	1449598	0.8638366678886152	2021-07-15	Jun-Aug	Jun-Aug 2021
12-17	25-64	0.9083214281104267	59453	109642	865376	1449598	0.8802433747768121	2021-07-15	Jun-Aug	Jun-Aug 2021
12-17	5-11	1.1968134463602076	9086	109642	100373	1449598	1.1598175209781594	2021-07-15	Jun-Aug	Jun-Aug 2021
12-17	65+	0.8975938185330878	6775	109642	99793	1449598	0.8698473773188542	2021-07-15	Jun-Aug	Jun-Aug 2021
18-24	0-4	0.9168356740152832	5531	237610	36804	1449598	0.8884944281121513	2021-07-15	Jun-Aug	Jun-Aug 2021
18-24	12-17	0.8913913791508934	16020	237610	109642	1449598	0.8638366678886152	2021-07-15	Jun-Aug	Jun-Aug 2021
18-24	18-24	1.3083184969197938	50956	237610	237610	1449598	1.2678757247941952	2021-07-15	Jun-Aug	Jun-Aug 2021
18-24	25-64	0.9710985871905331	137748	237610	865376	1449598	0.9410799648400113	2021-07-15	Jun-Aug	Jun-Aug 2021
18-24	5-11	0.8741485600404862	14382	237610	100373	1449598	0.8471268592077991	2021-07-15	Jun-Aug	Jun-Aug 2021
18-24	65+	0.793091337341096	12973	237610	99793	1449598	0.7685752792815435	2021-07-15	Jun-Aug	Jun-Aug 2021
25-64	0-4	0.9617623297890036	21131	865376	36804	1449598	0.9320323100467037	2021-07-15	Jun-Aug	Jun-Aug 2021
25-64	12-17	0.9083214281104267	59453	865376	109642	1449598	0.8802433747768121	2021-07-15	Jun-Aug	Jun-Aug 2021
25-64	18-24	0.9710985871905331	137748	865376	237610	1449598	0.9410799648400113	2021-07-15	Jun-Aug	Jun-Aug 2021
25-64	25-64	1.0318980569899021	533088	865376	865376	1449598	1	2021-07-15	Jun-Aug	Jun-Aug 2021
25-64	5-11	0.9534661019582219	57132	865376	100373	1449598	0.9239925354056097	2021-07-15	Jun-Aug	Jun-Aug 2021
25-64	65+	0.953837642726512	56824	865376	99793	1449598	0.9243525910969381	2021-07-15	Jun-Aug	Jun-Aug 2021
5-11	0-4	1.3510539052555357	3443	100373	36804	1449598	1.3092900951830717	2021-07-15	Jun-Aug	Jun-Aug 2021
5-11	12-17	1.1968134463602076	9086	100373	109642	1449598	1.1598175209781594	2021-07-15	Jun-Aug	Jun-Aug 2021
5-11	18-24	0.8741485600404862	14382	100373	237610	1449598	0.8471268592077991	2021-07-15	Jun-Aug	Jun-Aug 2021
5-11	25-64	0.9534661019582219	57132	100373	865376	1449598	0.9239925354056097	2021-07-15	Jun-Aug	Jun-Aug 2021
5-11	5-11	1.5199950169349938	10564	100373	100373	1449598	1.4730088952477485	2021-07-15	Jun-Aug	Jun-Aug 2021
5-11	65+	0.8344594471625476	5766	100373	99793	1449598	0.8086646171199384	2021-07-15	Jun-Aug	Jun-Aug 2021
65+	0-4	0.8600222967465924	2179	99793	36804	1449598	0.8334372672968492	2021-07-15	Jun-Aug	Jun-Aug 2021
65+	12-17	0.8975938185330878	6775	99793	109642	1449598	0.8698473773188542	2021-07-15	Jun-Aug	Jun-Aug 2021
65+	18-24	0.793091337341096	12973	99793	237610	1449598	0.7685752792815435	2021-07-15	Jun-Aug	Jun-Aug 2021
65+	25-64	0.953837642726512	56824	99793	865376	1449598	0.9243525910969381	2021-07-15	Jun-Aug	Jun-Aug 2021
65+	5-11	0.8344594471625476	5766	99793	100373	1449598	0.8086646171199384	2021-07-15	Jun-Aug	Jun-Aug 2021
65+	65+	2.2236020896385096	15276	99793	99793	1449598	2.1548660495832963	2021-07-15	Jun-Aug	Jun-Aug 2021
0-4	0-4	2.192608641845697	2066	33782	33782	1211160	2.1143297193943695	2022-01-15	Dec-Feb	Dec-Feb 2022
0-4	12-17	1.0581944871111733	2470	33782	83685	1211160	1.0204155955141443	2022-01-15	Dec-Feb	Dec-Feb 2022
0-4	18-24	0.7926494330161311	3569	33782	161429	1211160	0.7643508382217917	2022-01-15	Dec-Feb	Dec-Feb 2022
0-4	25-64	0.9616591257079968	19809	33782	738512	1211160	0.9273266695235041	2022-01-15	Dec-Feb	Dec-Feb 2022
0-4	5-11	1.3658785195659249	3280	33782	86095	1211160	1.3171149159430586	2022-01-15	Dec-Feb	Dec-Feb 2022
0-4	65+	0.8618628484504126	2588	33782	107657	1211160	0.8310932465296893	2022-01-15	Dec-Feb	Dec-Feb 2022
12-17	0-4	1.0581944871111733	2470	83685	33782	1211160	1.0204155955141443	2022-01-15	Dec-Feb	Dec-Feb 2022
12-17	12-17	1.5513104622850773	8970	83685	83685	1211160	1.4959267020199876	2022-01-15	Dec-Feb	Dec-Feb 2022
12-17	18-24	0.9142074618276784	10197	83685	161429	1211160	0.8815690905091229	2022-01-15	Dec-Feb	Dec-Feb 2022
12-17	25-64	0.962266849225471	49102	83685	738512	1211160	0.9279126965370111	2022-01-15	Dec-Feb	Dec-Feb 2022
12-17	5-11	1.1693258263589525	6956	83685	86095	1211160	1.127579404341371	2022-01-15	Dec-Feb	Dec-Feb 2022
12-17	65+	0.805264303675801	5990	83685	107657	1211160	0.7765153419243787	2022-01-15	Dec-Feb	Dec-Feb 2022
18-24	0-4	0.7926494330161311	3569	161429	33782	1211160	0.7643508382217917	2022-01-15	Dec-Feb	Dec-Feb 2022
18-24	12-17	0.9142074618276784	10197	161429	83685	1211160	0.8815690905091229	2022-01-15	Dec-Feb	Dec-Feb 2022
18-24	18-24	1.5629297038856147	33628	161429	161429	1211160	1.507131121889536	2022-01-15	Dec-Feb	Dec-Feb 2022
18-24	25-64	0.9530104296518999	93807	161429	738512	1211160	0.9189867429372339	2022-01-15	Dec-Feb	Dec-Feb 2022
18-24	5-11	0.7574635695753038	8692	161429	86095	1211160	0.7304211549414826	2022-01-15	Dec-Feb	Dec-Feb 2022
18-24	65+	0.8039572144286702	11536	161429	107657	1211160	0.7752549174289324	2022-01-15	Dec-Feb	Dec-Feb 2022
25-64	0-4	0.9616591257079968	19809	738512	33782	1211160	0.9273266695235041	2022-01-15	Dec-Feb	Dec-Feb 2022
25-64	12-17	0.962266849225471	49102	738512	83685	1211160	0.9279126965370111	2022-01-15	Dec-Feb	Dec-Feb 2022
25-64	18-24	0.9530104296518999	93807	738512	161429	1211160	0.9189867429372339	2022-01-15	Dec-Feb	Dec-Feb 2022
25-64	25-64	1.0370230441039014	466984	738512	738512	1211160	1	2022-01-15	Dec-Feb	Dec-Feb 2022
25-64	5-11	0.948321988186848	49784	738512	86095	1211160	0.9144656848067435	2022-01-15	Dec-Feb	Dec-Feb 2022
25-64	65+	0.8991766961511067	59026	738512	107657	1211160	0.8670749423201982	2022-01-15	Dec-Feb	Dec-Feb 2022
5-11	0-4	1.3658785195659249	3280	86095	33782	1211160	1.3171149159430586	2022-01-15	Dec-Feb	Dec-Feb 2022
5-11	12-17	1.1693258263589525	6956	86095	83685	1211160	1.127579404341371	2022-01-15	Dec-Feb	Dec-Feb 2022
5-11	18-24	0.7574635695753038	8692	86095	161429	1211160	0.7304211549414826	2022-01-15	Dec-Feb	Dec-Feb 2022
5-11	25-64	0.948321988186848	49784	86095	738512	1211160	0.9144656848067435	2022-01-15	Dec-Feb	Dec-Feb 2022
5-11	5-11	1.8548894924709782	11352	86095	86095	1211160	1.7886675739918592	2022-01-15	Dec-Feb	Dec-Feb 2022
5-11	65+	0.788080613204523	6031	86095	107657	1211160	0.759945131099289	2022-01-15	Dec-Feb	Dec-Feb 2022
65+	0-4	0.8618628484504126	2588	107657	33782	1211160	0.8310932465296893	2022-01-15	Dec-Feb	Dec-Feb 2022
65+	12-17	0.805264303675801	5990	107657	83685	1211160	0.7765153419243787	2022-01-15	Dec-Feb	Dec-Feb 2022
65+	18-24	0.8039572144286702	11536	107657	161429	1211160	0.7752549174289324	2022-01-15	Dec-Feb	Dec-Feb 2022
65+	25-64	0.8991766961511067	59026	107657	738512	1211160	0.8670749423201982	2022-01-15	Dec-Feb	Dec-Feb 2022
65+	5-11	0.788080613204523	6031	107657	86095	1211160	0.759945131099289	2022-01-15	Dec-Feb	Dec-Feb 2022
65+	65+	2.349790689564784	22486	107657	107657	1211160	2.2659001677202397	2022-01-15	Dec-Feb	Dec-Feb 2022
0-4	0-4	2.0485001562438985	1474	28512	28512	1129780	1.953034460590317	2021-10-15	Sep-Nov	Sep-Nov 2021
0-4	12-17	0.9448584852316533	2293	28512	96162	1129780	0.9008255022163034	2021-10-15	Sep-Nov	Sep-Nov 2021
0-4	18-24	0.8684584914675423	2921	28512	133275	1129780	0.827985956583177	2021-10-15	Sep-Nov	Sep-Nov 2021
0-4	25-64	0.9546723274469657	15671	28512	650442	1129780	0.9101819926119132	2021-10-15	Sep-Nov	Sep-Nov 2021
0-4	5-11	1.3366154999547153	4012	28512	118938	1129780	1.274325571327859	2021-10-15	Sep-Nov	Sep-Nov 2021
0-4	65+	0.8280692653615441	2141	28512	102451	1129780	0.7894789785967927	2021-10-15	Sep-Nov	Sep-Nov 2021
12-17	0-4	0.9448584852316533	2293	96162	28512	1129780	0.9008255022163034	2021-10-15	Sep-Nov	Sep-Nov 2021
12-17	12-17	1.7485869598832051	14312	96162	96162	1129780	1.6670980373526292	2021-10-15	Sep-Nov	Sep-Nov 2021
12-17	18-24	0.8818919674531127	10004	96162	133275	1129780	0.8407933959408764	2021-10-15	Sep-Nov	Sep-Nov 2021
12-17	25-64	0.9299201632921978	51483	96162	650442	1129780	0.8865833468314369	2021-10-15	Sep-Nov	Sep-Nov 2021
12-17	5-11	1.121056135051831	11349	96162	118938	1129780	1.068811860882151	2021-10-15	Sep-Nov	Sep-Nov 2021
12-17	65+	0.7707403372340828	6721	96162	102451	1129780	0.7348217349151834	2021-10-15	Sep-Nov	Sep-Nov 2021
18-24	0-4	0.8684584914675423	2921	133275	28512	1129780	0.827985956583177	2021-10-15	Sep-Nov	Sep-Nov 2021
18-24	12-17	0.8818919674531127	10004	133275	96162	1129780	0.8407933959408764	2021-10-15	Sep-Nov	Sep-Nov 2021
18-24	18-24	1.784523423482861	28056	133275	133275	1129780	1.7013597637127424	2021-10-15	Sep-Nov	Sep-Nov 2021
18-24	25-64	0.933015754340221	71590	133275	650442	1129780	0.8895346748917529	2021-10-15	Sep-Nov	Sep-Nov 2021
18-24	5-11	0.7919134285907301	11111	133275	118938	1129780	0.7550081024537543	2021-10-15	Sep-Nov	Sep-Nov 2021
18-24	65+	0.7937494435691829	9593	133275	102451	1129780	0.7567585541255047	2021-10-15	Sep-Nov	Sep-Nov 2021
25-64	0-4	0.9546723274469657	15671	650442	28512	1129780	0.9101819926119132	2021-10-15	Sep-Nov	Sep-Nov 2021
25-64	12-17	0.9299201632921978	51483	650442	96162	1129780	0.8865833468314369	2021-10-15	Sep-Nov	Sep-Nov 2021
25-64	18-24	0.933015754340221	71590	650442	133275	1129780	0.8895346748917529	2021-10-15	Sep-Nov	Sep-Nov 2021
25-64	25-64	1.0488807020971491	392780	650442	650442	1129780	1	2021-10-15	Sep-Nov	Sep-Nov 2021
25-64	5-11	0.9333992932820355	63915	650442	118938	1129780	0.8899003398725726	2021-10-15	Sep-Nov	Sep-Nov 2021
25-64	65+	0.9325142597827911	55003	650442	102451	1129780	0.889056551348792	2021-10-15	Sep-Nov	Sep-Nov 2021
5-11	0-4	1.3366154999547153	4012	118938	28512	1129780	1.274325571327859	2021-10-15	Sep-Nov	Sep-Nov 2021
5-11	12-17	1.121056135051831	11349	118938	96162	1129780	1.068811860882151	2021-10-15	Sep-Nov	Sep-Nov 2021
5-11	18-24	0.7919134285907301	11111	118938	133275	1129780	0.7550081024537543	2021-10-15	Sep-Nov	Sep-Nov 2021
5-11	25-64	0.9333992932820355	63915	118938	650442	1129780	0.8899003398725726	2021-10-15	Sep-Nov	Sep-Nov 2021
5-11	5-11	1.6570242299934075	20748	118938	118938	1129780	1.5798023804616925	2021-10-15	Sep-Nov	Sep-Nov 2021
5-11	65+	0.7234668834227503	7803	118938	102451	1129780	0.6897513530149224	2021-10-15	Sep-Nov	Sep-Nov 2021
65+	0-4	0.8280692653615441	2141	102451	28512	1129780	0.7894789785967927	2021-10-15	Sep-Nov	Sep-Nov 2021
65+	12-17	0.7707403372340828	6721	102451	96162	1129780	0.7348217349151834	2021-10-15	Sep-Nov	Sep-Nov 2021
65+	18-24	0.7937494435691829	9593	102451	133275	1129780	0.7567585541255047	2021-10-15	Sep-Nov	Sep-Nov 2021
65+	25-64	0.9325142597827911	55003	102451	650442	1129780	0.889056551348792	2021-10-15	Sep-Nov	Sep-Nov 2021
65+	5-11	0.7234668834227503	7803	102451	118938	1129780	0.6897513530149224	2021-10-15	Sep-Nov	Sep-Nov 2021
65+	65+	2.2808274728564504	21190	102451	102451	1129780	2.174534690452524	2021-10-15	Sep-Nov	Sep-Nov 2021
0-4	0-4	2.6450870884902233	18	1819	1819	486220	2.5363202678938706	2020-10-15	Sep-Nov	Sep-Nov 2020
0-4	12-17	1.3027599768503022	122	1819	25032	486220	1.2491900731224579	2020-10-15	Sep-Nov	Sep-Nov 2020
0-4	18-24	1.0114511999773979	368	1819	97253	486220	0.969860005612338	2020-10-15	Sep-Nov	Sep-Nov 2020
0-4	25-64	0.9853519286482589	1057	1819	286737	486220	0.9448339446038363	2020-10-15	Sep-Nov	Sep-Nov 2020
0-4	5-11	2.0275014434459266	80	1819	10547	486220	1.9441299405877726	2020-10-15	Sep-Nov	Sep-Nov 2020
0-4	65+	0.7173976570797337	174	1819	64832	486220	0.6878980377275509	2020-10-15	Sep-Nov	Sep-Nov 2020
12-17	0-4	1.3027599768503022	122	25032	1819	486220	1.2491900731224579	2020-10-15	Sep-Nov	Sep-Nov 2020
12-17	12-17	1.4091510980358692	1816	25032	25032	486220	1.35120635763766	2020-10-15	Sep-Nov	Sep-Nov 2020
12-17	18-24	0.880591239971805	4409	25032	97253	486220	0.8443810486954935	2020-10-15	Sep-Nov	Sep-Nov 2020
12-17	25-64	1.0110389141987954	14925	25032	286737	486220	0.969464673155806	2020-10-15	Sep-Nov	Sep-Nov 2020
12-17	5-11	1.313100159074284	713	25032	10547	486220	1.2591050637715446	2020-10-15	Sep-Nov	Sep-Nov 2020
12-17	65+	0.9128938977112258	3047	25032	64832	486220	0.8753554108962087	2020-10-15	Sep-Nov	Sep-Nov 2020
18-24	0-4	1.0114511999773979	368	97253	1819	486220	0.969860005612338	2020-10-15	Sep-Nov	Sep-Nov 2020
18-24	12-17	0.880591239971805	4409	97253	25032	486220	0.8443810486954935	2020-10-15	Sep-Nov	Sep-Nov 2020
18-24	18-24	1.5673130174660217	30488	97253	97253	486220	1.502864608742225	2020-10-15	Sep-Nov	Sep-Nov 2020
18-24	25-64	0.8951974928923722	51342	97253	286737	486220	0.8583866878601244	2020-10-15	Sep-Nov	Sep-Nov 2020
18-24	5-11	0.8352313182986842	1762	97253	10547	486220	0.80088634139824455	2020-10-15	Sep-Nov	Sep-Nov 2020
18-24	65+	0.6850920731854995	8884	97253	64832	486220	0.6569208696964367	2020-10-15	Sep-Nov	Sep-Nov 2020
25-64	0-4	0.9853519286482589	1057	286737	1819	486220	0.9448339446038363	2020-10-15	Sep-Nov	Sep-Nov 2020
25-64	12-17	1.0110389141987954	14925	286737	25032	486220	0.969464673155806	2020-10-15	Sep-Nov	Sep-Nov 2020
25-64	18-24	0.8951974928923722	51342	286737	97253	486220	0.8583866878601244	2020-10-15	Sep-Nov	Sep-Nov 2020
25-64	25-64	1.0428837091171737	176348	286737	286737	486220	1	2020-10-15	Sep-Nov	Sep-Nov 2020
25-64	5-11	1.000185000727225	6221	286737	10547	486220	0.9590570760510833	2020-10-15	Sep-Nov	Sep-Nov 2020
25-64	65+	0.963665777431311	36844	286737	64832	486220	0.924039534807843	2020-10-15	Sep-Nov	Sep-Nov 2020
5-11	0-4	2.0275014434459266	80	10547	1819	486220	1.9441299405877726	2020-10-15	Sep-Nov	Sep-Nov 2020
5-11	12-17	1.313100159074284	713	10547	25032	486220	1.2591050637715446	2020-10-15	Sep-Nov	Sep-Nov 2020
5-11	18-24	0.8352313182986842	1762	10547	97253	486220	0.80088634139824455	2020-10-15	Sep-Nov	Sep-Nov 2020
5-11	25-64	1.000185000727225	6221	10547	286737	486220	0.9590570760510833	2020-10-15	Sep-Nov	Sep-Nov 2020
5-11	5-11	1.8620208005973864	426	10547	10547	486220	1.7854539142946553	2020-10-15	Sep-Nov	Sep-Nov 2020
5-11	65+	0.9563937704433246	1345	10547	64832	486220	0.9170665550552469	2020-10-15	Sep-Nov	Sep-Nov 2020
65+	0-4	0.7173976570797337	174	64832	1819	486220	0.6878980377275509	2020-10-15	Sep-Nov	Sep-Nov 2020
65+	12-17	0.9128938977112258	3047	64832	25032	486220	0.8753554108962087	2020-10-15	Sep-Nov	Sep-Nov 2020
65+	18-24	0.6850920731854995	8884	64832	97253	486220	0.6569208696964367	2020-10-15	Sep-Nov	Sep-Nov 2020
65+	25-64	0.963665777431311	36844	64832	286737	486220	0.924039534807843	2020-10-15	Sep-Nov	Sep-Nov 2020
65+	5-11	0.9563937704433246	1345	64832	10547	486220	0.9170665550552469	2020-10-15	Sep-Nov	Sep-Nov 2020
65+	65+	1.6817391904169934	14538	64832	64832	486220	1.6125855411440135	2020-10-15	Sep-Nov	Sep-Nov 2020
0-4	0-4	27.443227626981994	4	122	122	102116	22.264544894532456	2020-07-15	Jun-Aug	Jun-Aug 2020
0-4	12-17	7.946371135090268	6	122	632	102116	6.446848719495562	2020-07-15	Jun-Aug	Jun-Aug 2020
0-4	18-24	0.24274283712973316	6	122	20689	102116	0.1969359751907388	2020-07-15	Jun-Aug	Jun-Aug 2020
0-4	25-64	1.0394885875540134	82	122	66028	102116	0.843331573076182	2020-07-15	Jun-Aug	Jun-Aug 2020
0-4	5-11	8.126388667833837	5	122	515	102116	6.592895988207917	2020-07-15	Jun-Aug	Jun-Aug 2020
0-4	65+	1.1255003306533014	19	122	14130	102116	0.9131124436691243	2020-07-15	Jun-Aug	Jun-Aug 2020
12-17	0-4	7.946371135090268	6	632	122	102116	6.446848719495562	2020-07-15	Jun-Aug	Jun-Aug 2020
12-17	12-17	8.692379526518186	34	632	632	102116	7.05208136736073	2020-07-15	Jun-Aug	Jun-Aug 2020
12-17	18-24	0.6403997017922445	82	632	20689	102116	0.5195528785754068	2020-07-15	Jun-Aug	Jun-Aug 2020
12-17	25-64	0.8466904959000899	346	632	66028	102116	0.6869155047639932	2020-07-15	Jun-Aug	Jun-Aug 2020
12-17	5-11	7.843495760108148	25	632	515	102116	6.363386473874741	2020-07-15	Jun-Aug	Jun-Aug 2020
12-17	65+	1.5894592034185278	139	632	14130	102116	1.289519814270891	2020-07-15	Jun-Aug	Jun-Aug 2020
18-24	0-4	0.24274283712973316	6	20689	122	102116	0.1969359751907388	2020-07-15	Jun-Aug	Jun-Aug 2020
18-24	12-17	0.6403997017922445	82	20689	632	102116	0.5195528785754068	2020-07-15	Jun-Aug	Jun-Aug 2020
18-24	18-24	3.3390177639350895	13996	20689	20689	102116	2.708927387086274	2020-07-15	Jun-Aug	Jun-Aug 2020
18-24	25-64	0.44716989928384143	5982	20689	66028	102116	0.36278656553866645	2020-07-15	Jun-Aug	Jun-Aug 2020
18-24	5-11	0.5462884221107132	57	20689	515	102116	0.44320089694875486	2020-07-15	Jun-Aug	Jun-Aug 2020
18-24	65+	0.19770997077091917	566	20689	14130	102116	0.1604010497656584	2020-07-15	Jun-Aug	Jun-Aug 2020
25-64	0-4	1.0394885875540134	82	66028	122	102116	0.843331573076182	2020-07-15	Jun-Aug	Jun-Aug 2020
25-64	12-17	0.8466904959000899	346	66028	632	102116	0.6869155047639932	2020-07-15	Jun-Aug	Jun-Aug 2020
25-64	18-24	0.44716989928384143	5982	66028	20689	102116	0.36278656553866645	2020-07-15	Jun-Aug	Jun-Aug 2020
25-64	25-64	1.232597735861256	52624	66028	66028	102116	1	2020-07-15	Jun-Aug	Jun-Aug 2020
25-64	5-11	0.9819880180282445	327	66028	515	102116	0.7966816662551287	2020-07-15	Jun-Aug	Jun-Aug 2020
25-64	65+	0.7297161295658267	6667	66028	14130	102116	0.5920148223020629	2020-07-15	Jun-Aug	Jun-Aug 2020
5-11	0-4	8.126388667833837	5	515	122	102116	6.592895988207917	2020-07-15	Jun-Aug	Jun-Aug 2020
5-11	12-17	7.843495760108148	25	515	632	102116	6.363386473874741	2020-07-15	Jun-Aug	Jun-Aug 2020
5-11	18-24	0.5462884221107132	57	515	20689	102116	0.44320089694875486	2020-07-15	Jun-Aug	Jun-Aug 2020
5-11	25-64	0.9819880180282445	327	515	66028	102116	0.7966816662551287	2020-07-15	Jun-Aug	Jun-Aug 2020
5-11	5-11	9.240399660665473	24	515	515	102116	7.496687193092161	2020-07-15	Jun-Aug	Jun-Aug 2020
5-11	65+	1.0805259071451638	77	515	14130	102116	0.8766249326185604	2020-07-15	Jun-Aug	Jun-Aug 2020
65+	0-4	1.1255003306533014	19	14130	122	102116	0.9131124436691243	2020-07-15	Jun-Aug	Jun-Aug 2020
65+	12-17	1.5894592034185278	139	14130	632	102116	1.289519814270891	2020-07-15	Jun-Aug	Jun-Aug 2020
65+	18-24	0.19770997077091917	566	14130	20689	102116	0.1604010497656584	2020-07-15	Jun-Aug	Jun-Aug 2020
65+	25-64	0.7297161295658267	6667	14130	66028	102116	0.5920148223020629	2020-07-15	Jun-Aug	Jun-Aug 2020
65+	5-11	1.0805259071451638	77	14130	515	102116	0.8766249326185604	2020-07-15	Jun-Aug	Jun-Aug 2020
65+	65+	3.407329238308318	6662	14130	14130	102116	2.764348123621618	2020-07-15	Jun-Aug	Jun-Aug 2020
0-4	0-4	4.303280123223413	46	414	414	16034	3.451468980018936	2024-10-15	Sep-Nov	Sep-Nov 2024
0-4	12-17	3.1894951217201855	21	414	255	16034	2.55815172596595	2024-10-15	Sep-Nov	Sep-Nov 2024
0-4	18-24	1.201953190071631	18	414	580	16034	0.9640330241526461	2024-10-15	Sep-Nov	Sep-Nov 2024
0-4	25-64	1.3505049909502178	180	414	5162	16034	1.083179795447268	2024-10-15	Sep-Nov	Sep-Nov 2024
0-4	5-11	2.6223203502415457	13	414	192	16034	2.103246148370991	2024-10-15	Sep-Nov	Sep-Nov 2024
0-4	65+	0.5584996442506135	136	414	9431	16034	0.4479476451183669	2024-10-15	Sep-Nov	Sep-Nov 2024
12-17	0-4	3.1894951217201855	21	255	414	16034	2.55815172596595	2024-10-15	Sep-Nov	Sep-Nov 2024
12-17	12-17	3.945328719723183	16	255	255	16034	3.1643721306021586	2024-10-15	Sep-Nov	Sep-Nov 2024
12-17	18-24	1.517762001352265	14	255	580	16034	1.2173291806982918	2024-10-15	Sep-Nov	Sep-Nov 2024
12-17	25-64	1.5713524929537874	129	255	5162	16034	1.2603117228731362	2024-10-15	Sep-Nov	Sep-Nov 2024
12-17	5-11	3.274938725490196	10	255	192	16034	2.626682228166285	2024-10-15	Sep-Nov	Sep-Nov 2024
12-17	65+	0.43336888567323867	65	255	9431	16034	0.34758584683679467	2024-10-15	Sep-Nov	Sep-Nov 2024
18-24	0-4	1.201953190071631	18	580	414	16034	0.9640330241526461	2024-10-15	Sep-Nov	Sep-Nov 2024
18-24	12-17	1.517762001352265	14	580	255	16034	1.2173291806982918	2024-10-15	Sep-Nov	Sep-Nov 2024
18-24	18-24	5.910276456599287	124	580	580	16034	4.74036903691236	2024-10-15	Sep-Nov	Sep-Nov 2024
18-24	25-64	1.1996209034188834	224	580	5162	16034	0.9621624010921049	2024-10-15	Sep-Nov	Sep-Nov 2024
18-24	5-11	1.1518767959770115	8	580	192	16034	0.9238689827935823	2024-10-15	Sep-Nov	Sep-Nov 2024
18-24	65+	0.5628044343855005	192	580	9431	16034	0.45140032521136647	2024-10-15	Sep-Nov	Sep-Nov 2024
25-64	0-4	1.3505049909502178	180	5162	414	16034	1.083179795447268	2024-10-15	Sep-Nov	Sep-Nov 2024
25-64	12-17	1.5713524929537874	129	5162	255	16034	1.2603117228731362	2024-10-15	Sep-Nov	Sep-Nov 2024
25-64	18-24	1.1996209034188834	224	5162	580	16034	0.9621624010921049	2024-10-15	Sep-Nov	Sep-Nov 2024
25-64	25-64	1.2467966967502062	2072	5162	5162	16034	1	2024-10-15	Sep-Nov	Sep-Nov 2024
25-64	5-11	1.5045474541521373	93	5162	192	16034	1.2067303820051514	2024-10-15	Sep-Nov	Sep-Nov 2024
25-64	65+	0.8115342409690219	2464	5162	9431	16034	0.6508954050682824	2024-10-15	Sep-Nov	Sep-Nov 2024
5-11	0-4	2.6223203502415457	13	192	414	16034	2.103246148370991	2024-10-15	Sep-Nov	Sep-Nov 2024
5-11	12-17	3.274938725490196	10	192	255	16034	2.626682228166285	2024-10-15	Sep-Nov	Sep-Nov 2024
5-11	18-24	1.1518767959770115	8	192	580	16034	0.9238689827935823	2024-10-15	Sep-Nov	Sep-Nov 2024
5-11	25-64	1.5045474541521373	93	192	5162	16034	1.2067303820051514	2024-10-15	Sep-Nov	Sep-Nov 2024
5-11	5-11	6.089328342013889	14	192	192	16034	4.8839785651388175	2024-10-15	Sep-Nov	Sep-Nov 2024
5-11	65+	0.47816432068002684	54	192	9431	16034	0.3835142665411042	2024-10-15	Sep-Nov	Sep-Nov 2024
65+	0-4	0.5584996442506135	136	9431	414	16034	0.4479476451183669	2024-10-15	Sep-Nov	Sep-Nov 2024
65+	12-17	0.43336888567323867	65	9431	255	16034	0.34758584683679467	2024-10-15	Sep-Nov	Sep-Nov 2024
65+	18-24	0.5628044343855005	192	9431	580	16034	0.45140032521136647	2024-10-15	Sep-Nov	Sep-Nov 2024
65+	25-64	0.8115342409690219	2464	9431	5162	16034	0.6508954050682824	2024-10-15	Sep-Nov	Sep-Nov 2024
65+	5-11	0.47816432068002684	54	9431	192	16034	0.3835142665411042	2024-10-15	Sep-Nov	Sep-Nov 2024
65+	65+	1.1753683431488804	6520	9431	9431	16034	0.9427105046175492	2024-10-15	Sep-Nov	Sep-Nov 2024
0-4	0-4	5.282368984345746	58	423	423	16296	3.955543452130766	2024-07-15	Jun-Aug	Jun-Aug 2024
0-4	12-17	1.0534223552009456	7	423	256	16296	0.7888237099285789	2024-07-15	Jun-Aug	Jun-Aug 2024
0-4	18-24	1.2858784131402943	25	423	749	16296	0.9628914512421867	2024-07-15	Jun-Aug	Jun-Aug 2024
0-4	25-64	1.1301505128942575	170	423	5795	16296	0.8462792876546448	2024-07-15	Jun-Aug	Jun-Aug 2024
0-4	5-11	5.2533983451536646	24	423	176	16296	3.933849658588535	2024-07-15	Jun-Aug	Jun-Aug 2024
0-4	65+	0.6018829626476478	139	423	8897	16296	0.4507019897522065	2024-07-15	Jun-Aug	Jun-Aug 2024
12-17	0-4	1.0534223552009456	7	256	423	16296	0.7888237099285789	2024-07-15	Jun-Aug	Jun-Aug 2024
12-17	12-17	5.9677886962890625	24	256	256	16296	4.468799429055775	2024-07-15	Jun-Aug	Jun-Aug 2024
12-17	18-24	2.4646664302403205	29	256	749	16296	1.8455914739608246	2024-07-15	Jun-Aug	Jun-Aug 2024
12-17	25-64	1.109453866479724	101	256	5795	16296	0.8307812252419878	2024-07-15	Jun-Aug	Jun-Aug 2024
12-17	5-11	4.340221058238637	12	256	176	16296	3.250044258285046	2024-07-15	Jun-Aug	Jun-Aug 2024
12-17	65+	0.5938487868101607	83	256	8897	16296	0.44468583833956993	2024-07-15	Jun-Aug	Jun-Aug 2024
18-24	0-4	1.2858784131402943	25	749	423	16296	0.9628914512421867	2024-07-15	Jun-Aug	Jun-Aug 2024
18-24	12-17	2.4646664302403205	29	749	256	16296	1.8455914739608246	2024-07-15	Jun-Aug	Jun-Aug 2024
18-24	18-24	2.7305209794634946	94	749	749	16296	2.0446686729439527	2024-07-15	Jun-Aug	Jun-Aug 2024
18-24	25-64	1.3065471246678055	348	749	5795	16296	0.9783685954532234	2024-07-15	Jun-Aug	Jun-Aug 2024
18-24	5-11	1.112581927418376	9	749	176	16296	0.8331235797803433	2024-07-15	Jun-Aug	Jun-Aug 2024
18-24	65+	0.5966855811495242	244	749	8897	16296	0.4468100866280489	2024-07-15	Jun-Aug	Jun-Aug 2024
25-64	0-4	1.1301505128942575	170	5795	423	16296	0.8462792876546448	2024-07-15	Jun-Aug	Jun-Aug 2024
25-64	12-17	1.109453866479724	101	5795	256	16296	0.8307812252419878	2024-07-15	Jun-Aug	Jun-Aug 2024
25-64	18-24	1.3065471246678055	348	5795	749	16296	0.9783685954532234	2024-07-15	Jun-Aug	Jun-Aug 2024
25-64	25-64	1.3354344474462156	2752	5795	5795	16296	1	2024-07-15	Jun-Aug	Jun-Aug 2024
25-64	5-11	1.1344193662248019	71	5795	176	16296	0.8494758903323035	2024-07-15	Jun-Aug	Jun-Aug 2024
25-64	65+	0.7437139429942309	2353	5795	8897	16296	0.5569078620193252	2024-07-15	Jun-Aug	Jun-Aug 2024
5-11	0-4	5.2533983451536646	24	176	423	16296	3.933849658588535	2024-07-15	Jun-Aug	Jun-Aug 2024
5-11	12-17	4.340221058238637	12	176	256	16296	3.250044258285046	2024-07-15	Jun-Aug	Jun-Aug 2024
5-11	18-24	1.112581927418376	9	176	749	16296	0.8331235797803433	2024-07-15	Jun-Aug	Jun-Aug 2024
5-11	25-64	1.1344193662248019	71	176	5795	16296	0.8494758903323035	2024-07-15	Jun-Aug	Jun-Aug 2024
5-11	5-11	3.1565405475206614	6	176	176	16296	2.3636806385794467	2024-07-15	Jun-Aug	Jun-Aug 2024
5-11	65+	0.5619776073650975	54	176	8897	16296	0.4208200622949192	2024-07-15	Jun-Aug	Jun-Aug 2024
65+	0-4	0.6018829626476478	139	8897	423	16296	0.4507019897522065	2024-07-15	Jun-Aug	Jun-Aug 2024
65+	12-17	0.5938487868101607	83	8897	256	16296	0.44468583833956993	2024-07-15	Jun-Aug	Jun-Aug 2024
65+	18-24	0.5966855811495242	244	8897	749	16296	0.4468100866280489	2024-07-15	Jun-Aug	Jun-Aug 2024
65+	25-64	0.7437139429942309	2353	8897	5795	16296	0.5569078620193252	2024-07-15	Jun-Aug	Jun-Aug 2024
65+	5-11	0.5619776073650975	54	8897	176	16296	0.4208200622949192	2024-07-15	Jun-Aug	Jun-Aug 2024
65+	65+	1.2401630923831009	6024	8897	8897	16296	0.9286589055379659	2024-07-15	Jun-Aug	Jun-Aug 2024
0-4	0-4	1.813840830449827	6	85	85	2184	1.5215058911591304	2025-01-15	Dec-Feb	Dec-Feb 2025
0-4	12-17	0.4016544117647059	1	85	64	2184	0.33692016600954966	2025-01-15	Dec-Feb	Dec-Feb 2025
0-4	18-24	0.5976744186046512	2	85	86	2184	0.5013478215045832	2025-01-15	Dec-Feb	Dec-Feb 2025
0-4	25-64	1.1195822119697552	40	85	918	2184	0.939140250099289	2025-01-15	Dec-Feb	Dec-Feb 2025
0-4	5-11	2.056	2	85	25	2184	1.7246365059757665	2025-01-15	Dec-Feb	Dec-Feb 2025
0-4	65+	0.8684013565664834	34	85	1006	2184	0.7284419656485581	2025-01-15	Dec-Feb	Dec-Feb 2025
12-17	0-4	0.4016544117647059	1	64	85	2184	0.33692016600954966	2025-01-15	Dec-Feb	Dec-Feb 2025
12-17	12-17	5.332275390625	10	64	64	2184	4.472877820324934	2025-01-15	Dec-Feb	Dec-Feb 2025
12-17	18-24	1.9841933139534884	5	64	86	2184	1.6644028327612943	2025-01-15	Dec-Feb	Dec-Feb 2025
12-17	25-64	1.0780398965141613	29	64	918	2184	0.9042932686900097	2025-01-15	Dec-Feb	Dec-Feb 2025
12-17	5-11	1.365625	1	64	25	2184	1.1455285644324689	2025-01-15	Dec-Feb	Dec-Feb 2025
12-17	65+	0.6106020129224652	18	64	1006	2184	0.5121918881850049	2025-01-15	Dec-Feb	Dec-Feb 2025
18-24	0-4	0.5976744186046512	2	86	85	2184	0.5013478215045832	2025-01-15	Dec-Feb	Dec-Feb 2025
18-24	12-17	1.9841933139534884	5	86	64	2184	1.6644028327612943	2025-01-15	Dec-Feb	Dec-Feb 2025
18-24	18-24	1.7719037317468902	6	86	86	2184	1.486327753329464	2025-01-15	Dec-Feb	Dec-Feb 2025
18-24	25-64	1.2725464862947764	46	86	918	2184	1.067451423061849	2025-01-15	Dec-Feb	Dec-Feb 2025
18-24	5-11	4.0637209302325585	4	86	25	2184	3.40877503228447	2025-01-15	Dec-Feb	Dec-Feb 2025
18-24	65+	0.5806209256091359	23	86	1006	2184	0.4870428231706982	2025-01-15	Dec-Feb	Dec-Feb 2025
25-64	0-4	1.1195822119697552	40	918	85	2184	0.939140250099289	2025-01-15	Dec-Feb	Dec-Feb 2025
25-64	12-17	1.0780398965141613	29	918	64	2184	0.9042932686900097	2025-01-15	Dec-Feb	Dec-Feb 2025
25-64	18-24	1.2725464862947764	46	918	86	2184	1.067451423061849	2025-01-15	Dec-Feb	Dec-Feb 2025
25-64	25-64	1.1921352661132234	460	918	918	2184	1	2025-01-15	Dec-Feb	Dec-Feb 2025
25-64	5-11	1.142004357298475	12	918	25	2184	0.9579486403600889	2025-01-15	Dec-Feb	Dec-Feb 2025
25-64	65+	0.7827815243614565	331	918	1006	2184	0.6566213974305091	2025-01-15	Dec-Feb	Dec-Feb 2025
5-11	0-4	2.056	2	25	85	2184	1.7246365059757665	2025-01-15	Dec-Feb	Dec-Feb 2025
5-11	12-17	1.365625	1	25	64	2184	1.1455285644324689	2025-01-15	Dec-Feb	Dec-Feb 2025
5-11	18-24	4.0637209302325585	4	25	86	2184	3.40877503228447	2025-01-15	Dec-Feb	Dec-Feb 2025
5-11	25-64	1.142004357298475	12	25	918	2184	0.9579486403600889	2025-01-15	Dec-Feb	Dec-Feb 2025
5-11	5-11	0.0016	0	25	25	2184	NA	2025-01-15	Dec-Feb	Dec-Feb 2025
5-11	65+	0.5210735586481113	6	25	1006	2184	0.4370926466649987	2025-01-15	Dec-Feb	Dec-Feb 2025
65+	0-4	0.8684013565664834	34	1006	85	2184	0.7284419656485581	2025-01-15	Dec-Feb	Dec-Feb 2025
65+	12-17	0.6106020129224652	18	1006	64	2184	0.5121918881850049	2025-01-15	Dec-Feb	Dec-Feb 2025
65+	18-24	0.5806209256091359	23	1006	86	2184	0.4870428231706982	2025-01-15	Dec-Feb	Dec-Feb 2025
65+	25-64	0.7827815243614565	331	1006	918	2184	0.6566213974305091	2025-01-15	Dec-Feb	Dec-Feb 2025
65+	5-11	0.5210735586481113	6	1006	25	2184	0.4370926466649987	2025-01-15	Dec-Feb	Dec-Feb 2025
65+	65+	1.2818684315577706	594	1006	1006	2184	1.0752709595926213	2025-01-15	Dec-Feb	Dec-Feb 2025
0-4	0-4	2.5484434176404376	8	802	802	204896	2.3913151212358272	2020-04-15	Mar-May	Mar-May 2020
0-4	12-17	3.2098633128672036	27	802	2149	204896	3.011954130127937	2020-04-15	Mar-May	Mar-May 2020
0-4	18-24	1.593579587858489	47	802	7535	204896	1.4953249261728068	2020-04-15	Mar-May	Mar-May 2020
0-4	25-64	0.9816058048952516	387	802	100724	204896	0.9210833515433645	2020-04-15	Mar-May	Mar-May 2020
0-4	5-11	2.589055719641726	31	802	3059	204896	2.4294234077340207	2020-04-15	Mar-May	Mar-May 2020
0-4	65+	0.8513506225278386	302	802	90627	204896	0.7988592577854107	2020-04-15	Mar-May	Mar-May 2020
12-17	0-4	3.2098633128672036	27	2149	802	204896	3.011954130127937	2020-04-15	Mar-May	Mar-May 2020
12-17	12-17	2.484555566117629	56	2149	2149	204896	2.33136637591457	2020-04-15	Mar-May	Mar-May 2020
12-17	18-24	1.4678166694096697	116	2149	7535	204896	1.3773161187197227	2020-04-15	Mar-May	Mar-May 2020
12-17	25-64	1.0024438652799612	1059	2149	100724	204896	0.9406366084649244	2020-04-15	Mar-May	Mar-May 2020
12-17	5-11	2.025960515020937	65	2149	3059	204896	1.9010467256447583	2020-04-15	Mar-May	Mar-May 2020
12-17	65+	0.8689994681229686	826	2149	90627	204896	0.8154199359828755	2020-04-15	Mar-May	Mar-May 2020
18-24	0-4	1.593579587858489	47	7535	802	204896	1.4953249261728068	2020-04-15	Mar-May	Mar-May 2020
18-24	12-17	1.4678166694096697	116	7535	2149	204896	1.3773161187197227	2020-04-15	Mar-May	Mar-May 2020
18-24	18-24	1.5012751728386309	416	7535	7535	204896	1.4087116853741612	2020-04-15	Mar-May	Mar-May 2020
18-24	25-64	1.0466779151985413	3877	7535	100724	204896	0.9821433383030694	2020-04-15	Mar-May	Mar-May 2020
18-24	5-11	1.1733962441373622	132	7535	3059	204896	1.1010486489062385	2020-04-15	Mar-May	Mar-May 2020
18-24	65+	0.8842452919731093	2947	7535	90627	204896	0.8297257545292785	2020-04-15	Mar-May	Mar-May 2020
25-64	0-4	0.9816058048952516	387	100724	802	204896	0.9210833515433645	2020-04-15	Mar-May	Mar-May 2020
25-64	12-17	1.0024438652799612	1059	100724	2149	204896	0.9406366084649244	2020-04-15	Mar-May	Mar-May 2020
25-64	18-24	1.0466779151985413	3877	100724	7535	204896	0.9821433383030694	2020-04-15	Mar-May	Mar-May 2020
25-64	25-64	1.0657079006481616	52768	100724	100724	204896	1	2020-04-15	Mar-May	Mar-May 2020
25-64	5-11	0.9908486195122209	1490	100724	3059	204896	0.9297562858543027	2020-04-15	Mar-May	Mar-May 2020
25-64	65+	0.9235041845648844	41143	100724	90627	204896	0.8665640782086825	2020-04-15	Mar-May	Mar-May 2020
5-11	0-4	2.589055719641726	31	3059	802	204896	2.4294234077340207	2020-04-15	Mar-May	Mar-May 2020
5-11	12-17	2.025960515020937	65	3059	2149	204896	1.9010467256447583	2020-04-15	Mar-May	Mar-May 2020
5-11	18-24	1.1733962441373622	132	3059	7535	204896	1.1010486489062385	2020-04-15	Mar-May	Mar-May 2020
5-11	25-64	0.9908486195122209	1490	3059	100724	204896	0.9297562858543027	2020-04-15	Mar-May	Mar-May 2020
5-11	5-11	1.7955123820181949	82	3059	3059	204896	1.6848072355719308	2020-04-15	Mar-May	Mar-May 2020
5-11	65+	0.9305123274473945	1259	3059	90627	204896	0.8731401229937947	2020-04-15	Mar-May	Mar-May 2020
65+	0-4	0.8513506225278386	302	90627	802	204896	0.7988592577854107	2020-04-15	Mar-May	Mar-May 2020
65+	12-17	0.8689994681229686	826	90627	2149	204896	0.8154199359828755	2020-04-15	Mar-May	Mar-May 2020
65+	18-24	0.8842452919731093	2947	90627	7535	204896	0.8297257545292785	2020-04-15	Mar-May	Mar-May 2020
65+	25-64	0.9235041845648844	41143	90627	100724	204896	0.8665640782086825	2020-04-15	Mar-May	Mar-May 2020
65+	5-11	0.9305123274473945	1259	90627	3059	204896	0.8731401229937947	2020-04-15	Mar-May	Mar-May 2020
65+	65+	1.1014099113856741	44150	90627	90627	204896	1.0335007469831072	2020-04-15	Mar-May	Mar-May 2020
12-17	12-17	1	0	1	1	6	NA	2020-01-15	Dec-Feb	Dec-Feb 2020
12-17	25-64	1.4	1	1	5	6	1.4	2020-01-15	Dec-Feb	Dec-Feb 2020
25-64	12-17	1.4	1	5	1	6	1.4	2020-01-15	Dec-Feb	Dec-Feb 2020
25-64	25-64	1	4	5	5	6	1	2020-01-15	Dec-Feb	Dec-Feb 2020
