state	x	year_month	RR	nRR	nRR_fixed	N_pairs	date	share_inperson	share_hybrid	share_virtual	trajectory_type
Alabama	Primary School	2020-10-01	0.04	NA	0.04373272761688434	0	2020-10-01	0.6643356643356644	0.2727272727272727	0.06293706293706294	Other
Alabama	Primary School	2020-11-01	2.333827160493827	1	2.1080003311460462	5	2020-11-01	0.6643356643356644	0.27972027972027974	0.05594405594405594	Other
Alabama	Primary School	2020-12-01	2.6121356335514574	1	2.3157528962221576	5	2020-12-01	0.6643356643356644	0.27972027972027974	0.05594405594405594	Other
Alabama	Primary School	2021-01-01	1.0173611111111112	1	0.861841370749131	1	2021-01-01	0.6923076923076923	0.2727272727272727	0.03496503496503497	Other
Alabama	Primary School	2021-02-01	6.5	1	6.910114540865851	1	2021-02-01	0.6923076923076923	0.2727272727272727	0.03496503496503497	Other
Alabama	Primary School	2021-03-01	5.833333333333333	1	6.177551734868523	1	2021-03-01	0.7622377622377622	0.23776223776223776	0	Other
Alabama	Secondary School	2020-09-01	1	NA	0.7346938775510203	0	2020-09-01	0.5664335664335665	0.32167832167832167	0.11188811188811187	Other
Alabama	Secondary School	2020-10-01	1.725206611570248	1	1.8861997706662412	6	2020-10-01	0.6643356643356644	0.2727272727272727	0.06293706293706294	Other
Alabama	Secondary School	2020-11-01	1.2304958767361112	1	1.1114300834020254	48	2020-11-01	0.6643356643356644	0.27972027972027974	0.05594405594405594	Other
Alabama	Secondary School	2020-12-01	1.233138625554598	1	1.093222077327179	44	2020-12-01	0.6643356643356644	0.27972027972027974	0.05594405594405594	Other
Alabama	Secondary School	2021-01-01	0.8279384756657484	1	0.7275883522659181	2	2021-01-01	0.6923076923076923	0.2727272727272727	0.03496503496503497	Other
Alabama	Secondary School	2021-02-01	8.28	1	8.802422830518346	2	2021-02-01	0.6923076923076923	0.2727272727272727	0.03496503496503497	Other
Alabama	Secondary School	2021-03-01	16.76	1	17.748988641667964	2	2021-03-01	0.7622377622377622	0.23776223776223776	0	Other
Alaska	Primary School	2021-03-01	0.25	NA	0.2515090543259557	0	2021-03-01	0.6996375668269231	0.138648646	0.1617137861730769	Other
Alaska	Primary School	2021-04-01	0.25	NA	0.28056502679006334	0	2021-04-01	0.7958277548846154	0.14337514434615384	0.06079710073076923	Other
Alaska	Secondary School	2021-01-01	0.1111111111111111	NA	0.11897738446411012	0	2021-01-01	0.6165431013076923	0.042360295	0.34109660328846153	Other
Alaska	Secondary School	2021-02-01	0.015625	NA	0.0188821752265861	0	2021-02-01	0.6834194059423077	0.08354867748076923	0.2330319168653846	Other
Alaska	Secondary School	2021-03-01	0.01234567901234567	NA	0.01242020021362744	0	2021-03-01	0.6996375668269231	0.138648646	0.1617137861730769	Other
Alaska	Secondary School	2021-04-01	0.1111111111111111	NA	0.12469556746225036	0	2021-04-01	0.7958277548846154	0.14337514434615384	0.06079710073076923	Other
Alaska	Secondary School	2021-06-01	1	NA	1.6530612244897958	0	2021-06-01	0.875	0	0.125	Other
Arizona	Primary School	2021-01-01	0.25	NA	0.2604467274616184	0	2021-01-01	0.04745382902102803	0.3637122799672897	0.5888338910186915	Persistent Low
Arizona	Primary School	2021-02-01	0.25	NA	0.23694390715667313	0	2021-02-01	0.06193200960514018	0.4993212780864486	0.4387467123037383	Persistent Low
Arizona	Primary School	2021-03-01	11.97222222222222	1	12.231673380580364	1	2021-03-01	0.0725617074135514	0.7268069087149532	0.2006313839813084	Persistent Low
Arizona	Primary School	2021-04-01	3.8836805555555554	1	3.742054554976358	2	2021-04-01	0.09792479032476636	0.8586010422663551	0.04347416748598131	Persistent Low
Arizona	Primary School	2021-05-01	3.224965706447188	1	3.109357670487491	2	2021-05-01	0.1106795147406542	0.8458096761682243	0.04351080920560748	Persistent Low
Arizona	Secondary School	2021-01-01	8.125	1	9.04898668399035	4	2021-01-01	0.04745382902102803	0.3637122799672897	0.5888338910186915	Persistent Low
Arizona	Secondary School	2021-02-01	3.0330578512396693	1	2.8746583116198026	2	2021-02-01	0.06193200960514018	0.4993212780864486	0.4387467123037383	Persistent Low
Arizona	Secondary School	2021-03-01	4.767313019390581	1	4.870625910028453	4	2021-03-01	0.0725617074135514	0.7268069087149532	0.2006313839813084	Persistent Low
Arizona	Secondary School	2021-04-01	3.757403906742281	1	3.620382830919932	16	2021-04-01	0.09792479032476636	0.8586010422663551	0.04347416748598131	Persistent Low
Arizona	Secondary School	2021-05-01	2.9972366882771815	1	2.889792244404381	24	2021-05-01	0.1106795147406542	0.8458096761682243	0.04351080920560748	Persistent Low
Arkansas	Primary School	2021-03-01	0.1111111111111111	NA	0.08978581272043538	0	2021-03-01	0.8212177393103448	0.17495084353256704	0.00383141762452107	Other
Arkansas	Primary School	2021-04-01	0.015625	NA	0.01549660867605172	0	2021-04-01	0.8212177393103448	0.17495084353256704	0.00383141762452107	Other
Arkansas	Primary School	2021-05-01	0.02040816326530612	NA	0.02089704383282364	0	2021-05-01	0.8322174435	0.16393640300384615	0.00384615384615384	Other
Arkansas	Secondary School	2021-01-01	1	NA	2.3333333333333335	0	2021-01-01	0.806537976091954	0.18579918889655173	0.00766283524904214	Other
Arkansas	Secondary School	2021-02-01	0.01234567901234567	NA	0.01173020527859237	0	2021-02-01	0.806537976091954	0.18579918889655173	0.00766283524904214	Other
Arkansas	Secondary School	2021-03-01	1.9467455621301777	1	1.5731111921018297	4	2021-03-01	0.8212177393103448	0.17495084353256704	0.00383141762452107	Other
Arkansas	Secondary School	2021-04-01	19.078125	1	18.92135919345915	5	2021-04-01	0.8212177393103448	0.17495084353256704	0.00383141762452107	Other
Arkansas	Secondary School	2021-05-01	25.571428571428573	1	26.18399592252803	4	2021-05-01	0.8322174435	0.16393640300384615	0.00384615384615384	Other
California	Primary School	2020-09-01	1	NA	0.948553611640395	0	2020-09-01	0.04452298624472574	0.02708588568776371	0.928391128153481	Other
California	Primary School	2020-10-01	1	NA	0.7697228144989339	0	2020-10-01	0.08158523901107595	0.08212834307594936	0.836286417992616	Other
California	Primary School	2020-11-01	16.25	1	6.628895184135978	2	2020-11-01	0.11083905426054852	0.12433030922732068	0.7648306365886076	Other
California	Primary School	2020-12-01	32.6875	1	28.845595164529588	2	2020-12-01	0.09746667536445149	0.1059589093950422	0.7965744153966244	Other
California	Primary School	2021-01-01	1.709996040362575	1	1.6718026433067734	65	2021-01-01	0.11356909827373418	0.08741410408122363	0.7990167977378692	Other
California	Primary School	2021-02-01	1.464476987830752	1	1.440677482005918	97	2021-02-01	0.12964769688185654	0.10661144527320676	0.7637408578154008	Other
California	Primary School	2021-03-01	1.762642697992009	1	1.7058919690465577	164	2021-03-01	0.14969747674314346	0.2060548825385021	0.6442476405996835	Other
California	Primary School	2021-04-01	1.7592345945129764	1	1.6786257350490763	273	2021-04-01	0.21737133865400843	0.544678227546941	0.2379504338649789	Other
California	Primary School	2021-05-01	1.420844685152683	1	1.3817426124601402	193	2021-05-01	0.25403805763343884	0.5881745905896625	0.15778735186339662	Other
California	Primary School	2021-06-01	1.8930168395247695	1	1.8719702674607432	113	2021-06-01	0.2848277887682353	0.5943985665641176	0.1207736447117647	Other
California	Secondary School	2020-09-01	0.25	NA	0.23713840291009872	0	2020-09-01	0.04452298624472574	0.02708588568776371	0.928391128153481	Other
California	Secondary School	2020-10-01	0.25	NA	0.19243070362473347	0	2020-10-01	0.08158523901107595	0.08212834307594936	0.836286417992616	Other
California	Secondary School	2020-12-01	0.4317355371900826	1	0.3809917712864499	5	2020-12-01	0.09746667536445149	0.1059589093950422	0.7965744153966244	Other
California	Secondary School	2021-01-01	1.1944973136739034	1	1.1670151537952411	116	2021-01-01	0.11356909827373418	0.08741410408122363	0.7990167977378692	Other
California	Secondary School	2021-02-01	1.335574114339509	1	1.3138694346635222	162	2021-02-01	0.12964769688185654	0.10661144527320676	0.7637408578154008	Other
California	Secondary School	2021-03-01	1.5985248837065515	1	1.5470581556560317	384	2021-03-01	0.14969747674314346	0.2060548825385021	0.6442476405996835	Other
California	Secondary School	2021-04-01	1.5543703978640102	1	1.4831485009395966	392	2021-04-01	0.21737133865400843	0.544678227546941	0.2379504338649789	Other
California	Secondary School	2021-05-01	1.1727891284889649	1	1.140513619255335	150	2021-05-01	0.25403805763343884	0.5881745905896625	0.15778735186339662	Other
California	Secondary School	2021-06-01	1.0123280982529834	1	1.001073028658532	156	2021-06-01	0.2848277887682353	0.5943985665641176	0.1207736447117647	Other
Colorado	Primary School	2021-02-01	1.8023431594860169	1	1.8706814728818264	13	2021-02-01	0.6797752808988764	0.2808988764044944	0.03932584269662921	Other
Colorado	Primary School	2021-03-01	2.019773984222987	1	2.049715795426237	30	2021-03-01	0.7696629213483146	0.2303370786516854	0	Other
Colorado	Primary School	2021-04-01	1.3051138859983813	1	1.2831486606747573	84	2021-04-01	0.8651685393258427	0.1348314606741573	0	Other
Colorado	Primary School	2021-05-01	1.0236141219263193	1	1.0094431715485506	76	2021-05-01	0.8707865168539326	0.12921348314606745	0	Other
Colorado	Secondary School	2021-01-01	0.1111111111111111	NA	0.11316041558560148	0	2021-01-01	0.6348314606741573	0.24719101123595505	0.11797752808988764	Other
Colorado	Secondary School	2021-02-01	2.508108108108108	1	2.6032064677186844	39	2021-02-01	0.6797752808988764	0.2808988764044944	0.03932584269662921	Other
Colorado	Secondary School	2021-03-01	1.529615122873346	1	1.5522906536903889	72	2021-03-01	0.7696629213483146	0.2303370786516854	0	Other
Colorado	Secondary School	2021-04-01	1.2266426883443546	1	1.2059981428145607	144	2021-04-01	0.8651685393258427	0.1348314606741573	0	Other
Colorado	Secondary School	2021-05-01	1.318888881153932	1	1.3006301364880697	135	2021-05-01	0.8707865168539326	0.12921348314606745	0	Other
Connecticut	Primary School	2021-01-01	8.673469387755102	1	9.133997620858027	2	2021-01-01	0.450726410822335	0.2926658460507614	0.25660773303553297	Other
Connecticut	Primary School	2021-02-01	1.2852416128039397	1	1.2435046347529253	14	2021-02-01	0.5593425194771574	0.3753927983553299	0.06526468567005077	Other
Connecticut	Primary School	2021-03-01	1.3664011826358495	1	1.302509631727213	51	2021-03-01	0.641231372538071	0.3337154071573604	0.02505321710659898	Other
Connecticut	Primary School	2021-04-01	1.403855792041164	1	1.3743043580559895	53	2021-04-01	0.7443307209137056	0.2266331928426396	0.02903608360406091	Other
Connecticut	Primary School	2021-05-01	1.1749857966074182	1	1.1992699636739008	14	2021-05-01	0.8487309638578681	0.15093062637055835	3.384094923857868e-4	Other
Connecticut	Secondary School	2021-01-01	0.00694444444444444	NA	0.00731316802977195	0	2021-01-01	0.450726410822335	0.2926658460507614	0.25660773303553297	Other
Connecticut	Secondary School	2021-02-01	2.062098765432099	1	1.9951341028702492	14	2021-02-01	0.5593425194771574	0.3753927983553299	0.06526468567005077	Other
Connecticut	Secondary School	2021-03-01	1.8641595784023668	1	1.7769933433910936	25	2021-03-01	0.641231372538071	0.3337154071573604	0.02505321710659898	Other
Connecticut	Secondary School	2021-04-01	1.5541086139699876	1	1.5213943292322725	21	2021-04-01	0.7443307209137056	0.2266331928426396	0.02903608360406091	Other
Connecticut	Secondary School	2021-05-01	1.431280276816609	1	1.4608614423605095	10	2021-05-01	0.8487309638578681	0.15093062637055835	3.384094923857868e-4	Other
Delaware	Primary School	2021-01-01	0.625	NA	0.62065854242516	0	2021-01-01	0.075	0.55	0.375	Other
Delaware	Primary School	2021-02-01	0.25	NA	0.2775750202757502	0	2021-02-01	0.1	0.775	0.125	Other
Delaware	Primary School	2021-03-01	0.02040816326530612	NA	0.01621334613193455	0	2021-03-01	0.0975609756097561	0.7804878048780488	0.12195121951219512	Other
Delaware	Primary School	2021-04-01	0.02777777777777777	NA	0.02201281507913721	0	2021-04-01	0.09523809523809525	0.8333333333333334	0.07142857142857142	Other
Delaware	Secondary School	2021-01-01	0.04	NA	0.04998514115898959	0	2021-01-01	0.075	0.55	0.375	Other
Delaware	Secondary School	2021-02-01	0.3958333333333333	1	0.4394937821032711	1	2021-02-01	0.1	0.775	0.125	Other
Delaware	Secondary School	2021-03-01	0.6674382716049383	1	0.5302489782423196	4	2021-03-01	0.0975609756097561	0.7804878048780488	0.12195121951219512	Other
Delaware	Secondary School	2021-04-01	0.6748046875	1	0.5347566288170091	3	2021-04-01	0.09523809523809525	0.8333333333333334	0.07142857142857142	Other
Delaware	Secondary School	2021-05-01	0.1111111111111111	NA	0.09544958703443976	0	2021-05-01	0.16666666666666666	0.7857142857142857	0.04761904761904761	Other
Delaware	Secondary School	2021-06-01	1	NA	0.7299270072992701	0	2021-06-01	0.16666666666666666	0.7857142857142857	0.04761904761904761	Other
District of Columbia	Primary School	2021-01-01	1	NA	0.8412617002179766	0	2021-01-01	0	0	1	Persistent Low
District of Columbia	Primary School	2021-02-01	1	NA	0.8587275104838347	0	2021-02-01	0	1	0	Persistent Low
District of Columbia	Primary School	2021-03-01	4.583333333333333	1	4.700353123491603	1	2021-03-01	0	1	0	Persistent Low
District of Columbia	Primary School	2021-04-01	1.2892561983471074	1	1.2937928377079064	1	2021-04-01	0	1	0	Persistent Low
District of Columbia	Secondary School	2020-12-01	1	NA	0.708912037037037	0	2020-12-01	0	0	1	Persistent Low
District of Columbia	Secondary School	2021-01-01	64	1	52.9630652974807	2	2021-01-01	0	0	1	Persistent Low
District of Columbia	Secondary School	2021-02-01	1	NA	0.8587275104838347	0	2021-02-01	0	1	0	Persistent Low
District of Columbia	Secondary School	2021-03-01	6.6	1	6.768508497827909	1	2021-03-01	0	1	0	Persistent Low
District of Columbia	Secondary School	2021-04-01	6.24	1	6.261957334506268	1	2021-04-01	0	1	0	Persistent Low
Florida	Primary School	2021-01-01	0.9301801383105295	1	0.8841021035660172	1	2021-01-01	0.996605746716418	0	0.00339425379104477	Persistent High
Florida	Secondary School	2020-12-01	1.06	1	0.9624707244884828	1	2020-12-01	0.9870857198507462	0	0.01291428019402985	Persistent High
Florida	Secondary School	2021-01-01	1.7454576672469186	1	1.7380947419483894	33	2021-01-01	0.996605746716418	0	0.00339425379104477	Persistent High
Georgia	Primary School	2021-01-01	0.015625	NA	0.0154355827381441	0	2021-01-01	0.5070534025352113	0.19105924018779344	0.301887356713615	Other
Georgia	Primary School	2021-02-01	0.78522207132438	1	0.8156681265372026	7	2021-02-01	0.6880197684976526	0.13205267985915492	0.1799275510798122	Other
Georgia	Primary School	2021-03-01	0.626521114622235	1	0.6340610673922848	13	2021-03-01	0.7159382315023474	0.14531521169014083	0.13874655624413146	Other
Georgia	Primary School	2021-04-01	0.6957312336699386	1	0.695095328889105	12	2021-04-01	0.7618444571830986	0.12751637408450706	0.11063916859154928	Other
Georgia	Primary School	2021-05-01	0.9023526077097506	1	0.8789246243313863	6	2021-05-01	0.774478268028169	0.1161816569483568	0.10934007460093896	Other
Georgia	Secondary School	2021-01-01	2.1434240362811794	1	2.018064418015293	3	2021-01-01	0.5070534025352113	0.19105924018779344	0.301887356713615	Other
Georgia	Secondary School	2021-02-01	2.0903466699995312	1	2.171397384762813	60	2021-02-01	0.6880197684976526	0.13205267985915492	0.1799275510798122	Other
Georgia	Secondary School	2021-03-01	1.648703896404209	1	1.6685454455883575	85	2021-03-01	0.7159382315023474	0.14531521169014083	0.13874655624413146	Other
Georgia	Secondary School	2021-04-01	1.0387619933096264	1	1.0378125552425592	33	2021-04-01	0.7618444571830986	0.12751637408450706	0.11063916859154928	Other
Georgia	Secondary School	2021-05-01	0.960728836577637	1	0.9357852180607212	8	2021-05-01	0.774478268028169	0.1161816569483568	0.10934007460093896	Other
Hawaii	Primary School	2021-02-01	0.0625	NA	0.05666666666666666	0	2021-02-01	0	0	1	Persistent Low
Hawaii	Primary School	2021-03-01	0.04	NA	0.03530625402965828	0	2021-03-01	0.17567505	0.79833984	0.025985088	Persistent Low
Hawaii	Primary School	2021-04-01	1	NA	0.9596003475238922	0	2021-04-01	0.17567505	0.80454063	0.019784328	Persistent Low
Hawaii	Primary School	2021-05-01	1	NA	0.9500151469251742	0	2021-05-01	0.17863345	0.80158222	0.019784328	Persistent Low
Hawaii	Secondary School	2021-04-01	0.7407407407407407	1	0.7108150722399201	1	2021-04-01	0.17567505	0.80454063	0.019784328	Persistent Low
Hawaii	Secondary School	2021-05-01	0.296875	1	0.2820357467434111	1	2021-05-01	0.17863345	0.80158222	0.019784328	Persistent Low
Idaho	Primary School	2020-09-01	162	1	153.95081347602655	1	2020-09-01	0.6876891612883436	0.25231083877300614	0.05999999981595092	Other
Idaho	Primary School	2020-10-01	47.798816568047336	1	40.415004332525605	1	2020-10-01	0.6958325081104294	0.2822085884171779	0.02195890203067484	Other
Idaho	Primary School	2020-11-01	55.18388429752066	1	48.92689196071291	2	2020-11-01	0.6797546003067485	0.28834355699386505	0.03190184030674847	Other
Idaho	Primary School	2020-12-01	45.4768	1	42.97485833506287	3	2020-12-01	0.6842850406134969	0.2553091081595092	0.0604058518404908	Other
Idaho	Primary School	2021-01-01	1.7103351757369614	1	1.4664504920328008	1	2021-01-01	0.7232917278282208	0.25111064036809816	0.02559763036809816	Other
Idaho	Primary School	2021-02-01	0.8865960555149744	1	0.833668734895529	3	2021-02-01	0.7605170902699386	0.23203330460122695	0.00744960564417177	Other
Idaho	Primary School	2021-03-01	0.7440018107741059	1	0.6939324015375327	3	2021-03-01	0.8528514415337424	0.14382544975460124	0.00332310852760736	Other
Idaho	Primary School	2021-04-01	1.6047985513807153	1	1.5189268958416542	2	2021-04-01	0.90674846601227	0.09325153374233128	0	Other
Idaho	Primary School	2021-05-01	2.5850694444444446	1	2.4314740232202916	2	2021-05-01	0.9079754601226994	0.0920245398773006	0	Other
Idaho	Primary School	2021-06-01	0.00346020761245674	NA	0.00322195202480205	0	2021-06-01	0.8333333333333334	0.16666666666666666	0	Other
Idaho	Secondary School	2020-08-01	5.165289256198347e-4	NA	4.841317846646076e-4	0	2020-08-01	0.7515243902439024	0.17073170731707318	0.07774390243902439	Other
Idaho	Secondary School	2020-09-01	0.04	NA	0.0380125465372905	0	2020-09-01	0.6876891612883436	0.25231083877300614	0.05999999981595092	Other
Idaho	Secondary School	2020-10-01	34.35444234404537	1	29.04747514406536	9	2020-10-01	0.6958325081104294	0.2822085884171779	0.02195890203067484	Other
Idaho	Secondary School	2020-11-01	36.96622837370242	1	32.77483426291611	20	2020-11-01	0.6797546003067485	0.28834355699386505	0.03190184030674847	Other
Idaho	Secondary School	2020-12-01	37.54381953970432	1	35.47831698967294	26	2020-12-01	0.6842850406134969	0.2553091081595092	0.0604058518404908	Other
Idaho	Secondary School	2021-01-01	5.487303630493217	1	4.860660456458364	32	2021-01-01	0.7232917278282208	0.25111064036809816	0.02559763036809816	Other
Idaho	Secondary School	2021-02-01	2.27546875	1	2.1396295892665074	9	2021-02-01	0.7605170902699386	0.23203330460122695	0.00744960564417177	Other
Idaho	Secondary School	2021-03-01	0.3648283038501561	1	0.3402762968764734	4	2021-03-01	0.8528514415337424	0.14382544975460124	0.00332310852760736	Other
Idaho	Secondary School	2021-04-01	0.6513862633900441	1	0.6165310369913283	7	2021-04-01	0.90674846601227	0.09325153374233128	0	Other
Idaho	Secondary School	2021-05-01	0.908447265625	1	0.854470634272418	5	2021-05-01	0.9079754601226994	0.0920245398773006	0	Other
Idaho	Secondary School	2021-06-01	0.5922222222222222	1	0.55144424893826	1	2021-06-01	0.8333333333333334	0.16666666666666666	0	Other
Illinois	Primary School	2020-09-01	0.04	NA	0.03370243791296423	0	2020-09-01	0.4017100060739884	0.3290068922289017	0.2692831019537572	Other
Illinois	Primary School	2020-10-01	0.6049149338374291	1	0.5634171501156562	1	2020-10-01	0.40456905182427744	0.412130943934104	0.18330000434913296	Other
Illinois	Primary School	2020-11-01	1.0725	1	1.0370129921384144	2	2020-11-01	0.29784026543583814	0.5067969006751445	0.1953628340890173	Other
Illinois	Primary School	2020-12-01	1.625	1	1.440567484662577	1	2020-12-01	0.3230065861296296	0.3282193535034722	0.3487740607326389	Other
Illinois	Primary School	2021-01-01	7.275555555555555	1	6.654106462288647	2	2021-01-01	0.35032697775028904	0.5137518560520231	0.13592116668208093	Other
Illinois	Primary School	2021-02-01	2.560159401995	1	2.5234089630985896	28	2021-02-01	0.31668156160231214	0.5990817406381503	0.08423669787514451	Other
Illinois	Primary School	2021-03-01	2.080448541152562	1	2.0836676915782446	60	2021-03-01	0.5212310449629629	0.4190458306736111	0.05972312466550926	Other
Illinois	Primary School	2021-04-01	1.1885049328147432	1	1.1983129142118996	80	2021-04-01	0.6125730832560834	0.35226681233835455	0.03516010403244496	Other
Illinois	Primary School	2021-05-01	0.9482882375618862	1	0.9766817060359232	59	2021-05-01	0.6726887033077816	0.2947741190859466	0.03253717750406504	Other
Illinois	Primary School	2021-06-01	1.5181107954545454	1	1.4962337559951036	16	2021-06-01	0.7113810818955824	0.1853586414497992	0.10326027678313252	Other
Illinois	Secondary School	2020-08-01	0.5277777777777778	1	0.36398467432950193	1	2020-08-01	0.4629486614090909	0.2154525367936118	0.32159880186732187	Other
Illinois	Secondary School	2020-09-01	0.985	1	0.8299225336067442	3	2020-09-01	0.4017100060739884	0.3290068922289017	0.2692831019537572	Other
Illinois	Secondary School	2020-10-01	1.7700831024930748	1	1.6486535896013277	2	2020-10-01	0.40456905182427744	0.412130943934104	0.18330000434913296	Other
Illinois	Secondary School	2020-11-01	0.02040816326530612	NA	0.01973289552615792	0	2020-11-01	0.29784026543583814	0.5067969006751445	0.1953628340890173	Other
Illinois	Secondary School	2020-12-01	1	NA	0.8865030674846626	0	2020-12-01	0.3230065861296296	0.3282193535034722	0.3487740607326389	Other
Illinois	Secondary School	2021-01-01	0.6840277777777777	1	0.6234133231363801	1	2021-01-01	0.35032697775028904	0.5137518560520231	0.13592116668208093	Other
Illinois	Secondary School	2021-02-01	1.7490439364323958	1	1.7239368543253568	39	2021-02-01	0.31668156160231214	0.5990817406381503	0.08423669787514451	Other
Illinois	Secondary School	2021-03-01	1.1147493490786686	1	1.1164742395388902	178	2021-03-01	0.5212310449629629	0.4190458306736111	0.05972312466550926	Other
Illinois	Secondary School	2021-04-01	1.2665001853451276	1	1.276951812355157	341	2021-04-01	0.6125730832560834	0.35226681233835455	0.03516010403244496	Other
Illinois	Secondary School	2021-05-01	1.576541337857875	1	1.6237458427767315	200	2021-05-01	0.6726887033077816	0.2947741190859466	0.03253717750406504	Other
Illinois	Secondary School	2021-06-01	2.0088427527873893	1	1.9798939222394945	16	2021-06-01	0.7113810818955824	0.1853586414497992	0.10326027678313252	Other
Indiana	Primary School	2021-01-01	0.00826446280991735	NA	0.0077350154158392	0	2021-01-01	0.7378695526825397	0.06446495830423281	0.1976654873253968	Other
Indiana	Primary School	2021-02-01	0.24135802469135803	1	0.22494667857053224	1	2021-02-01	0.7771579263835979	0.05459277443386243	0.16824929957671958	Other
Indiana	Primary School	2021-03-01	0.9978917186709394	1	0.9735626995503308	5	2021-03-01	0.8862376804670185	0.02246397131398416	0.0912983476332454	Other
Indiana	Primary School	2021-04-01	1.0966164540663763	1	1.0746189208161956	20	2021-04-01	0.9153067345485564	0.0158080352335958	0.06888523010236221	Other
Indiana	Primary School	2021-05-01	0.8722271517302573	1	0.8598529413361018	15	2021-05-01	0.9244453046771652	0.01127443643832021	0.06428025934908137	Other
Indiana	Secondary School	2021-01-01	1.3339800949598246	1	1.5125271742443003	4	2021-01-01	0.7378695526825397	0.06446495830423281	0.1976654873253968	Other
Indiana	Secondary School	2021-02-01	0.9370738725214236	1	0.8733567299801825	23	2021-02-01	0.7771579263835979	0.05459277443386243	0.16824929957671958	Other
Indiana	Secondary School	2021-03-01	1.806839522440259	1	1.762788016182779	62	2021-03-01	0.8862376804670185	0.02246397131398416	0.0912983476332454	Other
Indiana	Secondary School	2021-04-01	1.636212997289058	1	1.6033914490815886	102	2021-04-01	0.9153067345485564	0.0158080352335958	0.06888523010236221	Other
Indiana	Secondary School	2021-05-01	1.2179518474561528	1	1.2006728710100794	72	2021-05-01	0.9244453046771652	0.01127443643832021	0.06428025934908137	Other
Kansas	Primary School	2020-08-01	0.015625	NA	0.01486884581989358	0	2020-08-01	0.9333333333023256	0.05374677013953488	0.01291989669767441	Other
Kansas	Primary School	2021-01-01	0.04	NA	0.02933403836550043	0	2021-01-01	0.8654565674335665	0.10906835045104896	0.02547508074125874	Other
Kansas	Primary School	2021-02-01	1.9580078125	1	1.7862825517302163	4	2021-02-01	0.8937312687937063	0.09590409625874126	0.01036463538461538	Other
Kansas	Primary School	2021-03-01	1.22424356678292	1	1.1999605300068381	13	2021-03-01	0.9698003594755245	0.02794382975524475	0.00225580863636363	Other
Kansas	Primary School	2021-04-01	1.1213178902303511	1	1.102153904134759	54	2021-04-01	1	0	0	Other
Kansas	Primary School	2021-05-01	1.2686804345358518	1	1.269255311816142	52	2021-05-01	1	0	0	Other
Kansas	Secondary School	2020-08-01	6.454081632653061	1	6.1417436611152265	2	2020-08-01	0.9333333333023256	0.05374677013953488	0.01291989669767441	Other
Kansas	Secondary School	2020-11-01	1	NA	1.1003799485231034	0	2020-11-01	0.8221328678671329	0.11045454583216784	0.06741258729370629	Other
Kansas	Secondary School	2020-12-01	0.25	NA	0.27586206896551724	0	2020-12-01	0.7944430148251749	0.09405477472027972	0.11150221017482516	Other
Kansas	Secondary School	2021-01-01	5.12	1	3.8810142934061123	1	2021-01-01	0.8654565674335665	0.10906835045104896	0.02547508074125874	Other
Kansas	Secondary School	2021-02-01	2.3011937557392104	1	2.0993696898374745	5	2021-02-01	0.8937312687937063	0.09590409625874126	0.01036463538461538	Other
Kansas	Secondary School	2021-03-01	2.5372335600907028	1	2.4869071891618395	28	2021-03-01	0.9698003594755245	0.02794382975524475	0.00225580863636363	Other
Kansas	Secondary School	2021-04-01	1.7915951867463975	1	1.7609757651293172	96	2021-04-01	1	0	0	Other
Kansas	Secondary School	2021-05-01	1.4328098784051275	1	1.433459127675195	104	2021-05-01	1	0	0	Other
Kentucky	Primary School	2020-11-01	8.777777777777779	1	9.282973621103118	3	2020-11-01	0.00372286059411764	0.3435350397764706	0.6527420985941177	Persistent Low
Kentucky	Primary School	2020-12-01	8.777777777777779	1	9.282973621103118	3	2020-12-01	0.00104228937058823	0.07255653612941176	0.9264011740058824	Persistent Low
Kentucky	Primary School	2021-02-01	1	NA	1.070781640314275	0	2021-02-01	0.01410766760588235	0.815083229917647	0.1708091046352941	Persistent Low
Kentucky	Primary School	2021-03-01	11.449704142011834	1	10.465637013848175	2	2021-03-01	0.07666983700588235	0.8855868911176471	0.03774327171764706	Persistent Low
Kentucky	Primary School	2021-04-01	1.8569837380262864	1	1.6701523591614311	5	2021-04-01	0.11074500988235296	0.8721890484117647	0.01706594179411764	Persistent Low
Kentucky	Primary School	2021-05-01	1.628662109375	1	1.5283957872047302	5	2021-05-01	0.11396691720588235	0.8696726150882353	0.01636046776470588	Persistent Low
Kentucky	Primary School	2021-06-01	2.755	1	2.4495956604666502	3	2021-06-01	0.2777777777777778	0.5717433461111111	0.1504788761111111	Persistent Low
Kentucky	Secondary School	2021-01-01	2.1020408163265305	1	2.26904233195869	3	2021-01-01	0.00757005518235294	0.5388731744882354	0.4535567581882353	Persistent Low
Kentucky	Secondary School	2021-02-01	1.239590942293645	1	1.327331222507907	4	2021-02-01	0.01410766760588235	0.815083229917647	0.1708091046352941	Persistent Low
Kentucky	Secondary School	2021-03-01	0.6698407202216067	1	0.612269954575628	4	2021-03-01	0.07666983700588235	0.8855868911176471	0.03774327171764706	Persistent Low
Kentucky	Secondary School	2021-04-01	1.8294101508916325	1	1.6453529542660317	20	2021-04-01	0.11074500988235296	0.8721890484117647	0.01706594179411764	Persistent Low
Kentucky	Secondary School	2021-05-01	2.2050413223140497	1	2.069291013917214	20	2021-05-01	0.11396691720588235	0.8696726150882353	0.01636046776470588	Persistent Low
Kentucky	Secondary School	2021-06-01	2.8555555555555556	1	2.5390041731797908	7	2021-06-01	0.2777777777777778	0.5717433461111111	0.1504788761111111	Persistent Low
Louisiana	Primary School	2020-08-01	0.00277008310249307	NA	0.0021432436692318	0	2020-08-01	0.38625346717127074	0.17016529518232043	0.4435812379005525	Other
Louisiana	Primary School	2020-09-01	0.00694444444444444	NA	0.00615666265703115	0	2020-09-01	0.31817168153296704	0.22944774663186812	0.4523805714780219	Other
Louisiana	Primary School	2020-12-01	1	NA	0.9682046063833888	0	2020-12-01	0.5607304024858757	0.30131870359887003	0.1379508930960452	Other
Louisiana	Primary School	2021-01-01	1210.0725623582766	1	1155.8210066111847	4	2021-01-01	0.44123760575419	0.26510971353072627	0.2936526805698324	Other
Louisiana	Primary School	2021-02-01	0.6930737890448166	1	0.6128870237364755	2	2021-02-01	0.5955455435028248	0.2595748043785311	0.14487965320903956	Other
Louisiana	Primary School	2021-03-01	0.01234567901234567	NA	0.01327467590588095	0	2021-03-01	0.595666459118644	0.3229479386158192	0.08138560384745763	Other
Louisiana	Primary School	2021-04-01	5.578512396694215	1	5.9157137347717335	1	2021-04-01	0.6513297650282486	0.28258188853672317	0.06608834705649717	Other
Louisiana	Primary School	2021-05-01	8.715277777777779	1	9.039279076267086	1	2021-05-01	0.6585503662146892	0.2698415091016949	0.07160812546327684	Other
Louisiana	Secondary School	2020-08-01	0.015625	NA	0.01208923382176062	0	2020-08-01	0.38625346717127074	0.17016529518232043	0.4435812379005525	Other
Louisiana	Secondary School	2020-12-01	1	NA	0.9682046063833888	0	2020-12-01	0.5607304024858757	0.30131870359887003	0.1379508930960452	Other
Louisiana	Secondary School	2021-01-01	1.9410430839002268	1	1.5008548451758963	1	2021-01-01	0.44123760575419	0.26510971353072627	0.2936526805698324	Other
Louisiana	Secondary School	2021-02-01	2.1218836565096955	1	1.876387448940453	1	2021-02-01	0.5955455435028248	0.2595748043785311	0.14487965320903956	Other
Louisiana	Secondary School	2021-03-01	0.04	NA	0.04300994993505429	0	2021-03-01	0.595666459118644	0.3229479386158192	0.08138560384745763	Other
Louisiana	Secondary School	2021-04-01	1.850480109739369	1	1.9623350855317896	2	2021-04-01	0.6513297650282486	0.28258188853672317	0.06608834705649717	Other
Louisiana	Secondary School	2021-05-01	3.0718367346938775	1	3.186036088537278	3	2021-05-01	0.6585503662146892	0.2698415091016949	0.07160812546327684	Other
Maine	Primary School	2021-01-01	0.625	NA	1.1960861059833796	0	2021-01-01	0.48130922645077717	0.4727372031606218	0.04595356994818653	Other
Maine	Primary School	2021-02-01	15.32	1	15.476771001640802	1	2021-02-01	0.5550525234093264	0.4139208204663212	0.03102665590673575	Other
Maine	Primary School	2021-03-01	4.834319526627219	1	4.710363914033256	2	2021-03-01	0.5755083657927461	0.39935513559585495	0.02513649813471502	Other
Maine	Primary School	2021-04-01	0.6784	1	0.7099343156615525	1	2021-04-01	0.7676331688549223	0.2264621881865285	0.00590464316062176	Other
Maine	Primary School	2021-05-01	0.9070247933884298	1	0.9354645310456924	1	2021-05-01	0.8016235874870467	0.19319506554404145	0.00518134715025906	Other
Maine	Primary School	2021-06-01	4.805555555555555	1	4.519803405301036	1	2021-06-01	0.8132907336010363	0.18152791958549225	0.00518134715025906	Other
Maine	Secondary School	2021-01-01	0.8055555555555556	1	0.843376161264873	1	2021-01-01	0.48130922645077717	0.4727372031606218	0.04595356994818653	Other
Maine	Secondary School	2021-02-01	1.328125	1	1.3417158281040595	2	2021-02-01	0.5550525234093264	0.4139208204663212	0.03102665590673575	Other
Maine	Secondary School	2021-03-01	3.19140625	1	3.1095761776235165	2	2021-03-01	0.5755083657927461	0.39935513559585495	0.02513649813471502	Other
Maine	Secondary School	2021-04-01	1.6198979591836735	1	1.6951962693021916	3	2021-04-01	0.7676331688549223	0.2264621881865285	0.00590464316062176	Other
Maine	Secondary School	2021-05-01	0.8423683198769704	1	0.86878075557081	5	2021-05-01	0.8016235874870467	0.19319506554404145	0.00518134715025906	Other
Maine	Secondary School	2021-06-01	0.764792899408284	1	0.7193161146788561	3	2021-06-01	0.8132907336010363	0.18152791958549225	0.00518134715025906	Other
Maryland	Primary School	2020-12-01	0.25	NA	0.22597924338801473	0	2020-12-01	0	0.04166666666666666	0.9583333333333334	Persistent Low
Maryland	Primary School	2021-01-01	17.93212890625	1	17.327111516893524	7	2021-01-01	0	0.125	0.875	Persistent Low
Maryland	Primary School	2021-02-01	2.7794197069807525	1	2.6639490849349885	39	2021-02-01	0.04166666666666666	0.5	0.4583333333333333	Persistent Low
Maryland	Primary School	2021-03-01	1.432696057503633	1	1.4197999358135942	137	2021-03-01	0.07500000041666667	0.6583333366666667	0.26666666833333336	Persistent Low
Maryland	Primary School	2021-04-01	1.3196237107394675	1	1.3242562489267595	148	2021-04-01	0.13541666666666666	0.84375	0.02083333333333333	Persistent Low
Maryland	Primary School	2021-05-01	1.3587003780718336	1	1.3486640731823014	46	2021-05-01	0.16666666666666666	0.8333333333333334	0	Persistent Low
Maryland	Secondary School	2020-11-01	0.25	NA	0.16	0	2020-11-01	0	0.04166666666666666	0.9583333333333334	Persistent Low
Maryland	Secondary School	2020-12-01	0.00694444444444444	NA	0.00627720120522263	0	2020-12-01	0	0.04166666666666666	0.9583333333333334	Persistent Low
Maryland	Secondary School	2021-01-01	1.8522209149576574	1	1.78844482351505	13	2021-01-01	0	0.125	0.875	Persistent Low
Maryland	Secondary School	2021-02-01	2.5663826671901027	1	2.4597626406271407	39	2021-02-01	0.04166666666666666	0.5	0.4583333333333333	Persistent Low
Maryland	Secondary School	2021-03-01	1.1885141077090764	1	1.1778159400948995	113	2021-03-01	0.07500000041666667	0.6583333366666667	0.26666666833333336	Persistent Low
Maryland	Secondary School	2021-04-01	0.9417767673963008	1	0.9450828741321544	133	2021-04-01	0.13541666666666666	0.84375	0.02083333333333333	Persistent Low
Maryland	Secondary School	2021-05-01	0.7706221655328798	1	0.7649298148625316	87	2021-05-01	0.16666666666666666	0.8333333333333334	0	Persistent Low
Massachusetts	Primary School	2020-12-01	1	NA	0.6981948833383836	0	2020-12-01	0.11912225714987716	0.6231466578624079	0.25773108555282553	Rising In-Person
Massachusetts	Primary School	2021-01-01	1.172008547008547	1	1.0592930252158297	4	2021-01-01	0.11801537577395578	0.6241578821621622	0.25782674125307126	Rising In-Person
Massachusetts	Primary School	2021-02-01	1.4087370242214532	1	1.3674009454661462	21	2021-02-01	0.11688311673218674	0.6767286758968059	0.20638820695331697	Rising In-Person
Massachusetts	Primary School	2021-03-01	1.2296415799834592	1	1.2232392547006086	39	2021-03-01	0.16033922368550368	0.6980264720712531	0.14163430296068796	Rising In-Person
Massachusetts	Primary School	2021-04-01	1.1454026442936995	1	1.1423105727011889	53	2021-04-01	0.7403594823529411	0.22189542602941176	0.03774509818627451	Rising In-Person
Massachusetts	Primary School	2021-05-01	1.0369716514056604	1	1.0093846279308836	32	2021-05-01	0.9196832581372548	0.06429110144607843	0.01602564112745098	Rising In-Person
Massachusetts	Secondary School	2020-12-01	0.25	NA	0.1745487208345959	0	2020-12-01	0.11912225714987716	0.6231466578624079	0.25773108555282553	Rising In-Person
Massachusetts	Secondary School	2021-01-01	0.2864174411152059	1	0.25878317557954517	4	2021-01-01	0.11801537577395578	0.6241578821621622	0.25782674125307126	Rising In-Person
Massachusetts	Secondary School	2021-02-01	1.181946349641823	1	1.1472649104851125	25	2021-02-01	0.11688311673218674	0.6767286758968059	0.20638820695331697	Rising In-Person
Massachusetts	Secondary School	2021-03-01	1.0977083483232055	1	1.091992954483189	62	2021-03-01	0.16033922368550368	0.6980264720712531	0.14163430296068796	Rising In-Person
Massachusetts	Secondary School	2021-04-01	1.3570787917683698	1	1.3534152898533611	100	2021-04-01	0.7403594823529411	0.22189542602941176	0.03774509818627451	Rising In-Person
Massachusetts	Secondary School	2021-05-01	1.6835042735042736	1	1.6387172517471271	62	2021-05-01	0.9196832581372548	0.06429110144607843	0.01602564112745098	Rising In-Person
Michigan	Primary School	2021-01-01	35.25	1	34.148557206456715	2	2021-01-01	0.4	0.2732919254658385	0.3267080745341615	Other
Michigan	Primary School	2021-02-01	2.307943067033976	1	2.2974330525438496	18	2021-02-01	0.4838308457711442	0.36691542288557216	0.14925373134328357	Other
Michigan	Primary School	2021-03-01	1.3986657970213925	1	1.3979510390493302	103	2021-03-01	0.5286069651741293	0.40298507462686567	0.06840796019900497	Other
Michigan	Primary School	2021-04-01	1.2162241325612018	1	1.230603130948605	100	2021-04-01	0.5639751552795031	0.3801242236024845	0.05590062111801242	Other
Michigan	Primary School	2021-05-01	0.9528389995159828	1	1.0324399876560133	15	2021-05-01	0.56625	0.3875	0.04625	Other
Michigan	Secondary School	2021-01-01	0.5102040816326531	NA	0.4490807404115491	0	2021-01-01	0.4	0.2732919254658385	0.3267080745341615	Other
Michigan	Secondary School	2021-02-01	1.0306552157271458	1	1.0259617718522336	117	2021-02-01	0.4838308457711442	0.36691542288557216	0.14925373134328357	Other
Michigan	Secondary School	2021-03-01	0.8447242660350552	1	0.8442925879282275	472	2021-03-01	0.5286069651741293	0.40298507462686567	0.06840796019900497	Other
Michigan	Secondary School	2021-04-01	0.8981523028127207	1	0.90877084767467	473	2021-04-01	0.5639751552795031	0.3801242236024845	0.05590062111801242	Other
Michigan	Secondary School	2021-05-01	1.3630915918367348	1	1.476965433787671	112	2021-05-01	0.56625	0.3875	0.04625	Other
Minnesota	Primary School	2021-02-01	0.5663265306122449	1	0.5664238359763505	2	2021-02-01	0.2717770052626642	0.5776601442682927	0.15056285081613507	Other
Minnesota	Primary School	2021-03-01	0.8411498591318771	1	0.8341689145209983	54	2021-03-01	0.4294619608818011	0.4881680067166979	0.08237002919324578	Other
Minnesota	Primary School	2021-04-01	0.9934411502490909	1	0.992864668316191	77	2021-04-01	0.5188868043714822	0.4163227022514071	0.06479049416510319	Other
Minnesota	Primary School	2021-05-01	1.627785082913288	1	1.6934676772324913	30	2021-05-01	0.5366500611069418	0.4099113668968105	0.05343857151969981	Other
Minnesota	Secondary School	2021-01-01	2.6666666666666665	1	2.6088527551942184	1	2021-01-01	0.1456757239793621	0.4965199993883677	0.3578042686679175	Other
Minnesota	Secondary School	2021-02-01	1.7473544973544974	1	1.747654725149587	20	2021-02-01	0.2717770052626642	0.5776601442682927	0.15056285081613507	Other
Minnesota	Secondary School	2021-03-01	0.8606512995049505	1	0.8535085068314477	144	2021-03-01	0.4294619608818011	0.4881680067166979	0.08237002919324578	Other
Minnesota	Secondary School	2021-04-01	0.8952464506287432	1	0.8947269498972196	172	2021-04-01	0.5188868043714822	0.4163227022514071	0.06479049416510319	Other
Minnesota	Secondary School	2021-05-01	1.2703283016061868	1	1.3215871928212786	46	2021-05-01	0.5366500611069418	0.4099113668968105	0.05343857151969981	Other
Mississippi	Primary School	2021-01-01	0.18055555555555555	NA	0.2007921955028452	0	2021-01-01	0.5497975444689656	0.24719015213793105	0.20301230262068964	Other
Mississippi	Primary School	2021-02-01	11	1	10.990492653414002	2	2021-02-01	0.5822843521103448	0.2528502137034483	0.1648654331172414	Other
Mississippi	Primary School	2021-03-01	3.47	1	3.790905329763933	2	2021-03-01	0.6000737315103448	0.2566542040482759	0.14327206393103448	Other
Mississippi	Primary School	2021-04-01	2.1989795918367347	1	0.9636883999642252	2	2021-04-01	0.6494939278551725	0.2501847834965517	0.10032128806896552	Other
Mississippi	Primary School	2021-05-01	1.6416326530612244	1	1.0605083146280874	6	2021-05-01	0.6641189551655172	0.23914934646206895	0.09673169779310344	Other
Mississippi	Secondary School	2021-01-01	0.0625	NA	0.05595164290142591	0	2021-01-01	0.5497975444689656	0.24719015213793105	0.20301230262068964	Other
Mississippi	Secondary School	2021-02-01	0.01234567901234567	NA	0.01233500858969023	0	2021-02-01	0.5822843521103448	0.2528502137034483	0.1648654331172414	Other
Mississippi	Secondary School	2021-03-01	0.015625	NA	0.01706999878315892	0	2021-03-01	0.6000737315103448	0.2566542040482759	0.14327206393103448	Other
Mississippi	Secondary School	2021-04-01	6.734375	1	2.9512957248904392	2	2021-04-01	0.6494939278551725	0.2501847834965517	0.10032128806896552	Other
Mississippi	Secondary School	2021-05-01	2.1377551020408165	1	1.3810075330344629	5	2021-05-01	0.6641189551655172	0.23914934646206895	0.09673169779310344	Other
Missouri	Primary School	2020-10-01	0.00390625	NA	0.00384750247916678	0	2020-10-01	0.7569621713003597	0.1484103032769784	0.09462752313489207	Other
Missouri	Primary School	2020-11-01	0.00390625	NA	0.00381501578936575	0	2020-11-01	0.6705755424100719	0.14834532404316547	0.18107913639928055	Other
Missouri	Primary School	2021-01-01	0.25	NA	0.22771796145219791	0	2021-01-01	0.8041308879460431	0.12955442007194246	0.0663146895323741	Other
Missouri	Primary School	2021-02-01	0.610586011342155	1	0.5771581645895228	1	2021-02-01	0.8324768754748202	0.12480729705035971	0.04271582728417266	Other
Missouri	Primary School	2021-03-01	0.8433159722222222	1	0.8402873529575594	2	2021-03-01	0.848978881205036	0.12375261052158272	0.02726850767985611	Other
Missouri	Primary School	2021-04-01	0.8327246165084002	1	0.8665900042285022	1	2021-04-01	0.8619904075719425	0.133513189352518	0.00449640287769784	Other
Missouri	Primary School	2021-05-01	1.7548828125	1	1.7993991989319094	2	2021-05-01	0.8621363779316547	0.13418830147482014	0.00367532061510791	Other
Missouri	Secondary School	2020-08-01	0.0625	NA	0.05860209583884424	0	2020-08-01	0.8255712044357977	0.07630782533073929	0.09812097031712062	Other
Missouri	Secondary School	2020-09-01	1.3888	1	1.3159797953510382	3	2020-09-01	0.7788968825539568	0.1104316548381295	0.1106714631294964	Other
Missouri	Secondary School	2020-10-01	0.8806423611111112	1	0.8673980589143777	3	2020-10-01	0.7569621713003597	0.1484103032769784	0.09462752313489207	Other
Missouri	Secondary School	2020-11-01	7.304601899196494e-4	NA	7.133995924599229e-4	0	2020-11-01	0.6705755424100719	0.14834532404316547	0.18107913639928055	Other
Missouri	Secondary School	2020-12-01	0.00826446280991735	NA	0.00823928721010869	0	2020-12-01	0.7522890778597122	0.13799869194244604	0.10971223035971224	Other
Missouri	Secondary School	2021-01-01	0.009132231404958675	NA	0.00832184924768807	0	2021-01-01	0.8041308879460431	0.12955442007194246	0.0663146895323741	Other
Missouri	Secondary School	2021-02-01	7.55078125	1	7.137397461640973	6	2021-02-01	0.8324768754748202	0.12480729705035971	0.04271582728417266	Other
Missouri	Secondary School	2021-03-01	8.632222222222222	1	8.601221132025648	8	2021-03-01	0.848978881205036	0.12375261052158272	0.02726850767985611	Other
Missouri	Secondary School	2021-04-01	3.56	1	3.7047786914107	5	2021-04-01	0.8619904075719425	0.133513189352518	0.00449640287769784	Other
Missouri	Secondary School	2021-05-01	1.5091367359798362	1	1.5474192433010872	8	2021-05-01	0.8621363779316547	0.13418830147482014	0.00367532061510791	Other
Nebraska	Primary School	2021-02-01	0.0625	NA	0.06076531757312785	0	2021-02-01	0.9652804091129032	0.03456208088709677	1.5751008064516129e-4	Persistent High
Nebraska	Primary School	2021-03-01	1.1851851851851851	1	1.20665044368389	1	2021-03-01	0.9699212663709678	0.03007873350806451	0	Persistent High
Nebraska	Primary School	2021-04-01	2.39453125	1	2.453604922619753	2	2021-04-01	0.9700119679153226	0.02998803193548387	0	Persistent High
Nebraska	Primary School	2021-05-01	8.666666666666666	1	9.144827586206896	1	2021-05-01	0.9714103443548388	0.02858965552419354	0	Persistent High
Nebraska	Primary School	2021-06-01	1	NA	1.2	0	2021-06-01	0.967741935483871	0.03225806451612903	0	Persistent High
Nebraska	Secondary School	2020-12-01	19	1	21.08219178082192	1	2020-12-01	0.9516878180080646	0.04718589584677419	0.00112628624596774	Persistent High
Nebraska	Secondary School	2021-01-01	23	1	20.92481203007519	1	2021-01-01	0.9608717509516128	0.03607377939516129	0.00305446907258064	Persistent High
Nebraska	Secondary School	2021-02-01	3.3316326530612246	1	3.239163459204285	4	2021-02-01	0.9652804091129032	0.03456208088709677	1.5751008064516129e-4	Persistent High
Nebraska	Secondary School	2021-03-01	3.9913194444444446	1	4.063607475628804	6	2021-03-01	0.9699212663709678	0.03007873350806451	0	Persistent High
Nebraska	Secondary School	2021-04-01	3.4716553287981857	1	3.557301916347229	5	2021-04-01	0.9700119679153226	0.02998803193548387	0	Persistent High
Nebraska	Secondary School	2021-05-01	1.9173553719008265	1	2.023140495867769	3	2021-05-01	0.9714103443548388	0.02858965552419354	0	Persistent High
Nevada	Primary School	2020-08-01	5	1	NA	1	2020-08-01	0.33416844	0.2799506257142857	0.3858809366666667	Other
Nevada	Primary School	2020-09-01	3.1875	1	3.173396017699115	2	2020-09-01	0.35442890785714287	0.4514388980952381	0.19413220047619048	Other
Nevada	Primary School	2020-10-01	4.222222222222222	1	4.885714285714286	1	2020-10-01	0.35436155785714285	0.45638975047619046	0.18924869452380952	Other
Nevada	Primary School	2020-11-01	0.1111111111111111	NA	0.1276362165597735	0	2020-11-01	0.34691680966666666	0.4881785295238095	0.16490466457142858	Other
Nevada	Primary School	2020-12-01	0.1111111111111111	NA	0.10453246222948144	0	2020-12-01	0.2963927550952381	0.4442461953333333	0.25936104885714284	Other
Nevada	Primary School	2021-01-01	1.7750099750917587	1	1.8144468571940435	16	2021-01-01	0.3167982527142857	0.4989962296190476	0.18420552	Other
Nevada	Primary School	2021-02-01	2.4765625	1	2.4311923536401725	1	2021-02-01	0.36312765185714285	0.47943830404761906	0.1574340477142857	Other
Nevada	Primary School	2021-03-01	4.433673469387755	1	4.704940129997012	2	2021-03-01	0.572472618	0.3702239676190476	0.05730341885714286	Other
Nevada	Primary School	2021-04-01	2.4008264462809916	1	2.5398858947506655	3	2021-04-01	0.5967095032857143	0.38635383333333334	0.016936667	Other
Nevada	Primary School	2021-05-01	2.4839319470699435	1	2.5327038300489386	5	2021-05-01	0.5967095032857143	0.38635383333333334	0.016936667	Other
Nevada	Primary School	2021-06-01	1.0108610793852737	1	1.0340233503195104	32	2021-06-01	0.5967095032857143	0.38635383333333334	0.016936667	Other
Nevada	Secondary School	2020-10-01	1	NA	1.1571428571428573	0	2020-10-01	0.35436155785714285	0.45638975047619046	0.18924869452380952	Other
Nevada	Secondary School	2020-11-01	0.984375	1	1.1307771060842433	1	2020-11-01	0.34691680966666666	0.4881785295238095	0.16490466457142858	Other
Nevada	Secondary School	2020-12-01	0.8518518518518519	1	0.8014155437593576	1	2020-12-01	0.2963927550952381	0.4442461953333333	0.25936104885714284	Other
Nevada	Secondary School	2021-01-01	0.5849062665788649	1	0.5983000452813543	12	2021-01-01	0.3167982527142857	0.4989962296190476	0.18420552	Other
Nevada	Secondary School	2021-02-01	0.6134256055363322	1	0.6021877669984195	7	2021-02-01	0.36312765185714285	0.47943830404761906	0.1574340477142857	Other
Nevada	Secondary School	2021-03-01	2.0660321237358716	1	2.1924387341429914	8	2021-03-01	0.572472618	0.3702239676190476	0.05730341885714286	Other
Nevada	Secondary School	2021-04-01	2.1447368421052633	1	2.268963198757468	8	2021-04-01	0.5967095032857143	0.38635383333333334	0.016936667	Other
Nevada	Secondary School	2021-05-01	4.377759266972095	1	4.463716357274361	10	2021-05-01	0.5967095032857143	0.38635383333333334	0.016936667	Other
Nevada	Secondary School	2021-06-01	1.9698564549582889	1	2.0149925768664003	74	2021-06-01	0.5967095032857143	0.38635383333333334	0.016936667	Other
New Hampshire	Primary School	2021-01-01	2.16	1	2.1111312217194573	1	2021-01-01	0.4818510540597826	0.3416090278804348	0.17653991842391303	Other
New Hampshire	Primary School	2021-02-01	1.0945179584120983	1	0.9610198822135976	2	2021-02-01	0.5505874281521739	0.4020840279347826	0.04732854375	Other
New Hampshire	Primary School	2021-03-01	0.7793964620187305	1	0.7469129094483599	1	2021-03-01	0.5829753839673913	0.4061550508152174	0.0108695652173913	Other
New Hampshire	Primary School	2021-04-01	0.00104058272632674	NA	0.00103194096633907	0	2021-04-01	0.6967858552173913	0.3032141448913043	0	Other
New Hampshire	Primary School	2021-05-01	0.00346020761245674	NA	0.0033493711729037	0	2021-05-01	0.9345579439130436	0.06242951752717391	0.00301253858695652	Other
New Hampshire	Primary School	2021-06-01	0.25	NA	0.24138381201044384	0	2021-06-01	0.9362256180434784	0.06076184339673913	0.00301253858695652	Other
New Hampshire	Secondary School	2021-01-01	0.01234567901234567	NA	0.01206636500754147	0	2021-01-01	0.4818510540597826	0.3416090278804348	0.17653991842391303	Other
New Hampshire	Secondary School	2021-02-01	1.00390625	1	0.8814600607633394	8	2021-02-01	0.5505874281521739	0.4020840279347826	0.04732854375	Other
New Hampshire	Secondary School	2021-03-01	1.16890625	1	1.1201887750407702	10	2021-03-01	0.5829753839673913	0.4061550508152174	0.0108695652173913	Other
New Hampshire	Secondary School	2021-04-01	1.231789802289282	1	1.2215601189038845	6	2021-04-01	0.6967858552173913	0.3032141448913043	0	Other
New Hampshire	Secondary School	2021-05-01	2.168724279835391	1	2.0992562870236755	5	2021-05-01	0.9345579439130436	0.06242951752717391	0.00301253858695652	Other
New Hampshire	Secondary School	2021-06-01	0.921875	1	0.8901028067885116	1	2021-06-01	0.9362256180434784	0.06076184339673913	0.00301253858695652	Other
New Jersey	Primary School	2021-01-01	1.8888888888888888	1	1.610134375184988	1	2021-01-01	0.08611794159790732	0.5365253846263079	0.3773566669865471	Other
New Jersey	Primary School	2021-02-01	0.9978261284109762	1	0.9493988430921964	18	2021-02-01	0.1143497759342302	0.6646914379297459	0.22095878601644245	Other
New Jersey	Primary School	2021-03-01	1.2548889417360285	1	1.231225388473132	68	2021-03-01	0.16302618122571003	0.7052413303139013	0.13173248406576982	Other
New Jersey	Primary School	2021-04-01	1.4044810421636222	1	1.4105651402770576	65	2021-04-01	0.2598903825560538	0.6363726953064275	0.10373692184603886	Other
New Jersey	Primary School	2021-05-01	1.4592496141975309	1	1.462287906641692	18	2021-05-01	0.49298423062780267	0.4945754359043349	0.01244032965620328	Other
New Jersey	Primary School	2021-06-01	1.7832300275482094	1	1.686852293703604	13	2021-06-01	0.5319075543946188	0.46337817644245144	0.00471426929745889	Other
New Jersey	Secondary School	2021-01-01	0.6828512396694215	1	0.6005258302989208	2	2021-01-01	0.08611794159790732	0.5365253846263079	0.3773566669865471	Other
New Jersey	Secondary School	2021-02-01	1.148597358748099	1	1.0928527250642024	33	2021-02-01	0.1143497759342302	0.6646914379297459	0.22095878601644245	Other
New Jersey	Secondary School	2021-03-01	1.2682571824983468	1	1.2443415431210627	121	2021-03-01	0.16302618122571003	0.7052413303139013	0.13173248406576982	Other
New Jersey	Secondary School	2021-04-01	1.4610275341233572	1	1.467356587059767	122	2021-04-01	0.2598903825560538	0.6363726953064275	0.10373692184603886	Other
New Jersey	Secondary School	2021-05-01	2.2503508007935356	1	2.2550362389586316	83	2021-05-01	0.49298423062780267	0.4945754359043349	0.01244032965620328	Other
New Jersey	Secondary School	2021-06-01	2.738559027777778	1	2.5905488950301825	66	2021-06-01	0.5319075543946188	0.46337817644245144	0.00471426929745889	Other
New Mexico	Primary School	2020-10-01	0.25	NA	0.26454709058188364	0	2020-10-01	0.01340225564285714	0.11051040245	0.8760873421428571	Rising In-Person
New Mexico	Primary School	2020-11-01	0.1111111111111111	NA	0.11130132333360504	0	2020-11-01	0.02703759392857143	0.16844957562142857	0.8045128321428572	Rising In-Person
New Mexico	Primary School	2020-12-01	0.25	NA	0.25843952604515985	0	2020-12-01	0.0264832535	0.06844335080714285	0.905073396	Rising In-Person
New Mexico	Primary School	2021-01-01	5.780496712929145	1	5.720565978428311	3	2021-01-01	0.02857142857142857	0.05973288988571428	0.9116956813571429	Rising In-Person
New Mexico	Primary School	2021-02-01	5.434705785667324	1	5.2864637367126175	14	2021-02-01	0.030612245	0.26270271545714285	0.7066850380714286	Rising In-Person
New Mexico	Primary School	2021-03-01	2.9660252968572465	1	2.8591808959739646	35	2021-03-01	0.14231795024285715	0.43819818045714287	0.4194838638357143	Rising In-Person
New Mexico	Primary School	2021-04-01	1.2552746276883504	1	1.29921371311895	31	2021-04-01	0.71015980114285715	0.11420123555	0.17563897774999998	Rising In-Person
New Mexico	Primary School	2021-05-01	0.8815146793648571	1	0.91936474020413	16	2021-05-01	0.9983822337142856	0	0.0016177665	Rising In-Person
New Mexico	Secondary School	2020-10-01	1	NA	1.0581883623275343	0	2020-10-01	0.01340225564285714	0.11051040245	0.8760873421428571	Rising In-Person
New Mexico	Secondary School	2020-11-01	0.25	NA	0.2504279775006114	0	2020-11-01	0.02703759392857143	0.16844957562142857	0.8045128321428572	Rising In-Person
New Mexico	Secondary School	2020-12-01	0.25	NA	0.25843952604515985	0	2020-12-01	0.0264832535	0.06844335080714285	0.905073396	Rising In-Person
New Mexico	Secondary School	2021-01-01	13.40472448224852	1	13.504724930736185	5	2021-01-01	0.02857142857142857	0.05973288988571428	0.9116956813571429	Rising In-Person
New Mexico	Secondary School	2021-02-01	4.574702995867769	1	4.449919176428057	15	2021-02-01	0.030612245	0.26270271545714285	0.7066850380714286	Rising In-Person
New Mexico	Secondary School	2021-03-01	1.7378201596821874	1	1.6752190908373354	33	2021-03-01	0.14231795024285715	0.43819818045714287	0.4194838638357143	Rising In-Person
New Mexico	Secondary School	2021-04-01	1.6195746842792855	1	1.6762655699580902	45	2021-04-01	0.71015980114285715	0.11420123555	0.17563897774999998	Rising In-Person
New Mexico	Secondary School	2021-05-01	3.0685260770975056	1	3.2002810000997175	43	2021-05-01	0.9983822337142856	0	0.0016177665	Rising In-Person
New York	Primary School	2020-09-01	9.76953125	1	8.860546432991365	2	2020-09-01	0.2401768385543175	0.6494629459220056	0.1103602156545961	Other
New York	Primary School	2020-10-01	8.163125	1	7.817248774736482	2	2020-10-01	0.26000177689415044	0.6815880869345404	0.05841013616155989	Other
New York	Primary School	2020-11-01	4.647561409754361	1	4.477213331878582	2	2020-11-01	0.257397929	0.6537669100278551	0.08883516101810585	Other
New York	Primary School	2020-12-01	3.8495695153061225	1	3.616926889929202	12	2020-12-01	0.233765016408078	0.5403886470696379	0.2258463356935933	Other
New York	Primary School	2021-01-01	2.5108266920201	1	2.2953088737228544	90	2021-01-01	0.24957013964066851	0.5877246390194986	0.1627052209229805	Other
New York	Primary School	2021-02-01	1.6650646821254746	1	1.6309642687056365	95	2021-02-01	0.2764681402200557	0.668734011913649	0.05479784873398329	Other
New York	Primary School	2021-03-01	1.784840832568105	1	1.7506933352527638	179	2021-03-01	0.30387103246518105	0.6726139317270194	0.0235150357367688	Other
New York	Primary School	2021-04-01	1.6690521621785157	1	1.6272010095196354	184	2021-04-01	0.3730724283760446	0.6208850472660167	0.00604252400557103	Other
New York	Primary School	2021-05-01	1.2269986853057635	1	1.1694623036738971	59	2021-05-01	0.4535851727103064	0.5440109721671309	0.00240385485097493	Other
New York	Primary School	2021-06-01	1.3889371141975309	1	1.392077161574787	33	2021-06-01	0.4735592925738162	0.5251147482827299	0.00132595936350974	Other
New York	Secondary School	2020-09-01	1.4178004535147393	1	1.2858842895951188	2	2020-09-01	0.2401768385543175	0.6494629459220056	0.1103602156545961	Other
New York	Secondary School	2020-10-01	2.8246107266435985	1	2.7049303718811353	2	2020-10-01	0.26000177689415044	0.6815880869345404	0.05841013616155989	Other
New York	Secondary School	2020-11-01	1.6447467876039306	1	1.5844615263327946	1	2020-11-01	0.257397929	0.6537669100278551	0.08883516101810585	Other
New York	Secondary School	2020-12-01	3.193066851815116	1	3.0000989232047366	16	2020-12-01	0.233765016408078	0.5403886470696379	0.2258463356935933	Other
New York	Secondary School	2021-01-01	2.1818057085274978	1	1.9974730548404134	92	2021-01-01	0.24957013964066851	0.5877246390194986	0.1627052209229805	Other
New York	Secondary School	2021-02-01	1.364004804761734	1	1.336070077511591	124	2021-02-01	0.2764681402200557	0.668734011913649	0.05479784873398329	Other
New York	Secondary School	2021-03-01	1.4362550642480414	1	1.408776694717472	220	2021-03-01	0.30387103246518105	0.6726139317270194	0.0235150357367688	Other
New York	Secondary School	2021-04-01	1.5885929564935033	1	1.548759302494186	207	2021-04-01	0.3730724283760446	0.6208850472660167	0.00604252400557103	Other
New York	Secondary School	2021-05-01	1.406294365197404	1	1.3403504564942108	83	2021-05-01	0.4535851727103064	0.5440109721671309	0.00240385485097493	Other
New York	Secondary School	2021-06-01	1.632876889082434	1	1.6365684246750354	29	2021-06-01	0.4735592925738162	0.5251147482827299	0.00132595936350974	Other
North Carolina	Primary School	2020-08-01	3.2222222222222223	1	2.0673267326732674	1	2020-08-01	0.08038585209003216	0.3858520900321543	0.5337620578778135	Persistent Low
North Carolina	Primary School	2020-09-01	0.1111111111111111	NA	0.06569155760841673	0	2020-09-01	0.07911392405063292	0.43354430379746833	0.4873417721518987	Persistent Low
North Carolina	Primary School	2020-10-01	0.1111111111111111	NA	0.05633802816901408	0	2020-10-01	0.08832807570977919	0.5457413249211357	0.3659305993690852	Persistent Low
North Carolina	Primary School	2021-01-01	0.4423703003570678	1	0.4443086835040271	1	2021-01-01	0.11041009463722395	0.45741324921135645	0.43217665615141954	Persistent Low
North Carolina	Primary School	2021-02-01	2.5384977156678312	1	2.5178094087978913	9	2021-02-01	0.11708860759493672	0.620253164556962	0.2626582278481013	Persistent Low
North Carolina	Primary School	2021-03-01	1.5247881808472763	1	1.5008652627405945	37	2021-03-01	0.12698412698412698	0.746031746031746	0.12698412698412698	Persistent Low
North Carolina	Primary School	2021-04-01	1.1472285308444816	1	1.11892015697544	79	2021-04-01	0.15286624203821655	0.802547770700637	0.04458598726114649	Persistent Low
North Carolina	Primary School	2021-05-01	1.1122724785728448	1	1.0926992181878723	71	2021-05-01	0.16666666666666666	0.8076923076923077	0.02564102564102564	Persistent Low
North Carolina	Secondary School	2020-08-01	7.25	1	4.651485148514851	1	2020-08-01	0.08038585209003216	0.3858520900321543	0.5337620578778135	Persistent Low
North Carolina	Secondary School	2020-09-01	1	NA	0.5912240184757506	0	2020-09-01	0.07911392405063292	0.43354430379746833	0.4873417721518987	Persistent Low
North Carolina	Secondary School	2020-10-01	1	NA	0.5070422535211268	0	2020-10-01	0.08832807570977919	0.5457413249211357	0.3659305993690852	Persistent Low
North Carolina	Secondary School	2020-11-01	1	NA	0.8620689655172414	0	2020-11-01	0.10793650793650794	0.6571428571428571	0.23492063492063492	Persistent Low
North Carolina	Secondary School	2021-01-01	4.527775829081633	1	4.148212403791776	14	2021-01-01	0.11041009463722395	0.45741324921135645	0.43217665615141954	Persistent Low
North Carolina	Secondary School	2021-02-01	1.6217918570276808	1	1.6085745405769818	23	2021-02-01	0.11708860759493672	0.620253164556962	0.2626582278481013	Persistent Low
North Carolina	Secondary School	2021-03-01	0.8080764542936288	1	0.7953982691641621	63	2021-03-01	0.12698412698412698	0.746031746031746	0.12698412698412698	Persistent Low
North Carolina	Secondary School	2021-04-01	0.9609704287505824	1	0.9372580563306426	146	2021-04-01	0.15286624203821655	0.802547770700637	0.04458598726114649	Persistent Low
North Carolina	Secondary School	2021-05-01	1.4295089807630992	1	1.4043531380697387	128	2021-05-01	0.16666666666666666	0.8076923076923077	0.02564102564102564	Persistent Low
North Dakota	Primary School	2021-01-01	1	NA	1.1650188908989745	0	2021-01-01	0.8891924879360465	0.08717675802325581	0.02363075385465116	Persistent High
North Dakota	Primary School	2021-03-01	0.25	NA	0.2454746294184721	0	2021-03-01	0.948243195755814	0.03319617965116279	0.01856062482558139	Persistent High
North Dakota	Primary School	2021-04-01	0.25	NA	0.25775147928994085	0	2021-04-01	0.9581412014534884	0.02441693825581395	0.01744186046511628	Persistent High
North Dakota	Secondary School	2021-01-01	0.744504132231405	1	0.8680434006979487	2	2021-01-01	0.8891924879360465	0.08717675802325581	0.02363075385465116	Persistent High
North Dakota	Secondary School	2021-02-01	1	NA	0.879396984924623	0	2021-02-01	0.9262743555813954	0.04899842761627907	0.02472721715116279	Persistent High
North Dakota	Secondary School	2021-03-01	4.64	1	4.556009122006841	1	2021-03-01	0.948243195755814	0.03319617965116279	0.01856062482558139	Persistent High
North Dakota	Secondary School	2021-04-01	3.56	1	3.6703810650887574	1	2021-04-01	0.9581412014534884	0.02441693825581395	0.01744186046511628	Persistent High
Ohio	Primary School	2021-01-01	15.719135802469136	1	15.737231962748217	4	2021-01-01	0.5183480776486042	0.277730590045977	0.20392132267651888	Other
Ohio	Primary School	2021-02-01	2.3885928902087517	1	2.362417649299469	11	2021-02-01	0.6680154817536946	0.2987919305172414	0.03319258704433497	Other
Ohio	Primary School	2021-03-01	1.6964640022675737	1	1.6938290071568125	10	2021-03-01	0.7329307688341543	0.2637851575369458	0.0032840722003284	Other
Ohio	Primary School	2021-04-01	2.2337929145361577	1	2.1962614145490127	11	2021-04-01	0.8410509032019704	0.1573070610509031	0.00164203612479474	Other
Ohio	Primary School	2021-05-01	2.441777777777778	1	2.2834646201889983	7	2021-05-01	0.8700738916256158	0.1282840722495895	0.00164203612479474	Other
Ohio	Secondary School	2021-01-01	6.997448979591836	1	7.001441607007739	2	2021-01-01	0.5183480776486042	0.277730590045977	0.20392132267651888	Other
Ohio	Secondary School	2021-02-01	8.594074074074074	1	8.49989646842046	7	2021-02-01	0.6680154817536946	0.2987919305172414	0.03319258704433497	Other
Ohio	Secondary School	2021-03-01	5.745644444444444	1	5.7367201495587015	27	2021-03-01	0.7329307688341543	0.2637851575369458	0.0032840722003284	Other
Ohio	Secondary School	2021-04-01	3.7607912068351728	1	3.697603552235464	38	2021-04-01	0.8410509032019704	0.1573070610509031	0.00164203612479474	Other
Ohio	Secondary School	2021-05-01	2.2968912591050987	1	2.1479718483477743	18	2021-05-01	0.8700738916256158	0.1282840722495895	0.00164203612479474	Other
Oregon	Primary School	2020-09-01	0.0059171597633136	NA	0.00638456007518284	0	2020-09-01	0.13924780495555555	0.15502211137777777	0.7057300832777778	Other
Oregon	Primary School	2020-10-01	0.00826446280991735	NA	0.00860219350261967	0	2020-10-01	0.16453584575257732	0.15303641552061856	0.6824277380927835	Other
Oregon	Primary School	2020-11-01	0.00189035916824196	NA	0.00193404874029564	0	2020-11-01	0.19323900038341968	0.3429052461761658	0.4638557557720207	Other
Oregon	Primary School	2020-12-01	1.238095238095238	1	1.2608638478234764	1	2020-12-01	0.163268548546875	0.222521267203125	0.614210184734375	Other
Oregon	Primary School	2021-01-01	2.873705572698566	1	2.541798716806327	9	2021-01-01	0.20255009692783504	0.26152383200515467	0.5359260670206185	Other
Oregon	Primary School	2021-02-01	0.04	NA	0.03132658678070881	0	2021-02-01	0.2846705943247423	0.31020983295360827	0.4051195725257732	Other
Oregon	Primary School	2021-03-01	0.6927810650887574	1	0.6674164176286749	2	2021-03-01	0.3047210338923077	0.46841536906666664	0.2268635965897436	Other
Oregon	Primary School	2021-04-01	1.1450628698224852	1	1.1947971579469598	4	2021-04-01	0.3708371576989796	0.5418092195255102	0.08735362257142858	Other
Oregon	Primary School	2021-05-01	6.144409234947941	1	6.458179351106293	6	2021-05-01	0.4258247732857143	0.5486031752040816	0.02557205235204081	Other
Oregon	Primary School	2021-06-01	7.836776859504132	1	7.492909991571646	4	2021-06-01	0.42716976552307695	0.5583111914	0.01451904426153846	Other
Oregon	Secondary School	2020-09-01	2.4437869822485205	1	2.6368233110505157	2	2020-09-01	0.13924780495555555	0.15502211137777777	0.7057300832777778	Other
Oregon	Secondary School	2020-10-01	1.445	1	1.5040505229655363	1	2020-10-01	0.16453584575257732	0.15303641552061856	0.6824277380927835	Other
Oregon	Secondary School	2020-11-01	0.00346020761245674	NA	0.00354017918206365	0	2020-11-01	0.19323900038341968	0.3429052461761658	0.4638557557720207	Other
Oregon	Secondary School	2020-12-01	0.00826446280991735	NA	0.00841644653664749	0	2020-12-01	0.163268548546875	0.222521267203125	0.614210184734375	Other
Oregon	Secondary School	2021-01-01	3.5156087408949013	1	3.1060778445826385	10	2021-01-01	0.20255009692783504	0.26152383200515467	0.5359260670206185	Other
Oregon	Secondary School	2021-02-01	7.703125	1	6.032815344878689	2	2021-02-01	0.2846705943247423	0.31020983295360827	0.4051195725257732	Other
Oregon	Secondary School	2021-03-01	2.137509130752374	1	2.0592489584174167	8	2021-03-01	0.3047210338923077	0.46841536906666664	0.2268635965897436	Other
Oregon	Secondary School	2021-04-01	1.6426765706438626	1	1.7140240503437247	17	2021-04-01	0.3708371576989796	0.5418092195255102	0.08735362257142858	Other
Oregon	Secondary School	2021-05-01	2.1630353117956425	1	2.273492772404951	14	2021-05-01	0.4258247732857143	0.5486031752040816	0.02557205235204081	Other
Oregon	Secondary School	2021-06-01	5.5556640625	1	5.311889251157748	6	2021-06-01	0.42716976552307695	0.5583111914	0.01451904426153846	Other
Pennsylvania	Primary School	2020-12-01	1	NA	0.9913783507554064	0	2020-12-01	0.0765625	0.4375	0.4859375	Other
Pennsylvania	Primary School	2021-01-01	6.76	1	6.707715355143074	4	2021-01-01	0.1125	0.6015625	0.2859375	Other
Pennsylvania	Primary School	2021-02-01	2.70303926611797	1	2.730148114064915	28	2021-02-01	0.1296875	0.6546875	0.215625	Other
Pennsylvania	Primary School	2021-03-01	1.1741170421038605	1	1.158792472984031	82	2021-03-01	0.20219435736677116	0.6426332288401254	0.15517241379310345	Other
Pennsylvania	Primary School	2021-04-01	1.1765613185481143	1	1.1752124218672022	86	2021-04-01	0.29780564263322884	0.5705329153605015	0.1316614420062696	Other
Pennsylvania	Primary School	2021-05-01	1.874791676050628	1	1.951459016584265	28	2021-05-01	0.30094043887147337	0.567398119122257	0.1316614420062696	Other
Pennsylvania	Secondary School	2020-12-01	20.3125	1	20.13737274971919	1	2020-12-01	0.0765625	0.4375	0.4859375	Other
Pennsylvania	Secondary School	2021-01-01	5.810694444444444	1	5.703240278205372	10	2021-01-01	0.1125	0.6015625	0.2859375	Other
Pennsylvania	Secondary School	2021-02-01	1.490660473218174	1	1.5056103441340445	57	2021-02-01	0.1296875	0.6546875	0.215625	Other
Pennsylvania	Secondary School	2021-03-01	1.0649312005193774	1	1.0510317243981728	155	2021-03-01	0.20219435736677116	0.6426332288401254	0.15517241379310345	Other
Pennsylvania	Secondary School	2021-04-01	1.1016425238512135	1	1.1003795196026902	174	2021-04-01	0.29780564263322884	0.5705329153605015	0.1316614420062696	Other
Pennsylvania	Secondary School	2021-05-01	1.4503307219926538	1	1.5096402446291322	68	2021-05-01	0.30094043887147337	0.567398119122257	0.1316614420062696	Other
Rhode Island	Primary School	2021-02-01	1.698753462603878	1	1.564967977860024	4	2021-02-01	0.4795828808	0.4587646023636363	0.06165251909090909	Other
Rhode Island	Primary School	2021-03-01	0.77020263671875	1	0.7179459815607582	6	2021-03-01	0.5125847386785715	0.4401415801785714	0.04727368107142857	Other
Rhode Island	Primary School	2021-04-01	0.9193751574703956	1	0.8713175669363599	7	2021-04-01	0.6011840810535715	0.35948668519642857	0.03932923160714285	Other
Rhode Island	Primary School	2021-05-01	0.7399136798648902	1	0.6949067497232405	6	2021-05-01	0.6767135482142858	0.2972060666071429	0.02608038357142857	Other
Rhode Island	Primary School	2021-06-01	0.07758053911900066	1	0.06497088389730016	1	2021-06-01	0.665439499122807	0.3134651149122807	0.02109538543859649	Other
Rhode Island	Secondary School	2020-11-01	1	NA	0.4444444444444444	0	2020-11-01	0.4421436575185186	0.45770031446296294	0.10015602666666668	Other
Rhode Island	Secondary School	2020-12-01	1	NA	0.5517241379310345	0	2020-12-01	0.4025629980740741	0.40751689592592594	0.18992010814814816	Other
Rhode Island	Secondary School	2021-01-01	11.666666666666666	1	14.20736589271417	2	2021-01-01	0.44733625825925927	0.4312236194259259	0.12144012327777778	Other
Rhode Island	Secondary School	2021-02-01	1.051440329218107	1	0.9686340496605867	5	2021-02-01	0.4795828808	0.4587646023636363	0.06165251909090909	Other
Rhode Island	Secondary School	2021-03-01	0.9099188750676042	1	0.8481827622457535	20	2021-03-01	0.5125847386785715	0.4401415801785714	0.04727368107142857	Other
Rhode Island	Secondary School	2021-04-01	1.140707852874337	1	1.081080756724353	26	2021-04-01	0.6011840810535715	0.35948668519642857	0.03932923160714285	Other
Rhode Island	Secondary School	2021-05-01	1.9550413223140497	1	1.8361214934044203	9	2021-05-01	0.6767135482142858	0.2972060666071429	0.02608038357142857	Other
Rhode Island	Secondary School	2021-06-01	2.4081632653061225	1	2.01674927362844	1	2021-06-01	0.665439499122807	0.3134651149122807	0.02109538543859649	Other
South Carolina	Primary School	2020-11-01	9	1	8.743086529884033	1	2020-11-01	0.2375	0.75	0.0125	Rising In-Person
South Carolina	Primary School	2020-12-01	2.5	1	3.2142857142857144	1	2020-12-01	0.2625	0.6625	0.075	Rising In-Person
South Carolina	Primary School	2021-01-01	3.9555555555555557	1	3.79962628418485	1	2021-01-01	0.275	0.475	0.25	Rising In-Person
South Carolina	Primary School	2021-02-01	19.02777777777778	1	17.690036868178215	2	2021-02-01	0.375	0.6125	0.0125	Rising In-Person
South Carolina	Primary School	2021-03-01	4.4134375	1	4.206437365254672	21	2021-03-01	0.575	0.425	0	Rising In-Person
South Carolina	Primary School	2021-04-01	4.381952701810015	1	4.25351687438841	23	2021-04-01	0.8625	0.1375	0	Rising In-Person
South Carolina	Primary School	2021-05-01	7.124260355029586	1	7.212758764840592	3	2021-05-01	1	0	0	Rising In-Person
South Carolina	Secondary School	2020-12-01	1	NA	1.2857142857142856	0	2020-12-01	0.2625	0.6625	0.075	Rising In-Person
South Carolina	Secondary School	2021-01-01	0.25	NA	0.24505690362353455	0	2021-01-01	0.275	0.475	0.25	Rising In-Person
South Carolina	Secondary School	2021-02-01	2.5310650887573964	1	2.353119489768724	5	2021-02-01	0.375	0.6125	0.0125	Rising In-Person
South Carolina	Secondary School	2021-03-01	3.614888470841172	1	3.445342079722355	10	2021-03-01	0.575	0.425	0	Rising In-Person
South Carolina	Secondary School	2021-04-01	4.273086419753087	1	4.147841482778228	6	2021-04-01	0.8625	0.1375	0	Rising In-Person
South Carolina	Secondary School	2021-05-01	5.351111111111111	1	5.417583250035822	3	2021-05-01	1	0	0	Rising In-Person
South Dakota	Primary School	2021-03-01	1	NA	1.233134073441503	0	2021-03-01	0.9731543624161074	0.0134228187919463	0.0134228187919463	Persistent High
South Dakota	Primary School	2021-04-01	0.84375	1	0.8143261074458058	1	2021-04-01	0.9798657718120806	0.0134228187919463	0.00671140939597315	Persistent High
South Dakota	Primary School	2021-05-01	0.5510204081632653	1	0.3040112596762843	1	2021-05-01	0.9798657718120806	0.0134228187919463	0.00671140939597315	Persistent High
South Dakota	Secondary School	2021-03-01	2.5277777777777777	1	3.1170889078660213	2	2021-03-01	0.9731543624161074	0.0134228187919463	0.0134228187919463	Persistent High
South Dakota	Secondary School	2021-04-01	2.183673469387755	1	2.107522745196099	2	2021-04-01	0.9798657718120806	0.0134228187919463	0.00671140939597315	Persistent High
South Dakota	Secondary School	2021-05-01	1	NA	0.5517241379310345	0	2021-05-01	0.9798657718120806	0.0134228187919463	0.00671140939597315	Persistent High
Tennessee	Primary School	2020-11-01	3.0408163265306123	1	2.833887352254699	1	2020-11-01	0.0896551724137931	0.8758620689655172	0.03448275862068965	Other
Tennessee	Primary School	2020-12-01	1.9981634527089072	1	2.001980064966478	3	2020-12-01	0.11724137931034484	0.8206896551724138	0.06206896551724138	Other
Tennessee	Primary School	2021-01-01	0.6862244897959183	1	0.6962425344510622	2	2021-01-01	0.1310344827586207	0.7793103448275862	0.0896551724137931	Other
Tennessee	Primary School	2021-02-01	2.4142145767315526	1	2.32446588349503	4	2021-02-01	0.21379310344827587	0.7724137931034483	0.01379310344827586	Other
Tennessee	Primary School	2021-03-01	1.7248975617672118	1	1.6726452950666617	12	2021-03-01	0.273972602739726	0.726027397260274	0	Other
Tennessee	Primary School	2021-04-01	1.4317796210764446	1	1.396850215969892	17	2021-04-01	0.2876712328767123	0.7123287671232876	0	Other
Tennessee	Primary School	2021-05-01	1.3841	1	1.358093132041509	10	2021-05-01	0.2876712328767123	0.7123287671232876	0	Other
Tennessee	Secondary School	2020-11-01	1.344671201814059	1	1.2531656971566267	4	2020-11-01	0.0896551724137931	0.8758620689655172	0.03448275862068965	Other
Tennessee	Secondary School	2020-12-01	2.1554696789536267	1	2.159586755555325	10	2020-12-01	0.11724137931034484	0.8206896551724138	0.06206896551724138	Other
Tennessee	Secondary School	2021-01-01	3.1559420612317552	1	3.183618102081076	14	2021-01-01	0.1310344827586207	0.7793103448275862	0.0896551724137931	Other
Tennessee	Secondary School	2021-02-01	2.5242603550295857	1	2.4304206978441107	8	2021-02-01	0.21379310344827587	0.7724137931034483	0.01379310344827586	Other
Tennessee	Secondary School	2021-03-01	1.201777941093335	1	1.1653725203398202	24	2021-03-01	0.273972602739726	0.726027397260274	0	Other
Tennessee	Secondary School	2021-04-01	1.0534639322518111	1	1.0277638399239843	26	2021-04-01	0.2876712328767123	0.7123287671232876	0	Other
Tennessee	Secondary School	2021-05-01	1.67141649559232	1	1.6400110277037907	10	2021-05-01	0.2876712328767123	0.7123287671232876	0	Other
Texas	Primary School	2020-09-01	18	1	31.565217391304348	1	2020-09-01	0.9257355737221298	0	0.07426442622895174	Persistent High
Texas	Primary School	2020-10-01	25.75	1	26.97327790973872	2	2020-10-01	0.9257355737221298	0	0.07426442622895174	Persistent High
Texas	Primary School	2020-11-01	11.5	1	11.35101789019124	1	2020-11-01	0.9257355737221298	0	0.07426442622895174	Persistent High
Texas	Primary School	2020-12-01	0.0625	NA	0.03255021520803443	0	2020-12-01	0.9257355737221298	0	0.07426442622895174	Persistent High
Texas	Primary School	2021-01-01	1.9073962669094693	1	1.7910354916575884	5	2021-01-01	0.9229192889966722	0	0.07708071118985024	Persistent High
Texas	Secondary School	2020-09-01	2	1	3.5072463768115942	1	2020-09-01	0.9257355737221298	0	0.07426442622895174	Persistent High
Texas	Secondary School	2020-10-01	0.0625	NA	0.06546912114014251	0	2020-10-01	0.9257355737221298	0	0.07426442622895174	Persistent High
Texas	Secondary School	2020-11-01	0.25	NA	0.24676125848241823	0	2020-11-01	0.9257355737221298	0	0.07426442622895174	Persistent High
Texas	Secondary School	2020-12-01	1.9591836734693877	1	1.0203496032559365	1	2020-12-01	0.9257355737221298	0	0.07426442622895174	Persistent High
Texas	Secondary School	2021-01-01	1.093503217402073	1	0.8593364139513093	12	2021-01-01	0.9229192889966722	0	0.07708071118985024	Persistent High
Utah	Primary School	2021-01-01	1	NA	0.5161290322580645	0	2021-01-01	0.33282355234507044	0.5874966454929578	0.07967980190140846	Other
Utah	Primary School	2021-02-01	1.4166666666666667	1	1.310492505353319	1	2021-02-01	0.34089664020422533	0.6146802697605633	0.04442308967605633	Other
Utah	Primary School	2021-03-01	2.42578125	1	2.0512010693329215	4	2021-03-01	0.3716486610422535	0.5980206385915493	0.03033070013380281	Other
Utah	Primary School	2021-04-01	2.752958579881657	1	2.6978432617020944	6	2021-04-01	0.38576442843661973	0.5980252986619718	0.01621027286619718	Other
Utah	Primary School	2021-05-01	2.8282548476454292	1	2.9782538993832377	4	2021-05-01	0.385768121	0.5909946485211267	0.02323723074647887	Other
Utah	Secondary School	2021-02-01	0.0625	NA	0.05781584582441113	0	2021-02-01	0.34089664020422533	0.6146802697605633	0.04442308967605633	Other
Utah	Secondary School	2021-03-01	0.39	1	0.3297776405188388	1	2021-03-01	0.3716486610422535	0.5980206385915493	0.03033070013380281	Other
Utah	Secondary School	2021-04-01	0.8684	1	0.8510142889846205	7	2021-04-01	0.38576442843661973	0.5980252986619718	0.01621027286619718	Other
Utah	Secondary School	2021-05-01	0.956875	1	1.0076237303526083	6	2021-05-01	0.385768121	0.5909946485211267	0.02323723074647887	Other
Vermont	Primary School	2021-04-01	0.1111111111111111	NA	0.11227043468216996	0	2021-04-01	0.5173905553191489	0.4817023024468085	9.071417127659576e-4	Other
Vermont	Primary School	2021-05-01	0.04	NA	0.03800188501413761	0	2021-05-01	0.5505814358333333	0.4456056701190476	0.00381289321428571	Other
Vermont	Secondary School	2020-11-01	0.02777777777777777	NA	0.02834418561463375	0	2020-11-01	0.3996192639325843	0.5627834030337079	0.03759733348314607	Other
Vermont	Secondary School	2020-12-01	0.02040816326530612	NA	0.02399038401962849	0	2020-12-01	0.4526600588842105	0.48212682936842105	0.065213112	Other
Vermont	Secondary School	2021-01-01	0.625	NA	0.9868213805848951	0	2021-01-01	0.4524266945	0.5333234654347826	0.01424983923913043	Other
Vermont	Secondary School	2021-02-01	244.9375	1	237.8011290832239	2	2021-02-01	0.4622359517882353	0.5038886791764706	0.033875368	Other
Vermont	Secondary School	2021-03-01	449	1	437.4174138147927	2	2021-03-01	0.47105105518181817	0.5289489445454545	0	Other
Vermont	Secondary School	2021-04-01	0.0625	NA	0.0631521195087206	0	2021-04-01	0.5173905553191489	0.4817023024468085	9.071417127659576e-4	Other
Vermont	Secondary School	2021-05-01	0.1111111111111111	NA	0.10556079170593778	0	2021-05-01	0.5505814358333333	0.4456056701190476	0.00381289321428571	Other
Virginia	Primary School	2021-01-01	5.96875	1	7.0526334977573395	3	2021-01-01	0.07697947181818182	0.5437438903030303	0.3792766378787879	Other
Virginia	Primary School	2021-02-01	1.981111111111111	1	1.9643893436695496	3	2021-02-01	0.1295995666666667	0.6195887431818182	0.2508116862878788	Other
Virginia	Primary School	2021-03-01	0.8297263728405284	1	0.8334780359641306	11	2021-03-01	0.25366568878787876	0.687683283560606	0.05865102537878788	Other
Virginia	Primary School	2021-04-01	1.0208225723140496	1	1.0240591581319414	15	2021-04-01	0.35000000098484846	0.6315656581818182	0.01843434340909091	Other
Virginia	Primary School	2021-05-01	2.4276937618147447	1	2.370633071239194	6	2021-05-01	0.4242424243939394	0.5681818187121213	0.00757575757575757	Other
Virginia	Secondary School	2021-01-01	0.0625	NA	0.0663843047752809	0	2021-01-01	0.07697947181818182	0.5437438903030303	0.3792766378787879	Other
Virginia	Secondary School	2021-02-01	4.911157024793388	1	4.869703910338072	4	2021-02-01	0.1295995666666667	0.6195887431818182	0.2508116862878788	Other
Virginia	Secondary School	2021-03-01	1.4509356204054356	1	1.4574961225661185	13	2021-03-01	0.25366568878787876	0.687683283560606	0.05865102537878788	Other
Virginia	Secondary School	2021-04-01	1.0032473894907756	1	1.0064282520233332	17	2021-04-01	0.35000000098484846	0.6315656581818182	0.01843434340909091	Other
Virginia	Secondary School	2021-05-01	1.33765625	1	1.3062158803049997	10	2021-05-01	0.4242424243939394	0.5681818187121213	0.00757575757575757	Other
Washington	Primary School	2021-01-01	14.666666666666666	1	11.182923802432365	1	2021-01-01	0.1180327868852459	0.4557377049180328	0.4262295081967213	Other
Washington	Primary School	2021-02-01	22.8125	1	19.4429280833979	2	2021-02-01	0.1396103896103896	0.5844155844155844	0.275974025974026	Other
Washington	Primary School	2021-03-01	0.5149375743162902	1	0.5113771979573509	4	2021-03-01	0.1812297734627832	0.6990291262135923	0.1197411003236246	Other
Washington	Primary School	2021-04-01	0.6647464701294605	1	0.6194048811011835	72	2021-04-01	0.2956810631229236	0.6744186046511628	0.02990033222591362	Other
Washington	Primary School	2021-05-01	0.829513263403787	1	0.7716767633509144	141	2021-05-01	0.3741721854304636	0.6026490066225165	0.02317880794701986	Other
Washington	Secondary School	2021-01-01	0.02777777777777777	NA	0.0236040287819053	0	2021-01-01	0.1180327868852459	0.4557377049180328	0.4262295081967213	Other
Washington	Secondary School	2021-02-01	0.25	NA	0.21307318447559345	0	2021-02-01	0.1396103896103896	0.5844155844155844	0.275974025974026	Other
Washington	Secondary School	2021-03-01	0.9615485756026296	1	0.954900245810241	19	2021-03-01	0.1812297734627832	0.6990291262135923	0.1197411003236246	Other
Washington	Secondary School	2021-04-01	0.990154085872576	1	0.9226168191796664	88	2021-04-01	0.2956810631229236	0.6744186046511628	0.02990033222591362	Other
Washington	Secondary School	2021-05-01	1.158942548552938	1	1.0781371127295083	85	2021-05-01	0.3741721854304636	0.6026490066225165	0.02317880794701986	Other
West Virginia	Primary School	2021-01-01	7.514177693761814	1	6.494512810439849	2	2021-01-01	0.05454545432727273	0.45705327705454546	0.4884012425454546	Other
West Virginia	Primary School	2021-02-01	2.326327641208482	1	2.2114101822793155	4	2021-02-01	0.11818181914545454	0.8285714309090909	0.05324675345454546	Other
West Virginia	Primary School	2021-03-01	1.610956902848795	1	1.5406889407677498	9	2021-03-01	0.5853372449090909	0.414662754	0	Other
West Virginia	Primary School	2021-04-01	1.8679857172862844	1	1.7888059042687448	24	2021-04-01	0.6933333334545455	0.3024242425454545	0.00424242418181818	Other
West Virginia	Primary School	2021-05-01	1.949567745158897	1	1.875220774476764	22	2021-05-01	0.7008797656363637	0.2991202343636364	0	Other
West Virginia	Primary School	2021-06-01	2.4325925925925924	1	2.236830191428372	5	2021-06-01	0.7878787878787878	0.21212121212121213	0	Other
West Virginia	Secondary School	2021-01-01	0.25	NA	0.2160753004228101	0	2021-01-01	0.05454545432727273	0.45705327705454546	0.4884012425454546	Other
West Virginia	Secondary School	2021-02-01	8.868529585051764	1	8.4304361427098	34	2021-02-01	0.11818181914545454	0.8285714309090909	0.05324675345454546	Other
West Virginia	Secondary School	2021-03-01	1.8425668724929924	1	1.7621963679194883	119	2021-03-01	0.5853372449090909	0.414662754	0	Other
West Virginia	Secondary School	2021-04-01	1.416372996332708	1	1.3563360549498586	222	2021-04-01	0.6933333334545455	0.3024242425454545	0.00424242418181818	Other
West Virginia	Secondary School	2021-05-01	1.374064837905237	1	1.3216647310237168	151	2021-05-01	0.7008797656363637	0.2991202343636364	0	Other
West Virginia	Secondary School	2021-06-01	0.819584	1	0.7536281419231736	13	2021-06-01	0.7878787878787878	0.21212121212121213	0	Other
Wisconsin	Primary School	2020-11-01	1.6666666666666667	1	2.8160919540229887	1	2020-11-01	0.5912034628957346	0.22425489339810423	0.18454164371327017	Other
Wisconsin	Primary School	2020-12-01	1.5625	1	2.7222938144329896	1	2020-12-01	0.5636964280781991	0.200742206528436	0.2355613652393365	Other
Wisconsin	Primary School	2021-01-01	1	NA	1.2347826086956522	0	2021-01-01	0.6611374168108747	0.2520514154444444	0.08681116823640662	Other
Wisconsin	Primary School	2021-02-01	1.0810249307479225	1	1.0160073088969286	2	2021-02-01	0.7289909539196218	0.22422914105437353	0.04677990538534279	Other
Wisconsin	Primary School	2021-03-01	1.565800779959019	1	1.524867584392006	8	2021-03-01	0.761799275643026	0.20807559775886525	0.03012512712765957	Other
Wisconsin	Primary School	2021-04-01	1.9696296296296296	1	1.9512599461916176	7	2021-04-01	0.8670574337227488	0.1269705296563981	0.0059720371635071	Other
Wisconsin	Primary School	2021-05-01	2.2479338842975207	1	2.209732997321665	1	2021-05-01	0.877845182464455	0.11868779522511848	0.00346702270379146	Other
Wisconsin	Primary School	2021-06-01	0.0625	NA	0.05835391672547636	0	2021-06-01	0.8813645593023256	0.1095982485762274	0.00903719219121447	Other
Wisconsin	Secondary School	2020-11-01	2.6875	1	4.540948275862069	3	2020-11-01	0.5912034628957346	0.22425489339810423	0.18454164371327017	Other
Wisconsin	Secondary School	2020-12-01	2.92	1	5.087422680412371	3	2020-12-01	0.5636964280781991	0.200742206528436	0.2355613652393365	Other
Wisconsin	Secondary School	2021-01-01	1	NA	1.2347826086956522	0	2021-01-01	0.6611374168108747	0.2520514154444444	0.08681116823640662	Other
Wisconsin	Secondary School	2021-02-01	0.3011188271604938	1	0.28300820872823396	2	2021-02-01	0.7289909539196218	0.22422914105437353	0.04677990538534279	Other
Wisconsin	Secondary School	2021-03-01	0.9442163584183674	1	0.9195326353346917	16	2021-03-01	0.761799275643026	0.20807559775886525	0.03012512712765957	Other
Wisconsin	Secondary School	2021-04-01	1.6149730725623583	1	1.5999110813851325	20	2021-04-01	0.8670574337227488	0.1269705296563981	0.0059720371635071	Other
Wisconsin	Secondary School	2021-05-01	3.0756143667296785	1	3.0233480622687385	6	2021-05-01	0.877845182464455	0.11868779522511848	0.00346702270379146	Other
Wisconsin	Secondary School	2021-06-01	0.04	NA	0.03734650670430487	0	2021-06-01	0.8813645593023256	0.1095982485762274	0.00903719219121447	Other
Wyoming	Primary School	2020-08-01	0.25	NA	0.24715454865721795	0	2020-08-01	0.9075520833333334	0.04166666666666666	0.05078125	Persistent High
Wyoming	Primary School	2020-09-01	0.015625	NA	0.01490309342464291	0	2020-09-01	0.9166666666666666	0.04166666666666666	0.04166666666666666	Persistent High
Wyoming	Primary School	2020-10-01	1.37227255098181	1	1.3673510518553855	21	2020-10-01	0.9166666666666666	0.04166666666666666	0.04166666666666666	Persistent High
Wyoming	Primary School	2020-11-01	1.299040335079299	1	1.3065776819654833	120	2020-11-01	0.9125000002083332	0.03333333375	0.054166666875	Persistent High
Wyoming	Primary School	2020-12-01	1.2736746827644876	1	1.2787594996083833	132	2020-12-01	0.9166666666666666	0.04166666666666666	0.04166666666666666	Persistent High
Wyoming	Primary School	2021-01-01	1.1316629064707908	1	1.0751309344729434	40	2021-01-01	0.9166666666666666	0.04166666666666666	0.04166666666666666	Persistent High
Wyoming	Primary School	2021-02-01	1.8381531222429173	1	1.8571579241779703	5	2021-02-01	0.915922619375	0.07514880916666666	0.00892857166666666	Persistent High
Wyoming	Primary School	2021-03-01	0.43865421895724926	1	0.4754342284255402	6	2021-03-01	0.90322580625	0.096774193125	0	Persistent High
Wyoming	Primary School	2021-04-01	0.2533462154774248	1	0.2521159240467568	5	2021-04-01	0.9166666666666666	0.08333333333333333	0	Persistent High
Wyoming	Primary School	2021-05-01	1.9837333862328903e-4	NA	1.9304380105706384e-4	0	2021-05-01	0.9166666666666666	0.08333333333333333	0	Persistent High
Wyoming	Primary School	2021-06-01	1.316789781471222	1	1.2940768960735196	6	2021-06-01	0.8571428571428571	0.14285714285714285	0	Persistent High
Wyoming	Secondary School	2020-08-01	0.04	NA	0.03954472778515487	0	2020-08-01	0.9075520833333334	0.04166666666666666	0.05078125	Persistent High
Wyoming	Secondary School	2020-09-01	2.1923947487550928	1	2.091101680921194	2	2020-09-01	0.9166666666666666	0.04166666666666666	0.04166666666666666	Persistent High
Wyoming	Secondary School	2020-10-01	1.3307326188801414	1	1.325960097986506	173	2020-10-01	0.9166666666666666	0.04166666666666666	0.04166666666666666	Persistent High
Wyoming	Secondary School	2020-11-01	1.2067910059254046	1	1.2137930998443989	779	2020-11-01	0.9125000002083332	0.03333333375	0.054166666875	Persistent High
Wyoming	Secondary School	2020-12-01	1.1486672476878106	1	1.153253004669646	666	2020-12-01	0.9166666666666666	0.04166666666666666	0.04166666666666666	Persistent High
Wyoming	Secondary School	2021-01-01	0.9197308758149118	1	0.876059248615007	163	2021-01-01	0.9166666666666666	0.04166666666666666	0.04166666666666666	Persistent High
Wyoming	Secondary School	2021-02-01	1.52021305346606	1	1.5359306493674023	36	2021-02-01	0.915922619375	0.07514880916666666	0.00892857166666666	Persistent High
Wyoming	Secondary School	2021-03-01	2.943273509707076	1	3.1900592987783223	21	2021-03-01	0.90322580625	0.096774193125	0	Persistent High
Wyoming	Secondary School	2021-04-01	1.627432958477509	1	1.6195298728954783	14	2021-04-01	0.9166666666666666	0.08333333333333333	0	Persistent High
Wyoming	Secondary School	2021-05-01	1.3508854695892	1	1.3145923119108116	18	2021-05-01	0.9166666666666666	0.08333333333333333	0	Persistent High
Wyoming	Secondary School	2021-06-01	0.8599819083906691	1	0.845148355758182	11	2021-06-01	0.8571428571428571	0.14285714285714285	0	Persistent High
