x	y	RR	N_pairs	N_x	N_y	N_total	date	RR_xx	N_diag.x	RR_yy	N_diag.y	nRR	nRR_fixed	RR_lower	RR_upper	nRR_fixed_lower	nRR_fixed_upper
0-4	0-4	3.19348121805206	28	2107	2107	506332	2020-11-08	3.19348121805206	28	3.19348121805206	28	1	3.12559193858289	1.6958964514597004	6.124337653542237	1.6545829977201298	5.998220020891058
0-4	12-17	1.2593757164599455	147	2107	28050	506332	2020-11-08	3.19348121805206	28	1.3578509486179822	2110	0.5534097140536156	1.2326030179113732	1.0942971683458969	1.4381049519168194	1.0698308599286213	1.4109560154441478
0-4	18-24	1.0361449698340806	408	2107	94626	506332	2020-11-08	3.19348121805206	28	1.3193693141675968	23332	0.45919755703694887	1.014117868177742	0.8651075830135045	1.1495240909102435	0.8486079314388785	1.123696729785808
0-4	25-64	0.971902569454772	1227	2107	303384	506332	2020-11-08	3.19348121805206	28	1.0217204551339962	185730	0.4611416699880745	0.951241178123726	0.9450486412478567	0.9979581202966504	0.923810693254024	0.9777748463292388
0-4	5-11	1.8663164424077872	88	2107	11331	506332	2020-11-08	3.19348121805206	28	1.6799969664672898	426	0.7659073752853391	1.8266409691905643	1.4921192050481946	2.356450253056234	1.459850175103169	2.30338894282181
0-4	65-80	0.7904331737869218	178	2107	54116	506332	2020-11-08	3.19348121805206	28	1.2977545478188377	7506	0.3519891695704149	0.7736295870510475	0.6545374214887842	0.915252131236076	0.6406106741469884	0.89561231551841
0-4	80+	0.5857519468910236	31	2107	12718	506332	2020-11-08	3.19348121805206	28	6.529982820633471	2086	0.12048215421182525	0.5732996182543919	0.40658476696946777	0.83081980474943	0.3982455288879056	0.8139579571723526
12-17	0-4	1.2593757164599455	147	28050	2107	506332	2020-11-08	1.3578509486179822	2110	3.19348121805206	28	0.5534097140536156	1.2326030179113732	1.0942971683458969	1.4381049519168194	1.0698308599286213	1.4109560154441478
12-17	12-17	1.3578509486179822	2110	28050	28050	506332	2020-11-08	1.3578509486179822	2110	1.3578509486179822	2110	1	1.328984794025586	1.2743811964412812	1.4798145628571056	1.2464473398139606	1.448348284147752
12-17	18-24	0.9446537740302916	4952	28050	94626	506332	2020-11-08	1.3578509486179822	2110	1.3193693141675968	23332	0.7056974632691623	0.9245716568397396	0.9038839192269174	0.9786429575587553	0.8867655065139224	0.9581013229774907
12-17	25-64	0.9920272160686988	16673	28050	303384	506332	2020-11-08	1.3578509486179822	2110	1.0217204551339962	185730	0.8337864663397151	0.9709380007847612	0.9857270278612573	0.999540449782346	0.9648805699844771	0.9795565274135529
12-17	5-11	1.2282553076750151	771	28050	11331	506332	2020-11-08	1.3578509486179822	2110	1.6799969664672898	426	0.8086351535741961	1.202144188758492	1.168181044104466	1.2964084108535765	1.1425035144886786	1.2693864149979117
12-17	65-80	0.9733344829071872	2918	28050	54116	506332	2020-11-08	1.3578509486179822	2110	1.2977545478188377	7506	0.7330414733763481	0.9526426509485284	0.9337209903243825	1.0124687441429205	0.9141408452247416	0.9913854000933957
12-17	80+	0.679859553136613	479	28050	12718	506332	2020-11-08	1.3578509486179822	2110	6.529982820633471	2086	0.1723818155972957	0.6654066185329048	0.59359613250852294	0.7618871978082485	0.5816858733347968	0.7469191615460089
18-24	0-4	1.0361449698340806	408	94626	2107	506332	2020-11-08	1.3193693141675968	23332	3.19348121805206	28	0.45919755703694887	1.014117868177742	0.8651075830135045	1.1495240909102435	0.8486079314388785	1.123696729785808
18-24	12-17	0.9446537740302916	4952	94626	28050	506332	2020-11-08	1.3193693141675968	23332	1.3578509486179822	2110	0.7056974632691623	0.9245716568397396	0.9038839192269174	0.9786429575587553	0.8867655065139224	0.9581013229774907
18-24	18-24	1.3193693141675968	23332	94626	94626	506332	2020-11-08	1.3193693141675968	23332	1.3193693141675968	23332	1	1.291321229342095	1.2827602682383825	1.3613637600094584	1.2575334885753617	1.3306686620336836
18-24	25-64	0.9602101481586048	54442	94626	303384	506332	2020-11-08	1.3193693141675968	23332	1.0217204551339962	185730	0.8203104047949943	0.939797322578489	0.9506368619983865	0.9683171424578221	0.9280325921860081	0.9495442275075562
18-24	5-11	0.8887431642573759	1882	94626	11331	506332	2020-11-08	1.3193693141675968	23332	1.6799969664672898	426	0.5926206278942713	0.8698496343021921	0.820512348624818	0.934461885848185	0.8037281162398463	0.9133652196801114
18-24	65-80	0.8252348987176372	8346	94626	54116	506332	2020-11-08	1.3193693141675968	23332	1.2977545478188377	7506	0.6306426002254797	0.8076914723307654	0.7930261249710777	0.8507626790197278	0.7764614971818633	0.8335146758554774
18-24	80+	0.5318058952986456	1264	94626	12718	506332	2020-11-08	1.3193693141675968	23332	6.529982820633471	2086	0.13550313100130107	0.5205003899319022	0.47334783399838287	0.5691688714777642	0.4639759832229496	0.5566930991810385
25-64	0-4	0.971902569454772	1227	303384	2107	506332	2020-11-08	1.0217204551339962	185730	3.19348121805206	28	0.4611416699880745	0.951241178123726	0.9450486412478567	0.9979581202966504	0.923810693254024	0.9777748463292388
25-64	12-17	0.9920272160686988	16673	303384	28050	506332	2020-11-08	1.0217204551339962	185730	1.3578509486179822	2110	0.8337864663397151	0.9709380007847612	0.9857270278612573	0.999540449782346	0.9648805699844771	0.9795565274135529
25-64	18-24	0.9602101481586048	54442	303384	94626	506332	2020-11-08	1.0217204551339962	185730	1.3193693141675968	23332	0.8203104047949943	0.939797322578489	0.9506368619983865	0.9683171424578221	0.9280325921860081	0.9495442275075562
25-64	25-64	1.0217204551339962	185730	303384	303384	506332	2020-11-08	1.0217204551339962	185730	1.0217204551339962	185730	1	1	1.0183888840073496	1.0248464389617886	1	1
25-64	5-11	0.9915590217829018	6732	303384	11331	506332	2020-11-08	1.0217204551339962	185730	1.6799969664672898	426	0.734021266513663	0.9704797597038038	0.9825075970911099	1.004591447989606	0.9615790629862347	0.9839253048846479
25-64	65-80	0.985374841268404	31951	303384	54116	506332	2020-11-08	1.0217204551339962	185730	1.2977545478188377	7506	0.8496533396686419	0.9644270468669186	0.9760457835957757	0.9946222791863847	0.9550651161500655	0.9740221391815139
25-64	80+	0.8699051480243255	6629	303384	12718	506332	2020-11-08	1.0217204551339962	185730	6.529982820633471	2086	0.23038647474821988	0.8514120899245767	0.8407144184368145	0.8926947119342675	0.8219389108148191	0.8730188459810524
5-11	0-4	1.8663164424077872	88	11331	2107	506332	2020-11-08	1.6799969664672898	426	3.19348121805206	28	0.7659073752853391	1.8266409691905643	1.4921192050481946	2.356450253056234	1.459850175103169	2.30338894282181
5-11	12-17	1.2282553076750151	771	11331	28050	506332	2020-11-08	1.6799969664672898	426	1.3578509486179822	2110	0.8086351535741961	1.202144188758492	1.168181044104466	1.2964084108535765	1.1425035144886786	1.2693864149979117
5-11	18-24	0.8887431642573759	1882	11331	94626	506332	2020-11-08	1.6799969664672898	426	1.3193693141675968	23332	0.5926206278942713	0.8698496343021921	0.820512348624818	0.934461885848185	0.8037281162398463	0.9133652196801114
5-11	25-64	0.9915590217829018	6732	11331	303384	506332	2020-11-08	1.6799969664672898	426	1.0217204551339962	185730	0.734021266513663	0.9704797597038038	0.9825075970911099	1.004591447989606	0.9615790629862347	0.9839253048846479
5-11	5-11	1.6799969664672898	426	11331	11331	506332	2020-11-08	1.6799969664672898	426	1.6799969664672898	426	1	1.6442824042775597	1.4713982291969911	1.9956536551991162	1.4420863883130022	1.9548847653656696
5-11	65-80	0.9991410877905784	1210	11331	54116	506332	2020-11-08	1.6799969664672898	426	1.2977545478188377	7506	0.6710708284402355	0.9779006407966488	0.9305873650759607	1.0659969524743893	0.9128986291819108	1.0437375170333862
5-11	80+	0.7800120171268067	222	11331	12718	506332	2020-11-08	1.6799969664672898	426	6.529982820633471	2086	0.1900155755200116	0.7634299707002635	0.6328048936611632	0.9030366893837686	0.6188682242011647	0.8844440147186049
65-80	0-4	0.7904331737869218	178	54116	2107	506332	2020-11-08	1.2977545478188377	7506	3.19348121805206	28	0.3519891695704149	0.7736295870510475	0.6545374214887842	0.915252131236076	0.6406106741469884	0.89561231551841
65-80	12-17	0.9733344829071872	2918	54116	28050	506332	2020-11-08	1.2977545478188377	7506	1.3578509486179822	2110	0.7330414733763481	0.9526426509485284	0.9337209903243825	1.0124687441429205	0.9141408452247416	0.9913854000933957
65-80	18-24	0.8252348987176372	8346	54116	94626	506332	2020-11-08	1.2977545478188377	7506	1.3193693141675968	23332	0.6306426002254797	0.8076914723307654	0.7930261249710777	0.8507626790197278	0.7764614971818633	0.8335146758554774
65-80	25-64	0.985374841268404	31951	54116	303384	506332	2020-11-08	1.2977545478188377	7506	1.0217204551339962	185730	0.8496533396686419	0.9644270468669186	0.9760457835957757	0.9946222791863847	0.9550651161500655	0.9740221391815139
65-80	5-11	0.9991410877905784	1210	54116	11331	506332	2020-11-08	1.2977545478188377	7506	1.6799969664672898	426	0.6710708284402355	0.9779006407966488	0.9305873650759607	1.0659969524743893	0.9128986291819108	1.0437375170333862
65-80	65-80	1.2977545478188377	7506	54116	54116	506332	2020-11-08	1.2977545478188377	7506	1.2977545478188377	7506	1	1.2701659649641055	1.236006661832909	1.354022694281795	1.2088218571303708	1.3302059509523827
65-80	80+	1.4765162794219393	2007	54116	12718	506332	2020-11-08	1.2977545478188377	7506	6.529982820633471	2086	0.3772523808406399	1.4451274534072998	1.366017296786664	1.5781239270152927	1.3384455228292946	1.5452773979359906
80+	0-4	0.5857519468910236	31	12718	2107	506332	2020-11-08	6.529982820633471	2086	3.19348121805206	28	0.12048215421182525	0.5732996182543919	0.40658476696946777	0.83081980474943	0.3982455288879056	0.8139579571723526
80+	12-17	0.679859553136613	479	12718	28050	506332	2020-11-08	6.529982820633471	2086	1.3578509486179822	2110	0.1723818155972957	0.6654066185329048	0.59359613250852294	0.7618871978082485	0.5816858733347968	0.7469191615460089
80+	18-24	0.5318058952986456	1264	12718	94626	506332	2020-11-08	6.529982820633471	2086	1.3193693141675968	23332	0.13550313100130107	0.5205003899319022	0.47334783399838287	0.5691688714777642	0.4639759832229496	0.5566930991810385
80+	25-64	0.8699051480243255	6629	12718	303384	506332	2020-11-08	6.529982820633471	2086	1.0217204551339962	185730	0.23038647474821988	0.8514120899245767	0.8407144184368145	0.8926947119342675	0.8219389108148191	0.8730188459810524
80+	5-11	0.7800120171268067	222	12718	11331	506332	2020-11-08	6.529982820633471	2086	1.6799969664672898	426	0.1900155755200116	0.7634299707002635	0.6328048936611632	0.9030366893837686	0.6188682242011647	0.8844440147186049
80+	65-80	1.4765162794219393	2007	12718	54116	506332	2020-11-08	6.529982820633471	2086	1.2977545478188377	7506	0.3772523808406399	1.4451274534072998	1.366017296786664	1.5781239270152927	1.3384455228292946	1.5452773979359906
80+	80+	6.529982820633471	2086	12718	12718	506332	2020-11-08	6.529982820633471	2086	6.529982820633471	2086	1	6.391163833337446	5.638516582627613	7.80417577075011	5.52575386252052	7.640759590980772
0-4	0-4	2.360963834710744	42	2750	2750	425114	2020-12-06	2.360963834710744	42	2.360963834710744	42	1	2.298703708464382	1.340220969074683	4.550964976543728	1.3076398552934512	4.434729073135877
0-4	12-17	1.0738670729916286	172	2750	24760	425114	2020-12-06	2.360963834710744	42	1.3313902005292817	1920	0.5816706971989054	1.0455485114985166	0.9592795265408772	1.200614797819813	0.9345860935732969	1.170581672809842
0-4	18-24	1.007300563413431	448	2750	68753	425114	2020-12-06	2.360963834710744	42	1.32544177218433	14738	0.5464947001650444	0.9807374033496788	0.8088322369237493	1.1148353470893373	0.7869449690112279	1.0862059379485929
0-4	25-64	0.9783491960390772	1644	2750	259765	425114	2020-12-06	2.360963834710744	42	1.027084885284304	163028	0.577529591156828	0.9525495020484736	0.9548281730858932	1.0062678046573241	0.9284273971737057	0.9795721813320563
0-4	5-11	1.4861504193460446	109	2750	11338	425114	2020-12-06	2.360963834710744	42	1.6204236920779396	490	0.7465489904444178	1.446959682338883	1.227846200688819	1.8801558334100372	1.1982276429904606	1.8321142542201956
0-4	65-80	0.8974127604398298	267	2750	45993	425114	2020-12-06	2.360963834710744	42	1.3307948372713874	6622	0.4861708687789186	0.8737474120178683	0.7386044620515675	1.0156851271767187	0.7206274425880196	0.9868285637159552
0-4	80+	0.8942501218050346	68	2750	11755	425114	2020-12-06	2.360963834710744	42	5.8084750889283745	1888	0.21892571329897068	0.8706681741864989	0.6362726588354936	1.2012522409027848	0.618706221529375	1.172863750140504
12-17	0-4	1.0738670729916286	172	24760	2750	425114	2020-12-06	1.3313902005292817	1920	2.360963834710744	42	0.5816706971989054	1.0455485114985166	0.9592795265408772	1.200614797819813	0.9345860935732969	1.170581672809842
12-17	12-17	1.3313902005292817	1920	24760	24760	425114	2020-12-06	1.3313902005292817	1920	1.3313902005292817	1920	1	1.29628058946729	1.2516687177819443	1.430229368175512	1.2204996537194246	1.387553715613276
12-17	18-24	0.9779255601053872	3916	24760	68753	425114	2020-12-06	1.3313902005292817	1920	1.32544177218433	14738	0.7361591324923438	0.952137037665286	0.9277754051682408	1.0157388655670985	0.9024697115296052	0.987576131446731
12-17	25-64	0.97226981952465	14710	24760	259765	425114	2020-12-06	1.3313902005292817	1920	1.027084885284304	163028	0.824490218593302	0.9466304425807212	0.9644211357983868	0.9819993299924303	0.9377466172099241	0.9561788043703501
12-17	5-11	1.2235724126424044	808	24760	11338	425114	2020-12-06	1.3313902005292817	1920	1.6204236920779396	490	0.8290308651956855	1.1913060256005144	1.1664220916422603	1.307216020611315	1.134693452921042	1.2719711534732336
12-17	65-80	1.0224805641386674	2739	24760	45993	425114	2020-12-06	1.3313902005292817	1920	1.3307948372713874	6622	0.7681513866394328	0.99551709774761	0.9808840167034033	1.0648285235733193	0.9554632722761571	1.0358938625701961
12-17	80+	0.7229983975471201	495	24760	11755	425114	2020-12-06	1.3313902005292817	1920	5.8084750889283745	1888	0.20252438056910144	0.7039324674191747	0.6524474973809709	0.7817613257010271	0.6360526499137974	0.760639237892965
18-24	0-4	1.007300563413431	448	68753	2750	425114	2020-12-06	1.32544177218433	14738	2.360963834710744	42	0.5464947001650444	0.9807374033496788	0.8088322369237493	1.1148353470893373	0.7869449690112279	1.0862059379485929
18-24	12-17	0.9779255601053872	3916	68753	24760	425114	2020-12-06	1.32544177218433	14738	1.3313902005292817	1920	0.7361591324923438	0.952137037665286	0.9277754051682408	1.0157388655670985	0.9024697115296052	0.987576131446731
18-24	18-24	1.32544177218433	14738	68753	68753	425114	2020-12-06	1.32544177218433	14738	1.32544177218433	14738	1	1.2904890249820384	1.2699584624509241	1.3690196634225065	1.2405918326218326	1.3314084640179105
18-24	25-64	0.9635009904544152	40478	68753	259765	425114	2020-12-06	1.32544177218433	14738	1.027084885284304	163028	0.819120146754181	0.9380928531410642	0.9553086800569855	0.9739318812964969	0.9274925839127339	0.9504696129600289
18-24	5-11	0.9260085322032562	1698	68753	11338	425114	2020-12-06	1.32544177218433	14738	1.6204236920779396	490	0.628683518264576	0.9015890949918232	0.8482404601307012	0.9868287984387868	0.8279682532695918	0.9606558901566828
18-24	65-80	0.8582521391525878	6384	68753	45993	425114	2020-12-06	1.32544177218433	14738	1.3307948372713874	6622	0.6462166330343967	0.8356194813586589	0.8142688122720758	0.8938361675492348	0.7933901987772659	0.8692238951163468
18-24	80+	0.5738731060545718	1091	68753	11755	425114	2020-12-06	1.32544177218433	14738	5.8084750889283745	1888	0.1608858407595915	0.5587397052345092	0.5042885939252243	0.6194468089860107	0.4918961543251077	0.6021973826417502
25-64	0-4	0.9783491960390772	1644	259765	2750	425114	2020-12-06	1.027084885284304	163028	2.360963834710744	42	0.577529591156828	0.9525495020484736	0.9548281730858932	1.0062678046573241	0.9284273971737057	0.9795721813320563
25-64	12-17	0.97226981952465	14710	259765	24760	425114	2020-12-06	1.027084885284304	163028	1.3313902005292817	1920	0.824490218593302	0.9466304425807212	0.9644211357983868	0.9819993299924303	0.9377466172099241	0.9561788043703501
25-64	18-24	0.9635009904544152	40478	259765	68753	425114	2020-12-06	1.027084885284304	163028	1.32544177218433	14738	0.819120146754181	0.9380928531410642	0.9553086800569855	0.9739318812964969	0.9274925839127339	0.9504696129600289
25-64	25-64	1.027084885284304	163028	259765	259765	425114	2020-12-06	1.027084885284304	163028	1.027084885284304	163028	1	1	1.0240786972386988	1.0308378104199893	1	1
25-64	5-11	0.9755976969115372	6759	259765	11338	425114	2020-12-06	1.027084885284304	163028	1.6204236920779396	490	0.7369930396097459	0.9498705617126136	0.9635677116651667	0.9886246828531154	0.9363417155587499	0.9638281444464133
25-64	65-80	0.960221774786851	26986	259765	45993	425114	2020-12-06	1.027084885284304	163028	1.3307948372713874	6622	0.8144790131585444	0.9349001124878352	0.9494044336660366	0.9680914844611561	0.9220827815982601	0.9447722987603563
25-64	80+	0.8575962065899909	6160	259765	11755	425114	2020-12-06	1.027084885284304	163028	5.8084750889283745	1888	0.2509220048760582	0.8349808461572312	0.8353947734006101	0.8836176366813484	0.812201881362649	0.8612710109633431
5-11	0-4	1.4861504193460446	109	11338	2750	425114	2020-12-06	1.6204236920779396	490	2.360963834710744	42	0.7465489904444178	1.446959682338883	1.227846200688819	1.8801558334100372	1.1982276429904606	1.8321142542201956
5-11	12-17	1.2235724126424044	808	11338	24760	425114	2020-12-06	1.6204236920779396	490	1.3313902005292817	1920	0.8290308651956855	1.1913060256005144	1.1664220916422603	1.307216020611315	1.134693452921042	1.2719711534732336
5-11	18-24	0.9260085322032562	1698	11338	68753	425114	2020-12-06	1.6204236920779396	490	1.32544177218433	14738	0.628683518264576	0.9015890949918232	0.8482404601307012	0.9868287984387868	0.8279682532695918	0.9606558901566828
5-11	25-64	0.9755976969115372	6759	11338	259765	425114	2020-12-06	1.6204236920779396	490	1.027084885284304	163028	0.7369930396097459	0.9498705617126136	0.9635677116651667	0.9886246828531154	0.9363417155587499	0.9638281444464133
5-11	5-11	1.6204236920779396	490	11338	11338	425114	2020-12-06	1.6204236920779396	490	1.6204236920779396	490	1	1.5776920829960372	1.432066951260587	1.8278243789357878	1.3936313903374518	1.7782275885962788
5-11	65-80	0.984791183049372	1208	11338	45993	425114	2020-12-06	1.6204236920779396	490	1.3307948372713874	6622	0.6673793711009905	0.9588216097414142	0.921606393866666	1.0468775713750689	0.8968923685571016	1.0194016634410878
5-11	80+	0.8484533365886797	266	11338	11755	425114	2020-12-06	1.6204236920779396	490	5.8084750889283745	1888	0.22841967877068012	0.8260790794850633	0.7356789336684111	0.9939585968121407	0.7163252746876391	0.9646556217865146
65-80	0-4	0.8974127604398298	267	45993	2750	425114	2020-12-06	1.3307948372713874	6622	2.360963834710744	42	0.4861708687789186	0.8737474120178683	0.7386044620515675	1.0156851271767187	0.7206274425880196	0.9868285637159552
65-80	12-17	1.0224805641386674	2739	45993	24760	425114	2020-12-06	1.3307948372713874	6622	1.3313902005292817	1920	0.7681513866394328	0.99551709774761	0.9808840167034033	1.0648285235733193	0.9554632722761571	1.0358938625701961
65-80	18-24	0.8582521391525878	6384	45993	68753	425114	2020-12-06	1.3307948372713874	6622	1.32544177218433	14738	0.6462166330343967	0.8356194813586589	0.8142688122720758	0.8938361675492348	0.7933901987772659	0.8692238951163468
65-80	25-64	0.960221774786851	26986	45993	259765	425114	2020-12-06	1.3307948372713874	6622	1.027084885284304	163028	0.8144790131585444	0.9349001124878352	0.9494044336660366	0.9680914844611561	0.9220827815982601	0.9447722987603563
65-80	5-11	0.984791183049372	1208	45993	11338	425114	2020-12-06	1.3307948372713874	6622	1.6204236920779396	490	0.6673793711009905	0.9588216097414142	0.921606393866666	1.0468775713750689	0.8968923685571016	1.0194016634410878
65-80	65-80	1.3307948372713874	6622	45993	45993	425114	2020-12-06	1.3307948372713874	6622	1.3307948372713874	6622	1	1.2957009263192638	1.2756448421917634	1.3988131403964374	1.2444676268563453	1.3638583065972407
65-80	80+	1.4051270317493156	1787	45993	11755	425114	2020-12-06	1.3307948372713874	6622	5.8084750889283745	1888	0.39363325557779144	1.368072933290579	1.3067971385712978	1.503587333559495	1.2707681709721375	1.4633007549656716
80+	0-4	0.8942501218050346	68	11755	2750	425114	2020-12-06	5.8084750889283745	1888	2.360963834710744	42	0.21892571329897068	0.8706681741864989	0.6362726588354936	1.2012522409027848	0.618706221529375	1.172863750140504
80+	12-17	0.7229983975471201	495	11755	24760	425114	2020-12-06	5.8084750889283745	1888	1.3313902005292817	1920	0.20252438056910144	0.7039324674191747	0.6524474973809709	0.7817613257010271	0.6360526499137974	0.760639237892965
80+	18-24	0.5738731060545718	1091	11755	68753	425114	2020-12-06	5.8084750889283745	1888	1.32544177218433	14738	0.1608858407595915	0.5587397052345092	0.5042885939252243	0.6194468089860107	0.4918961543251077	0.6021973826417502
80+	25-64	0.8575962065899909	6160	11755	259765	425114	2020-12-06	5.8084750889283745	1888	1.027084885284304	163028	0.2509220048760582	0.8349808461572312	0.8353947734006101	0.8836176366813484	0.812201881362649	0.8612710109633431
80+	5-11	0.8484533365886797	266	11755	11338	425114	2020-12-06	5.8084750889283745	1888	1.6204236920779396	490	0.22841967877068012	0.8260790794850633	0.7356789336684111	0.9939585968121407	0.7163252746876391	0.9646556217865146
80+	65-80	1.4051270317493156	1787	11755	45993	425114	2020-12-06	5.8084750889283745	1888	1.3307948372713874	6622	0.39363325557779144	1.368072933290579	1.3067971385712978	1.503587333559495	1.2707681709721375	1.4633007549656716
80+	80+	5.8084750889283745	1888	11755	11755	425114	2020-12-06	5.8084750889283745	1888	5.8084750889283745	1888	1	5.655301886095374	5.075243716782296	6.797633617678434	4.948821346092569	6.604809595543839
0-4	0-4	2.9223238447942093	120	2725	2725	180834	2021-01-03	2.9223238447942093	120	2.9223238447942093	120	1	2.733301032310824	2.130862306084717	4.096578831307397	1.999511902352874	3.8398102074491742
0-4	12-17	1.031633472583272	141	2725	9070	180834	2021-01-03	2.9223238447942093	120	2.000354233701129	910	0.4191350545915041	0.9649049815616264	0.886305411896142	1.1715789648754107	0.8285433152545184	1.0997459961412839
0-4	18-24	0.7750393518823299	236	2725	20207	180834	2021-01-03	2.9223238447942093	120	1.9016844119835183	4294	0.3213258811459952	0.7249079749854567	0.6508780679261549	0.8605272011195143	0.6079098236768524	0.8061298747511049
0-4	25-64	1.019255220343258	1666	2725	108469	180834	2021-01-03	2.9223238447942093	120	1.0691555047354513	69562	0.5107155172747482	0.9533273839294868	0.9961376823674348	1.0464709276941895	0.9291299726111406	0.9795714859931703
0-4	5-11	1.615362317626878	160	2725	6573	180834	2021-01-03	2.9223238447942093	120	2.050920892672584	490	0.6496210835784005	1.51087686540657	1.381200722668955	1.9390324691950678	1.2948638162672346	1.8095525149211678
0-4	65-80	0.8603855247653367	278	2725	21442	180834	2021-01-03	2.9223238447942093	120	1.6330777093210005	4152	0.3777430000602651	0.8047337557114557	0.7461113440279071	0.9505601130331539	0.696028871470036	0.8879980571519597
0-4	80+	0.6664056430785508	124	2725	12348	180834	2021-01-03	2.9223238447942093	120	3.7525226547496535	3164	0.19967669462483992	0.6233009511964719	0.5259940651389813	0.7828950267579955	0.4930898107574657	0.7357091253750163
12-17	0-4	1.031633472583272	141	9070	2725	180834	2021-01-03	2.000354233701129	910	2.9223238447942093	120	0.4191350545915041	0.9649049815616264	0.886305411896142	1.1715789648754107	0.8285433152545184	1.0997459961412839
12-17	12-17	2.000354233701129	910	9070	9070	180834	2021-01-03	2.000354233701129	910	2.000354233701129	910	1	1.8709665945143223	1.8260778825894786	2.235329366996589	1.7098796131402938	2.0930038656703935
12-17	18-24	1.0330412043508452	1047	9070	20207	180834	2021-01-03	2.000354233701129	910	1.9016844119835183	4294	0.5294879411270357	0.9662216579116412	0.933884517892441	1.101852544091239	0.8735272020448239	1.0299451761188954
12-17	25-64	0.9423895972269468	5127	9070	108469	180834	2021-01-03	2.000354233701129	910	1.0691555047354513	69562	0.6140326485537996	0.8814336109695559	0.924542586043712	0.9599316699715894	0.8637628910491303	0.8990725173149603
12-17	5-11	1.5408944345004312	508	9070	6573	180834	2021-01-03	2.000354233701129	910	2.050920892672584	490	0.760696021096786	1.4412257409474831	1.4143250391380988	1.6583012725986186	1.3229189125948355	1.5519533180026621
12-17	65-80	0.8879957439093406	955	9070	21442	180834	2021-01-03	2.000354233701129	910	1.6330777093210005	4152	0.4887917307022653	0.8305580806311834	0.8258095630107836	0.9445325777857726	0.7725591712919752	0.8806421711951526
12-17	80+	0.6167931618491886	382	9070	12348	180834	2021-01-03	2.000354233701129	910	3.7525226547496535	3164	0.21442946678988903	0.5768975225000652	0.546135354036431	0.6845158519069557	0.5114375483099332	0.6400571762086508
18-24	0-4	0.7750393518823299	236	20207	2725	180834	2021-01-03	1.9016844119835183	4294	2.9223238447942093	120	0.3213258811459952	0.7249079749854567	0.6508780679261549	0.8605272011195143	0.6079098236768524	0.8061298747511049
18-24	12-17	1.0330412043508452	1047	20207	9070	180834	2021-01-03	1.9016844119835183	4294	2.000354233701129	910	0.5294879411270357	0.9662216579116412	0.933884517892441	1.101852544091239	0.8735272020448239	1.0299451761188954
18-24	18-24	1.9016844119835183	4294	20207	20207	180834	2021-01-03	1.9016844119835183	4294	1.9016844119835183	4294	1	1.7786789700475478	1.7991472277011011	2.0252237181959223	1.686922168244325	1.8938020097472552
18-24	25-64	0.9368277570614624	11355	20207	108469	180834	2021-01-03	1.9016844119835183	4294	1.0691555047354513	69562	0.6306820854192008	0.8762315237700322	0.9150535206356185	0.9556900168746388	0.8530211990100238	0.8965973098494787
18-24	5-11	0.9298980186139936	683	20207	6573	180834	2021-01-03	1.9016844119835183	4294	2.050920892672584	490	0.4705240958506985	0.8697500171820981	0.7965792858742959	1.0026967540347047	0.7467273420217219	0.9378400475464447
18-24	65-80	0.754173224669674	1807	20207	21442	180834	2021-01-03	1.9016844119835183	4294	1.6330777093210005	4152	0.4267179509049074	0.7053915181929352	0.711933298710751	0.7902887634100282	0.6668356839131868	0.7419868282928832
18-24	80+	0.568920111411196	785	20207	12348	180834	2021-01-03	1.9016844119835183	4294	3.7525226547496535	3164	0.20123780565394137	0.5321210141007205	0.5134583439019826	0.6148156024384005	0.47802856831494744	0.5729359224255494
25-64	0-4	1.019255220343258	1666	108469	2725	180834	2021-01-03	1.0691555047354513	69562	2.9223238447942093	120	0.5107155172747482	0.9533273839294868	0.9961376823674348	1.0464709276941895	0.9291299726111406	0.9795714859931703
25-64	12-17	0.9423895972269468	5127	108469	9070	180834	2021-01-03	1.0691555047354513	69562	2.000354233701129	910	0.6140326485537996	0.8814336109695559	0.924542586043712	0.9599316699715894	0.8637628910491303	0.8990725173149603
25-64	18-24	0.9368277570614624	11355	108469	20207	180834	2021-01-03	1.0691555047354513	69562	1.9016844119835183	4294	0.6306820854192008	0.8762315237700322	0.9150535206356185	0.9556900168746388	0.8530211990100238	0.8965973098494787
25-64	25-64	1.0691555047354513	69562	108469	108469	180834	2021-01-03	1.0691555047354513	69562	1.0691555047354513	69562	1	1	1.0637477726469002	1.0753175514891395	1	1
25-64	5-11	0.9754838885281684	3846	108469	6573	180834	2021-01-03	1.0691555047354513	69562	2.050920892672584	490	0.6252948737656164	0.912387285299101	0.9582223247783894	0.9945572268421066	0.8971911407605677	0.9309986707960938
25-64	65-80	0.8904109669555712	11452	108469	21442	180834	2021-01-03	1.0691555047354513	69562	1.6330777093210005	4152	0.6590185941937504	0.8328170813429913	0.8784454660632401	0.9055659470176096	0.8189505262468592	0.8500250652071624
25-64	80+	0.7373098039685089	5461	108469	12348	180834	2021-01-03	1.0691555047354513	69562	3.7525226547496535	3164	0.30583119801062975	0.6896188633953174	0.7074256586531411	0.7570887188843337	0.6609256156104716	0.7103699624721421
5-11	0-4	1.615362317626878	160	6573	2725	180834	2021-01-03	2.050920892672584	490	2.9223238447942093	120	0.6496210835784005	1.51087686540657	1.381200722668955	1.9390324691950678	1.2948638162672346	1.8095525149211678
5-11	12-17	1.5408944345004312	508	6573	9070	180834	2021-01-03	2.050920892672584	490	2.000354233701129	910	0.760696021096786	1.4412257409474831	1.4143250391380988	1.6583012725986186	1.3229189125948355	1.5519533180026621
5-11	18-24	0.9298980186139936	683	6573	20207	180834	2021-01-03	2.050920892672584	490	1.9016844119835183	4294	0.4705240958506985	0.8697500171820981	0.7965792858742959	1.0026967540347047	0.7467273420217219	0.9378400475464447
5-11	25-64	0.9754838885281684	3846	6573	108469	180834	2021-01-03	2.050920892672584	490	1.0691555047354513	69562	0.6252948737656164	0.912387285299101	0.9582223247783894	0.9945572268421066	0.8971911407605677	0.9309986707960938
5-11	5-11	2.050920892672584	490	6573	6573	180834	2021-01-03	2.050920892672584	490	2.050920892672584	490	1	1.918262482481496	1.809645183051946	2.4638538591610972	1.6924027467416431	2.3079070358320153
5-11	65-80	0.8032033330110646	626	6573	21442	180834	2021-01-03	2.050920892672584	490	1.6330777093210005	4152	0.4360497490831911	0.7512502432560612	0.7292842106345873	0.8624153233991192	0.6800944371693642	0.8047067990135578
5-11	80+	0.5792862137719113	260	6573	12348	180834	2021-01-03	2.050920892672584	490	3.7525226547496535	3164	0.19963534030729657	0.5418166124629814	0.4819664925254272	0.6704756721120705	0.4521358058765335	0.6292880767906049
65-80	0-4	0.8603855247653367	278	21442	2725	180834	2021-01-03	1.6330777093210005	4152	2.9223238447942093	120	0.3777430000602651	0.8047337557114557	0.7461113440279071	0.9505601130331539	0.696028871470036	0.8879980571519597
65-80	12-17	0.8879957439093406	955	21442	9070	180834	2021-01-03	1.6330777093210005	4152	2.000354233701129	910	0.4887917307022653	0.8305580806311834	0.8258095630107836	0.9445325777857726	0.7725591712919752	0.8806421711951526
65-80	18-24	0.754173224669674	1807	21442	20207	180834	2021-01-03	1.6330777093210005	4152	1.9016844119835183	4294	0.4267179509049074	0.7053915181929352	0.711933298710751	0.7902887634100282	0.6668356839131868	0.7419868282928832
65-80	25-64	0.8904109669555712	11452	21442	108469	180834	2021-01-03	1.6330777093210005	4152	1.0691555047354513	69562	0.6590185941937504	0.8328170813429913	0.8784454660632401	0.9055659470176096	0.8189505262468592	0.8500250652071624
65-80	5-11	0.8032033330110646	626	21442	6573	180834	2021-01-03	1.6330777093210005	4152	2.050920892672584	490	0.4360497490831911	0.7512502432560612	0.7292842106345873	0.8624153233991192	0.6800944371693642	0.8047067990135578
65-80	65-80	1.6330777093210005	4152	21442	21442	180834	2021-01-03	1.6330777093210005	4152	1.6330777093210005	4152	1	1.5274463836998944	1.5606563018767314	1.696306132841055	1.46189201406908	1.5824296193414515
65-80	80+	1.4834673710294988	2172	21442	12348	180834	2021-01-03	1.6330777093210005	4152	3.7525226547496535	3164	0.5509013928795246	1.3875131956567568	1.4165420062298002	1.5650353788004008	1.32108937323502	1.4620962989674566
80+	0-4	0.6664056430785508	124	12348	2725	180834	2021-01-03	3.7525226547496535	3164	2.9223238447942093	120	0.19967669462483992	0.6233009511964719	0.5259940651389813	0.7828950267579955	0.4930898107574657	0.7357091253750163
80+	12-17	0.6167931618491886	382	12348	9070	180834	2021-01-03	3.7525226547496535	3164	2.000354233701129	910	0.21442946678988903	0.5768975225000652	0.546135354036431	0.6845158519069557	0.5114375483099332	0.6400571762086508
80+	18-24	0.568920111411196	785	12348	20207	180834	2021-01-03	3.7525226547496535	3164	1.9016844119835183	4294	0.20123780565394137	0.5321210141007205	0.5134583439019826	0.6148156024384005	0.47802856831494744	0.5729359224255494
80+	25-64	0.7373098039685089	5461	12348	108469	180834	2021-01-03	3.7525226547496535	3164	1.0691555047354513	69562	0.30583119801062975	0.6896188633953174	0.7074256586531411	0.7570887188843337	0.6609256156104716	0.7103699624721421
80+	5-11	0.5792862137719113	260	12348	6573	180834	2021-01-03	3.7525226547496535	3164	2.050920892672584	490	0.19963534030729657	0.5418166124629814	0.4819664925254272	0.6704756721120705	0.4521358058765335	0.6292880767906049
80+	65-80	1.4834673710294988	2172	12348	21442	180834	2021-01-03	3.7525226547496535	3164	1.6330777093210005	4152	0.5509013928795246	1.3875131956567568	1.4165420062298002	1.5650353788004008	1.32108937323502	1.4620962989674566
80+	80+	3.7525226547496535	3164	12348	12348	180834	2021-01-03	3.7525226547496535	3164	3.7525226547496535	3164	1	3.509800621265254	3.5047425949966056	4.117305714594754	3.280869354943649	3.8513035867306655
0-4	0-4	3.2316641795843584	296	4661	4661	237188	2021-01-31	3.2316641795843584	296	3.2316641795843584	296	1	2.9350829991570113	2.845919378754216	3.6840191671162725	2.5788764106950066	3.3530767688798297
0-4	12-17	1.2840520615939042	333	4661	13197	237188	2021-01-31	3.2316641795843584	296	1.9965318891002624	1466	0.49120271876757027	1.166210090709829	1.1428854684770484	1.3939173585341094	1.0373201142617532	1.2652256970493012
0-4	18-24	0.6159491928785168	415	4661	34286	237188	2021-01-31	3.2316641795843584	296	2.724717624256629	13504	0.2068199162388551	0.559421370507234	0.5653011684986904	0.6602158330170945	0.5132757326973915	0.6005686632238179
0-4	25-64	1.015770243098214	2742	4661	137368	237188	2021-01-31	3.2316641795843584	296	1.1010469484210594	87596	0.4688843604331537	0.9225494376555556	0.996134320718883	1.0355391100041	0.902160249917046	0.9417512079934174
0-4	5-11	1.8794486010342983	382	4661	10343	237188	2021-01-31	3.2316641795843584	296	2.55861813714003	1154	0.6491733902527634	1.70696499702351	1.7219693202725714	2.028914090711775	1.5673030228055347	1.8380557547704628
0-4	65-80	0.7261385977773122	350	4661	24528	237188	2021-01-31	3.2316641795843584	296	1.74257190532199	4420	0.29195984484157567	0.6594983064242818	0.6632198758452321	0.7920267451462957	0.6022879256031728	0.7232367853578096
0-4	80+	0.5682900832642125	143	4661	12805	237188	2021-01-31	3.2316641795843584	296	4.299147574656705	2972	0.15092399114721555	0.5161361048946739	0.4609877677295344	0.6682722603472673	0.4181821439723463	0.6043302062257603
12-17	0-4	1.2840520615939042	333	13197	4661	237188	2021-01-31	1.9965318891002624	1466	3.2316641795843584	296	0.49120271876757027	1.166210090709829	1.1428854684770484	1.3939173585341094	1.0373201142617532	1.2652256970493012
12-17	12-17	1.9965318891002624	1466	13197	13197	237188	2021-01-31	1.9965318891002624	1466	1.9965318891002624	1466	1	1.8133031402188255	1.8591232060543823	2.1083199424764834	1.6905941089305954	1.9137277074200238
12-17	18-24	0.8465901347844151	1615	13197	34286	237188	2021-01-31	1.9965318891002624	1466	2.724717624256629	13504	0.3586296942745035	0.7688955825166724	0.798683708768377	0.8871403146360979	0.72230157148603	0.8052194720949336
12-17	25-64	0.970159357143583	7415	13197	137368	237188	2021-01-31	1.9965318891002624	1466	1.1010469484210594	87596	0.6263984925206314	0.8811244230183155	0.9568395273814909	0.9860388825679546	0.867497229618804	0.8977630312965696
12-17	5-11	1.4544420826512925	837	13197	10343	237188	2021-01-31	1.9965318891002624	1466	2.55861813714003	1154	0.6385923951013103	1.3209628206472162	1.3624483190340937	1.5472128148039936	1.2394614203471703	1.3978331200530254
12-17	65-80	0.8133516261750964	1110	13197	24528	237188	2021-01-31	1.9965318891002624	1466	1.74257190532199	4420	0.4350516438663192	0.7387074886692812	0.7755470024727769	0.8538189666010109	0.7053546215904325	0.7750762781901898
12-17	80+	0.5909081960074167	421	13197	12805	237188	2021-01-31	1.9965318891002624	1466	4.299147574656705	2972	0.1877186408263518	0.5366784739331961	0.5256040720871378	0.6467175441169147	0.4805187493809783	0.585525104717744
18-24	0-4	0.6159491928785168	415	34286	4661	237188	2021-01-31	2.724717624256629	13504	3.2316641795843584	296	0.2068199162388551	0.559421370507234	0.5653011684986904	0.6602158330170945	0.5132757326973915	0.6005686632238179
18-24	12-17	0.8465901347844151	1615	34286	13197	237188	2021-01-31	2.724717624256629	13504	1.9965318891002624	1466	0.3586296942745035	0.7688955825166724	0.798683708768377	0.8871403146360979	0.72230157148603	0.8052194720949336
18-24	18-24	2.724717624256629	13504	34286	34286	237188	2021-01-31	2.724717624256629	13504	2.724717624256629	13504	1	2.474660711029599	2.6293206523214754	2.8332569734665527	2.387213160661463	2.565621134123966
18-24	25-64	0.7331989987612313	14559	34286	137368	237188	2021-01-31	2.724717624256629	13504	1.1010469484210594	87596	0.3832954092353144	0.6659107495939794	0.7142865537918737	0.7511996429745124	0.6433438845593421	0.6837485952559291
18-24	5-11	0.637414986558376	953	34286	10343	237188	2021-01-31	2.724717624256629	13504	2.55861813714003	1154	0.24129262850024671	0.5789171728530303	0.5967230690605347	0.6740332626070784	0.541143057424339	0.6126466838054851
18-24	65-80	0.6560296465280597	2326	34286	24528	237188	2021-01-31	2.724717624256629	13504	1.74257190532199	4420	0.29370366177718515	0.5958235000504107	0.6261740270544006	0.6824180939360818	0.5679422295647523	0.6191189459799231
18-24	80+	0.4937902463333956	914	34286	12805	237188	2021-01-31	2.724717624256629	13504	4.299147574656705	2972	0.14060356580014952	0.4484733798513392	0.4565774408452374	0.5252225163613999	0.4134915770929657	0.47813695518523497
25-64	0-4	1.015770243098214	2742	137368	4661	237188	2021-01-31	1.1010469484210594	87596	3.2316641795843584	296	0.4688843604331537	0.9225494376555556	0.996134320718883	1.0355391100041	0.902160249917046	0.9417512079934174
25-64	12-17	0.970159357143583	7415	137368	13197	237188	2021-01-31	1.1010469484210594	87596	1.9965318891002624	1466	0.6263984925206314	0.8811244230183155	0.9568395273814909	0.9860388825679546	0.867497229618804	0.8977630312965696
25-64	18-24	0.7331989987612313	14559	137368	34286	237188	2021-01-31	1.1010469484210594	87596	2.724717624256629	13504	0.3832954092353144	0.6659107495939794	0.7142865537918737	0.7511996429745124	0.6433438845593421	0.6837485952559291
25-64	25-64	1.1010469484210594	87596	137368	137368	237188	2021-01-31	1.1010469484210594	87596	1.1010469484210594	87596	1	1	1.0950691092866962	1.1073576967336571	1	1
25-64	5-11	0.9774341598798056	5855	137368	10343	237188	2021-01-31	1.1010469484210594	87596	2.55861813714003	1154	0.5341659070040002	0.8877315915379277	0.9620990571768224	0.9921719262162434	0.8716238366738707	0.9030744176301699
25-64	65-80	0.9395689603465096	13347	137368	24528	237188	2021-01-31	1.1010469484210594	87596	1.74257190532199	4420	0.6608262278960184	0.8533414144545651	0.9247507780496139	0.9512297232648461	0.8384214932785332	0.8654447659391288
25-64	80+	0.7893693755881049	5854	137368	12805	237188	2021-01-31	1.1010469484210594	87596	4.299147574656705	2972	0.292348496786451	0.7169261735115735	0.7654197685958178	0.8118232772633162	0.694857243186412	0.7397524430025283
5-11	0-4	1.8794486010342983	382	10343	4661	237188	2021-01-31	2.55861813714003	1154	3.2316641795843584	296	0.6491733902527634	1.70696499702351	1.7219693202725714	2.028914090711775	1.5673030228055347	1.8380557547704628
5-11	12-17	1.4544420826512925	837	10343	13197	237188	2021-01-31	2.55861813714003	1154	1.9965318891002624	1466	0.6385923951013103	1.3209628206472162	1.3624483190340937	1.5472128148039936	1.2394614203471703	1.3978331200530254
5-11	18-24	0.637414986558376	953	10343	34286	237188	2021-01-31	2.55861813714003	1154	2.724717624256629	13504	0.24129262850024671	0.5789171728530303	0.5967230690605347	0.6740332626070784	0.541143057424339	0.6126466838054851
5-11	25-64	0.9774341598798056	5855	10343	137368	237188	2021-01-31	2.55861813714003	1154	1.1010469484210594	87596	0.5341659070040002	0.8877315915379277	0.9620990571768224	0.9921719262162434	0.8716238366738707	0.9030744176301699
5-11	5-11	2.55861813714003	1154	10343	10343	237188	2021-01-31	2.55861813714003	1154	2.55861813714003	1154	1	2.323804757652868	2.3497710014874604	2.8074826150874563	2.1269797088905595	2.5403831264732495
5-11	65-80	0.7647814699764168	818	10343	24528	237188	2021-01-31	2.55861813714003	1154	1.74257190532199	4420	0.35561389402764104	0.6945947864195443	0.7207552823662635	0.806978604819296	0.6547989159526358	0.7333910407747724
5-11	80+	0.6160628966095868	344	10343	12805	237188	2021-01-31	2.55861813714003	1154	4.299147574656705	2972	0.1796686916701849	0.5595246392472573	0.5459944340553716	0.6880384690797194	0.49540481951087684	0.6230945884577452
65-80	0-4	0.7261385977773122	350	24528	4661	237188	2021-01-31	1.74257190532199	4420	3.2316641795843584	296	0.29195984484157567	0.6594983064242818	0.6632198758452321	0.7920267451462957	0.6022879256031728	0.7232367853578096
65-80	12-17	0.8133516261750964	1110	24528	13197	237188	2021-01-31	1.74257190532199	4420	1.9965318891002624	1466	0.4350516438663192	0.7387074886692812	0.7755470024727769	0.8538189666010109	0.7053546215904325	0.7750762781901898
65-80	18-24	0.6560296465280597	2326	24528	34286	237188	2021-01-31	1.74257190532199	4420	2.724717624256629	13504	0.29370366177718515	0.5958235000504107	0.6261740270544006	0.6824180939360818	0.5679422295647523	0.6191189459799231
65-80	25-64	0.9395689603465096	13347	24528	137368	237188	2021-01-31	1.74257190532199	4420	1.1010469484210594	87596	0.6608262278960184	0.8533414144545651	0.9247507780496139	0.9512297232648461	0.8384214932785332	0.8654447659391288
65-80	5-11	0.7647814699764168	818	24528	10343	237188	2021-01-31	1.74257190532199	4420	2.55861813714003	1154	0.35561389402764104	0.6945947864195443	0.7207552823662635	0.806978604819296	0.6547989159526358	0.7333910407747724
65-80	65-80	1.74257190532199	4420	24528	24528	237188	2021-01-31	1.74257190532199	4420	1.74257190532199	4420	1	1.5826499567715075	1.6703231664192135	1.8191445306216705	1.5194246465411962	1.650877200142044
65-80	80+	1.628925187588528	2157	24528	12805	237188	2021-01-31	1.74257190532199	4420	4.299147574656705	2972	0.5392256932770643	1.4794329977704082	1.5744915025046056	1.7111695175686847	1.4263617536742195	1.5520070794955603
80+	0-4	0.5682900832642125	143	12805	4661	237188	2021-01-31	4.299147574656705	2972	3.2316641795843584	296	0.15092399114721555	0.5161361048946739	0.4609877677295344	0.6682722603472673	0.4181821439723463	0.6043302062257603
80+	12-17	0.5909081960074167	421	12805	13197	237188	2021-01-31	4.299147574656705	2972	1.9965318891002624	1466	0.1877186408263518	0.5366784739331961	0.5256040720871378	0.6467175441169147	0.4805187493809783	0.585525104717744
80+	18-24	0.4937902463333956	914	12805	34286	237188	2021-01-31	4.299147574656705	2972	2.724717624256629	13504	0.14060356580014952	0.4484733798513392	0.4565774408452374	0.5252225163613999	0.4134915770929657	0.47813695518523497
80+	25-64	0.7893693755881049	5854	12805	137368	237188	2021-01-31	4.299147574656705	2972	1.1010469484210594	87596	0.292348496786451	0.7169261735115735	0.7654197685958178	0.8118232772633162	0.694857243186412	0.7397524430025283
80+	5-11	0.6160628966095868	344	12805	10343	237188	2021-01-31	4.299147574656705	2972	2.55861813714003	1154	0.1796686916701849	0.5595246392472573	0.5459944340553716	0.6880384690797194	0.49540481951087684	0.6230945884577452
80+	65-80	1.628925187588528	2157	12805	24528	237188	2021-01-31	4.299147574656705	2972	1.74257190532199	4420	0.5392256932770643	1.4794329977704082	1.5744915025046056	1.7111695175686847	1.4263617536742195	1.5520070794955603
80+	80+	4.299147574656705	2972	12805	12805	237188	2021-01-31	4.299147574656705	2972	4.299147574656705	2972	1	3.904599691068429	3.9954275136736044	4.651848840459007	3.6347554617871722	4.2395478455509865
0-4	0-4	2.459201001196407	714	14078	14078	682618	2021-02-28	2.459201001196407	714	2.459201001196407	714	1	2.332924774331026	2.2208998903675052	2.6784481151767263	2.1089379585604022	2.542011158190879
0-4	12-17	1.0390565872875224	1011	14078	47179	682618	2021-02-28	2.459201001196407	714	1.5548490502319503	5070	0.5177098312054106	0.9857026136682638	0.9841580014287772	1.0923237494091615	0.9341314229487182	1.0375353704942665
0-4	18-24	0.7752710445396106	1661	14078	103885	682618	2021-02-28	2.459201001196407	714	1.9207004384452953	30366	0.3540130092986894	0.7354620568827185	0.7422003055798221	0.8126071862049318	0.7031056391668049	0.7714336645120426
0-4	25-64	0.9674003999024208	8393	14078	420676	682618	2021-02-28	2.459201001196407	714	1.0541278605528936	273282	0.5507030158405087	0.9177258623968216	0.9559822601002516	0.9809850699363449	0.9065598347076075	0.9317717867982077
0-4	5-11	1.6418758873983463	1163	14078	34346	682618	2021-02-28	2.459201001196407	714	1.7788087956591272	3074	0.7748334553717006	1.5575680606119042	1.5520907976946106	1.709712929249835	1.4727379289245142	1.6223155574861854
0-4	65-80	0.873760096936139	889	14078	49334	682618	2021-02-28	2.459201001196407	714	1.9010198061390928	6778	0.4007870865008269	0.8288938464047889	0.8080500150139956	0.9174642881675734	0.7662850544957449	0.8709909709905809
0-4	80+	0.9128510006531554	247	14078	13120	682618	2021-02-28	2.459201001196407	714	4.8697698135875225	1228	0.24910755513223257	0.8659774917383949	0.8002418448199113	0.9987083334359053	0.7586434966533497	0.947498105960178
12-17	0-4	1.0390565872875224	1011	47179	14078	682618	2021-02-28	1.5548490502319503	5070	2.459201001196407	714	0.5177098312054106	0.9857026136682638	0.9841580014287772	1.0923237494091615	0.9341314229487182	1.0375353704942665
12-17	12-17	1.5548490502319503	5070	47179	47179	682618	2021-02-28	1.5548490502319503	5070	1.5548490502319503	5070	1	1.4750099190210444	1.4959086600837401	1.6194798098743433	1.4224202802945884	1.537971139012757
12-17	18-24	0.8660179192405444	6218	47179	103885	682618	2021-02-28	1.5548490502319503	5070	1.9207004384452953	30366	0.4983487774016079	0.8215492177450988	0.8414049761261878	0.8844716406272469	0.7974688978504164	0.8394078353584021
12-17	25-64	0.9754106551176768	28360	47179	420676	682618	2021-02-28	1.5548490502319503	5070	1.0541278605528936	273282	0.7477342180266743	0.9253248032037316	0.9668138905859334	0.9833468053253862	0.916186216200612	0.9335558243696872
12-17	5-11	1.17110985385998	2780	47179	34346	682618	2021-02-28	1.5548490502319503	5070	1.7788087956591272	3074	0.7025975118013021	1.110975146075476	1.1323619424809872	1.2111791232499463	1.0743761772931801	1.146147861943515
12-17	65-80	0.9021297530796684	3076	47179	49334	682618	2021-02-28	1.5548490502319503	5070	1.9010198061390928	6778	0.5220856407305811	0.8558067639029084	0.8722716971288385	0.933386496716074	0.8284165723217579	0.8854090493280163
12-17	80+	0.7322565243863666	664	47179	13120	682618	2021-02-28	1.5548490502319503	5070	4.8697698135875225	1228	0.2279532965014008	0.6946562668425209	0.6855176336216294	0.7733001630334047	0.6500387778176709	0.7335996202235362
18-24	0-4	0.7752710445396106	1661	103885	14078	682618	2021-02-28	1.9207004384452953	30366	2.459201001196407	714	0.3540130092986894	0.7354620568827185	0.7422003055798221	0.8126071862049318	0.7031056391668049	0.7714336645120426
18-24	12-17	0.8660179192405444	6218	103885	47179	682618	2021-02-28	1.9207004384452953	30366	1.5548490502319503	5070	0.4983487774016079	0.8215492177450988	0.8414049761261878	0.8844716406272469	0.7974688978504164	0.8394078353584021
18-24	18-24	1.9207004384452953	30366	103885	103885	682618	2021-02-28	1.9207004384452953	30366	1.9207004384452953	30366	1	1.822075395519744	1.8701665259971263	1.9803361658208345	1.77606882703309	1.8746676689753297
18-24	25-64	0.8481584354080598	54300	103885	420676	682618	2021-02-28	1.9207004384452953	30366	1.0541278605528936	273282	0.5702234550435653	0.8046067912133522	0.8378276930485743	0.8577998200143674	0.7919967301012174	0.8156137860239996
18-24	5-11	0.7729120739007712	4040	103885	34346	682618	2021-02-28	1.9207004384452953	30366	1.7788087956591272	3074	0.417845733037008	0.733224215794255	0.7525331813346895	0.7960501109387796	0.7130377218869238	0.7535939472902818
18-24	65-80	0.7738462723827925	5810	103885	49334	682618	2021-02-28	1.9207004384452953	30366	1.9010198061390928	6778	0.4049727467516128	0.7341104446066984	0.7508616682771391	0.7974915930650923	0.7117204631498466	0.7560424168950471
18-24	80+	0.7462379403174476	1490	103885	13120	682618	2021-02-28	1.9207004384452953	30366	4.8697698135875225	1228	0.21978976790128824	0.7079197583545921	0.7043815492184137	0.7866914135920839	0.6696830872935732	0.7455893639088704
25-64	0-4	0.9674003999024208	8393	420676	14078	682618	2021-02-28	1.0541278605528936	273282	2.459201001196407	714	0.5507030158405087	0.9177258623968216	0.9559822601002516	0.9809850699363449	0.9065598347076075	0.9317717867982077
25-64	12-17	0.9754106551176768	28360	420676	47179	682618	2021-02-28	1.0541278605528936	273282	1.5548490502319503	5070	0.7477342180266743	0.9253248032037316	0.9668138905859334	0.9833468053253862	0.916186216200612	0.9335558243696872
25-64	18-24	0.8481584354080598	54300	420676	103885	682618	2021-02-28	1.0541278605528936	273282	1.9207004384452953	30366	0.5702234550435653	0.8046067912133522	0.8378276930485743	0.8577998200143674	0.7919967301012174	0.8156137860239996
25-64	25-64	1.0541278605528936	273282	420676	420676	682618	2021-02-28	1.0541278605528936	273282	1.0541278605528936	273282	1	1	1.0510178138386173	1.057508739445926	1	1
25-64	5-11	0.964218723256204	20409	420676	34346	682618	2021-02-28	1.0541278605528936	273282	1.7788087956591272	3074	0.6807202844736254	0.9147075600017516	0.9555791158168018	0.9731777080917691	0.9045099341064207	0.9242616417729289
25-64	65-80	0.9455319311000002	28747	420676	49334	682618	2021-02-28	1.0541278605528936	273282	1.9010198061390928	6778	0.6399219516217513	0.8969803061689932	0.9362664493184252	0.9562125642182382	0.8873943663785016	0.9076182820740807
25-64	80+	0.8886340246079539	7185	420676	13120	682618	2021-02-28	1.0541278605528936	273282	4.8697698135875225	1228	0.30001666925717063	0.8430040205387062	0.8721125650522464	0.9041278162878643	0.826253609556574	0.8580815340219752
5-11	0-4	1.6418758873983463	1163	34346	14078	682618	2021-02-28	1.7788087956591272	3074	2.459201001196407	714	0.7748334553717006	1.5575680606119042	1.5520907976946106	1.709712929249835	1.4727379289245142	1.6223155574861854
5-11	12-17	1.17110985385998	2780	34346	47179	682618	2021-02-28	1.7788087956591272	3074	1.5548490502319503	5070	0.7025975118013021	1.110975146075476	1.1323619424809872	1.2111791232499463	1.0743761772931801	1.146147861943515
5-11	18-24	0.7729120739007712	4040	34346	103885	682618	2021-02-28	1.7788087956591272	3074	1.9207004384452953	30366	0.417845733037008	0.733224215794255	0.7525331813346895	0.7960501109387796	0.7130377218869238	0.7535939472902818
5-11	25-64	0.964218723256204	20409	34346	420676	682618	2021-02-28	1.7788087956591272	3074	1.0541278605528936	273282	0.6807202844736254	0.9147075600017516	0.9555791158168018	0.9731777080917691	0.9045099341064207	0.9242616417729289
5-11	5-11	1.7788087956591272	3074	34346	34346	682618	2021-02-28	1.7788087956591272	3074	1.7788087956591272	3074	1	1.6874696725368172	1.686320046191391	1.8706231969213223	1.5999429925294655	1.7764263809961074
5-11	65-80	0.928191775676019	2304	34346	49334	682618	2021-02-28	1.7788087956591272	3074	1.9010198061390928	6778	0.5044755482483287	0.8805305413227379	0.8929188633578654	0.9606589035230246	0.8470675039694492	0.9108968859397224
5-11	80+	0.8725497932268891	576	34346	13120	682618	2021-02-28	1.7788087956591272	3074	4.8697698135875225	1228	0.26247709307772105	0.8277456899481186	0.7757849233017949	0.9373274460608816	0.7362757336128171	0.8878905789410495
65-80	0-4	0.873760096936139	889	49334	14078	682618	2021-02-28	1.9010198061390928	6778	2.459201001196407	714	0.4007870865008269	0.8288938464047889	0.8080500150139956	0.9174642881675734	0.7662850544957449	0.8709909709905809
65-80	12-17	0.9021297530796684	3076	49334	47179	682618	2021-02-28	1.9010198061390928	6778	1.5548490502319503	5070	0.5220856407305811	0.8558067639029084	0.8722716971288385	0.933386496716074	0.8284165723217579	0.8854090493280163
65-80	18-24	0.7738462723827925	5810	49334	103885	682618	2021-02-28	1.9010198061390928	6778	1.9207004384452953	30366	0.4049727467516128	0.7341104446066984	0.7508616682771391	0.7974915930650923	0.7117204631498466	0.7560424168950471
65-80	25-64	0.9455319311000002	28747	49334	420676	682618	2021-02-28	1.9010198061390928	6778	1.0541278605528936	273282	0.6399219516217513	0.8969803061689932	0.9362664493184252	0.9562125642182382	0.8873943663785016	0.9076182820740807
65-80	5-11	0.928191775676019	2304	49334	34346	682618	2021-02-28	1.9010198061390928	6778	1.7788087956591272	3074	0.5044755482483287	0.8805305413227379	0.8929188633578654	0.9606589035230246	0.8470675039694492	0.9108968859397224
65-80	65-80	1.9010198061390928	6778	49334	49334	682618	2021-02-28	1.9010198061390928	6778	1.9010198061390928	6778	1	1.8034053337154008	1.804523587711955	1.9949036993225924	1.7110351409770674	1.89296043077302
65-80	80+	1.82449919049792	1730	49334	13120	682618	2021-02-28	1.9010198061390928	6778	4.8697698135875225	1228	0.5389324710908941	1.730813935171929	1.7159677980240504	1.9335641146359597	1.6250874582701238	1.83369593524755
80+	0-4	0.9128510006531554	247	13120	14078	682618	2021-02-28	4.8697698135875225	1228	2.459201001196407	714	0.24910755513223257	0.8659774917383949	0.8002418448199113	0.9987083334359053	0.7586434966533497	0.947498105960178
80+	12-17	0.7322565243863666	664	13120	47179	682618	2021-02-28	4.8697698135875225	1228	1.5548490502319503	5070	0.2279532965014008	0.6946562668425209	0.6855176336216294	0.7733001630334047	0.6500387778176709	0.7335996202235362
80+	18-24	0.7462379403174476	1490	13120	103885	682618	2021-02-28	4.8697698135875225	1228	1.9207004384452953	30366	0.21978976790128824	0.7079197583545921	0.7043815492184137	0.7866914135920839	0.6696830872935732	0.7455893639088704
80+	25-64	0.8886340246079539	7185	13120	420676	682618	2021-02-28	4.8697698135875225	1228	1.0541278605528936	273282	0.30001666925717063	0.8430040205387062	0.8721125650522464	0.9041278162878643	0.826253609556574	0.8580815340219752
80+	5-11	0.8725497932268891	576	13120	34346	682618	2021-02-28	4.8697698135875225	1228	1.7788087956591272	3074	0.26247709307772105	0.8277456899481186	0.7757849233017949	0.9373274460608816	0.7362757336128171	0.8878905789410495
80+	65-80	1.82449919049792	1730	13120	49334	682618	2021-02-28	4.8697698135875225	1228	1.9010198061390928	6778	0.5389324710908941	1.730813935171929	1.7159677980240504	1.9335641146359597	1.6250874582701238	1.83369593524755
80+	80+	4.8697698135875225	1228	13120	13120	682618	2021-02-28	4.8697698135875225	1228	4.8697698135875225	1228	1	4.619714548701247	4.353176077230091	5.505812655067802	4.147750017033348	5.225356452877826
0-4	0-4	1.909900192131091	1368	38222	38222	2039630	2021-03-28	1.909900192131091	1368	1.909900192131091	1368	1	1.869992364142691	1.7657839180438026	2.053034881386996	1.7303538266224041	2.0087427505485547
0-4	12-17	1.030077124575588	2963	38222	153497	2039630	2021-03-28	1.909900192131091	1368	1.3530398429062571	15630	0.6313797455758623	1.0085534130896598	0.9923250030112887	1.0648359686586841	0.9715956349200517	1.042099188283088
0-4	18-24	0.8619417904358189	4994	38222	309178	2039630	2021-03-28	1.909900192131091	1368	1.3621141251301854	63838	0.526856979744072	0.8439313075579967	0.8407943569416165	0.8868340468800424	0.8238503008913961	0.8683060657929393
0-4	25-64	0.975105728836372	23580	38222	1290417	2039630	2021-03-28	1.909900192131091	1368	1.0213411716291665	833834	0.6653193018438346	0.9547306580042756	0.9676031611483189	0.982862097717761	0.9469672803085388	0.9623526053148769
0-4	5-11	1.314176895134996	2466	38222	100133	2039630	2021-03-28	1.909900192131091	1368	1.418254969130897	6972	0.7897329490111149	1.286716850000985	1.2660026311277648	1.3632007857146646	1.239229935933062	1.3346862001673285
0-4	65-80	1.0224625490788148	2311	38222	120612	2039630	2021-03-28	1.909900192131091	1368	1.554617565300506	11088	0.5902481214798636	1.0010979459957143	0.9834394971226359	1.062915546824661	0.9625839675256641	1.040220538940516
0-4	80+	1.0451514441721432	540	38222	27571	2039630	2021-03-28	1.909900192131091	1368	3.751055813521774	1398	0.3692490961344641	1.0233127511201732	0.9566723090810308	1.1217294532365678	0.9369265247228584	1.0976820988769251
12-17	0-4	1.030077124575588	2963	153497	38222	2039630	2021-03-28	1.3530398429062571	15630	1.909900192131091	1368	0.6313797455758623	1.0085534130896598	0.9923250030112887	1.0648359686586841	0.9715956349200517	1.042099188283088
12-17	12-17	1.3530398429062571	15630	153497	153497	2039630	2021-03-28	1.3530398429062571	15630	1.3530398429062571	15630	1	1.3247677470477273	1.322139952240208	1.4028414585019615	1.294700019954155	1.373068800847154
12-17	18-24	0.9222579244449802	21459	153497	309178	2039630	2021-03-28	1.3530398429062571	15630	1.3621141251301854	63838	0.6793411609817052	0.9029871213101728	0.9115090365637013	0.9342282621673973	0.8930145917843063	0.9140896542667609
12-17	25-64	0.9730802011542864	94499	153497	1290417	2039630	2021-03-28	1.3530398429062571	15630	1.0213411716291665	833834	0.8196495804146929	0.9527474542146404	0.9681034754873102	0.9769826495087118	0.9464612414252684	0.9571919358016118
12-17	5-11	1.1046033168544975	8324	153497	100133	2039630	2021-03-28	1.3530398429062571	15630	1.418254969130897	6972	0.7971748888329304	1.0815223624956951	1.07750982608679	1.1240311676315906	1.055721942744276	1.100746917137642
12-17	65-80	0.957261907962104	8689	153497	120612	2039630	2021-03-28	1.3530398429062571	15630	1.554617565300506	11088	0.6584420195173373	0.93725968809732	0.9356842653927808	0.9797343596705175	0.9158950435512224	0.9588995705216632
12-17	80+	0.9316029072872256	1933	153497	27571	2039630	2021-03-28	1.3530398429062571	15630	3.751055813521774	1398	0.3650413197542554	0.9121368384681904	0.88583613557751	0.9729719195325252	0.867728504999654	0.9528580222415871
18-24	0-4	0.8619417904358189	4994	309178	38222	2039630	2021-03-28	1.3621141251301854	63838	1.909900192131091	1368	0.526856979744072	0.8439313075579967	0.8407943569416165	0.8868340468800424	0.8238503008913961	0.8683060657929393
18-24	12-17	0.9222579244449802	21459	309178	153497	2039630	2021-03-28	1.3621141251301854	63838	1.3530398429062571	15630	0.6793411609817052	0.9029871213101728	0.9115090365637013	0.9342282621673973	0.8930145917843063	0.9140896542667609
18-24	18-24	1.3621141251301854	63838	309178	309178	2039630	2021-03-28	1.3621141251301854	63838	1.3621141251301854	63838	1	1.3336524199425384	1.3441658675580455	1.3839550775077292	1.3171115259990596	1.3536995851031457
18-24	25-64	0.9506038574167692	185946	309178	1290417	2039630	2021-03-28	1.3621141251301854	63838	1.0213411716291665	833834	0.7976687112271423	0.9307407591338333	0.946953686818006	0.9549791733154904	0.9262117970750322	0.9360050576362678
18-24	5-11	0.8771505346375307	13314	309178	100133	2039630	2021-03-28	1.3621141251301854	63838	1.418254969130897	6972	0.6309597790077899	0.858822261358921	0.8652335811227418	0.8938137209358484	0.8466144111170079	0.8747014617248358
18-24	65-80	0.8781376514286923	16055	309178	120612	2039630	2021-03-28	1.3621141251301854	63838	1.554617565300506	11088	0.6021381084243813	0.8597887521051886	0.8636117198945787	0.8913044465684286	0.845439108187044	0.8728619693157755
18-24	80+	0.8546764544419504	3572	309178	27571	2039630	2021-03-28	1.3621141251301854	63838	3.751055813521774	1398	0.3343039502681885	0.8368177825227929	0.8197943849456777	0.8759663493980965	0.8029814127849564	0.857535924612901
25-64	0-4	0.975105728836372	23580	1290417	38222	2039630	2021-03-28	1.0213411716291665	833834	1.909900192131091	1368	0.6653193018438346	0.9547306580042756	0.9676031611483189	0.982862097717761	0.9469672803085388	0.9623526053148769
25-64	12-17	0.9730802011542864	94499	1290417	153497	2039630	2021-03-28	1.0213411716291665	833834	1.3530398429062571	15630	0.8196495804146929	0.9527474542146404	0.9681034754873102	0.9769826495087118	0.9464612414252684	0.9571919358016118
25-64	18-24	0.9506038574167692	185946	1290417	309178	2039630	2021-03-28	1.0213411716291665	833834	1.3621141251301854	63838	0.7976687112271423	0.9307407591338333	0.946953686818006	0.9549791733154904	0.9262117970750322	0.9360050576362678
25-64	25-64	1.0213411716291665	833834	1290417	1290417	2039630	2021-03-28	1.0213411716291665	833834	1.0213411716291665	833834	1	1	1.0200489343094172	1.022834541674772	1	1
25-64	5-11	0.9781795416228104	61969	1290417	100133	2039630	2021-03-28	1.0213411716291665	833834	1.418254969130897	6972	0.8019192400575413	0.957740242726622	0.9729895817406383	0.9828782680240131	0.9514493172505488	0.9631379657116885
25-64	65-80	0.9722197956317218	74188	1290417	120612	2039630	2021-03-28	1.0213411716291665	833834	1.554617565300506	11088	0.7548411251265046	0.9519050270742636	0.9660618473240993	0.9777493554097849	0.9452107896133934	0.958258984994375
25-64	80+	0.9402408715902636	16401	1290417	27571	2039630	2021-03-28	1.0213411716291665	833834	3.751055813521774	1398	0.3940329668783938	0.9205943104109492	0.927308563231801	0.9510621455828898	0.9070088062623612	0.9321814520465669
5-11	0-4	1.314176895134996	2466	100133	38222	2039630	2021-03-28	1.418254969130897	6972	1.909900192131091	1368	0.7897329490111149	1.286716850000985	1.2660026311277648	1.3632007857146646	1.239229935933062	1.3346862001673285
5-11	12-17	1.1046033168544975	8324	100133	153497	2039630	2021-03-28	1.418254969130897	6972	1.3530398429062571	15630	0.7971748888329304	1.0815223624956951	1.07750982608679	1.1240311676315906	1.055721942744276	1.100746917137642
5-11	18-24	0.8771505346375307	13314	100133	309178	2039630	2021-03-28	1.418254969130897	6972	1.3621141251301854	63838	0.6309597790077899	0.858822261358921	0.8652335811227418	0.8938137209358484	0.8466144111170079	0.8747014617248358
5-11	25-64	0.9781795416228104	61969	100133	1290417	2039630	2021-03-28	1.418254969130897	6972	1.0213411716291665	833834	0.8019192400575413	0.957740242726622	0.9729895817406383	0.9828782680240131	0.9514493172505488	0.9631379657116885
5-11	5-11	1.418254969130897	6972	100133	100133	2039630	2021-03-28	1.418254969130897	6972	1.418254969130897	6972	1	1.3886201873842052	1.3748457075294969	1.4715941809149133	1.3465384927044008	1.4390785208911017
5-11	65-80	0.983062757603922	5821	100133	120612	2039630	2021-03-28	1.418254969130897	6972	1.554617565300506	11088	0.6613554709919269	0.9625214227248023	0.9519726613869652	1.0077321890018136	0.9322465653419131	0.985245168122261
5-11	80+	0.9360483026473272	1267	100133	27571	2039630	2021-03-28	1.418254969130897	6972	3.751055813521774	1398	0.36215593993247464	0.9164893462134824	0.8714513640603346	0.9944936228871301	0.8531430725020523	0.9738224717601325
65-80	0-4	1.0224625490788148	2311	120612	38222	2039630	2021-03-28	1.554617565300506	11088	1.909900192131091	1368	0.5902481214798636	1.0010979459957143	0.9834394971226359	1.062915546824661	0.9625839675256641	1.040220538940516
65-80	12-17	0.957261907962104	8689	120612	153497	2039630	2021-03-28	1.554617565300506	11088	1.3530398429062571	15630	0.6584420195173373	0.93725968809732	0.9356842653927808	0.9797343596705175	0.9158950435512224	0.9588995705216632
65-80	18-24	0.8781376514286923	16055	120612	309178	2039630	2021-03-28	1.554617565300506	11088	1.3621141251301854	63838	0.6021381084243813	0.8597887521051886	0.8636117198945787	0.8913044465684286	0.845439108187044	0.8728619693157755
65-80	25-64	0.9722197956317218	74188	120612	1290417	2039630	2021-03-28	1.554617565300506	11088	1.0213411716291665	833834	0.7548411251265046	0.9519050270742636	0.9660618473240993	0.9777493554097849	0.9452107896133934	0.958258984994375
65-80	5-11	0.983062757603922	5821	120612	100133	2039630	2021-03-28	1.554617565300506	11088	1.418254969130897	6972	0.6613554709919269	0.9625214227248023	0.9519726613869652	1.0077321890018136	0.9322465653419131	0.985245168122261
65-80	65-80	1.554617565300506	11088	120612	120612	2039630	2021-03-28	1.554617565300506	11088	1.554617565300506	11088	1	1.5221334540158575	1.4933493062564553	1.6230535243429023	1.4611002564062392	1.5892398153993816
65-80	80+	1.5088409457179626	2460	120612	27571	2039630	2021-03-28	1.554617565300506	11088	3.751055813521774	1398	0.5687651078336396	1.477313348008064	1.4487333225395522	1.5828042141229086	1.4191384614185938	1.5497666740810352
80+	0-4	1.0451514441721432	540	27571	38222	2039630	2021-03-28	3.751055813521774	1398	1.909900192131091	1368	0.3692490961344641	1.0233127511201732	0.9566723090810308	1.1217294532365678	0.9369265247228584	1.0976820988769251
80+	12-17	0.9316029072872256	1933	27571	153497	2039630	2021-03-28	3.751055813521774	1398	1.3530398429062571	15630	0.3650413197542554	0.9121368384681904	0.88583613557751	0.9729719195325252	0.867728504999654	0.9528580222415871
80+	18-24	0.8546764544419504	3572	27571	309178	2039630	2021-03-28	3.751055813521774	1398	1.3621141251301854	63838	0.3343039502681885	0.8368177825227929	0.8197943849456777	0.8759663493980965	0.8029814127849564	0.857535924612901
80+	25-64	0.9402408715902636	16401	27571	1290417	2039630	2021-03-28	3.751055813521774	1398	1.0213411716291665	833834	0.3940329668783938	0.9205943104109492	0.927308563231801	0.9510621455828898	0.9070088062623612	0.9321814520465669
80+	5-11	0.9360483026473272	1267	27571	100133	2039630	2021-03-28	3.751055813521774	1398	1.418254969130897	6972	0.36215593993247464	0.9164893462134824	0.8714513640603346	0.9944936228871301	0.8531430725020523	0.9738224717601325
80+	65-80	1.5088409457179626	2460	27571	120612	2039630	2021-03-28	3.751055813521774	1398	1.554617565300506	11088	0.5687651078336396	1.477313348008064	1.4487333225395522	1.5828042141229086	1.4191384614185938	1.5497666740810352
80+	80+	3.751055813521774	1398	27571	27571	2039630	2021-03-28	3.751055813521774	1398	3.751055813521774	1398	1	3.67267659203278	3.358074857257117	4.181858131650158	3.2862734359945245	4.092374083368868
0-4	0-4	1.8578235936622771	1664	45567	45567	2318206	2021-04-25	1.8578235936622771	1664	1.8578235936622771	1664	1	1.8309119538464251	1.720719159304851	1.99512161305517	1.6965849794193388	1.9677392409939414
0-4	12-17	1.0139623616266196	3802	45567	190762	2318206	2021-04-25	1.8578235936622771	1664	1.2945974238977718	20322	0.6432912076010832	0.999274535529452	0.985148165869083	1.0493897790286284	0.971701246522496	1.0346107607959292
0-4	18-24	0.8970150613721674	6060	45567	343696	2318206	2021-04-25	1.8578235936622771	1664	1.2486412873944357	63626	0.5775150183362341	0.8840212839632717	0.873164012915036	0.9150812674689536	0.8608856169881064	0.9010240238675385
0-4	25-64	0.9752905309255446	27799	45567	1450096	2318206	2021-04-25	1.8578235936622771	1664	1.0146984893289464	920404	0.6790482389677241	0.9611628884660472	0.9679801683085931	0.9817949645491857	0.9531171421923836	0.9675696524737358
0-4	5-11	1.1929879493358502	2874	45567	122561	2318206	2021-04-25	1.8578235936622771	1664	1.344513913178261	8712	0.7450732140428666	1.175706834968102	1.1522443982976234	1.2385393836066023	1.1358673954127574	1.2210187049409502
0-4	65-80	1.026781644477477	2673	45567	132441	2318206	2021-04-25	1.8578235936622771	1664	1.4484972572957702	10960	0.621102240685416	1.0119081237191176	0.9844223230214366	1.0670488886263085	0.9709851414769848	1.051720038880354
0-4	80+	1.0687632418893105	695	45567	33083	2318206	2021-04-25	1.8578235936622771	1664	3.8845577931044417	1834	0.3722369414028363	1.0532815936250373	0.9805401137768247	1.162774102142092	0.9667376051741807	1.1451727527579885
12-17	0-4	1.0139623616266196	3802	190762	45567	2318206	2021-04-25	1.2945974238977718	20322	1.8578235936622771	1664	0.6432912076010832	0.999274535529452	0.985148165869083	1.0493897790286284	0.971701246522496	1.0346107607959292
12-17	12-17	1.2945974238977718	20322	190762	190762	2318206	2021-04-25	1.2945974238977718	20322	1.2945974238977718	20322	1	1.2758444380398477	1.265620564386112	1.321114685625922	1.248218149204111	1.300631424575177
12-17	18-24	0.9499589877706074	26867	190762	343696	2318206	2021-04-25	1.2945974238977718	20322	1.2486412873944357	63626	0.7470466563383961	0.9361982872358928	0.938917113951927	0.9592061295708839	0.9254361895721549	0.9452914748009537
12-17	25-64	0.9726848760705844	116067	190762	1450096	2318206	2021-04-25	1.2945974238977718	20322	1.0146984893289464	920404	0.8424081734172194	0.9585949780154428	0.9675624830849732	0.9764476458615782	0.9531154731988191	0.9628989889792832
12-17	5-11	1.0607436882742352	10698	190762	122561	2318206	2021-04-25	1.2945974238977718	20322	1.344513913178261	8712	0.8038642958121438	1.045378207841563	1.0406322323569768	1.082239341023948	1.0256921195762696	1.067344566959713
12-17	65-80	0.9587655846725271	10449	190762	132441	2318206	2021-04-25	1.2945974238977718	20322	1.4484972572957702	10960	0.6990393669206934	0.944877315533002	0.9382287131298074	0.9815077573087352	0.9250312568407719	0.9673231411987904
12-17	80+	0.9392603765504444	2557	190762	33083	2318206	2021-04-25	1.2945974238977718	20322	3.8845577931044417	1834	0.3627079464492686	0.925654651532603	0.890618507821143	0.9807982553703548	0.8774862749369929	0.9664670947462841
18-24	0-4	0.8970150613721674	6060	343696	45567	2318206	2021-04-25	1.2486412873944357	63626	1.8578235936622771	1664	0.5775150183362341	0.8840212839632717	0.873164012915036	0.9150812674689536	0.8608856169881064	0.9010240238675385
18-24	12-17	0.9499589877706074	26867	343696	190762	2318206	2021-04-25	1.2486412873944357	63626	1.2945974238977718	20322	0.7470466563383961	0.9361982872358928	0.938917113951927	0.9592061295708839	0.9254361895721549	0.9452914748009537
18-24	18-24	1.2486412873944357	63626	343696	343696	2318206	2021-04-25	1.2486412873944357	63626	1.2486412873944357	63626	1	1.2305540025197073	1.2291762190890398	1.266899348333059	1.212681707410443	1.2485953959600566
18-24	25-64	0.9726152099913226	209103	343696	1450096	2318206	2021-04-25	1.2486412873944357	63626	1.0146984893289464	920404	0.8594513470702746	0.9585263210892776	0.9696795341225576	0.9757363128835295	0.9545628462204389	0.9620633504019774
18-24	5-11	0.912836709164407	16587	343696	122561	2318206	2021-04-25	1.2486412873944357	63626	1.344513913178261	8712	0.7040355386077992	0.8996137461169338	0.8993435340073078	0.9280079592948458	0.8862932816171879	0.9150527904885194
18-24	65-80	0.8845143986081578	17368	343696	132441	2318206	2021-04-25	1.2486412873944357	63626	1.4484972572957702	10960	0.6558909629240077	0.8717017004658364	0.8682394463385106	0.8990593688876255	0.8561548945000629	0.8853559750430396
18-24	80+	0.8328460374170412	4085	343696	33083	2318206	2021-04-25	1.2486412873944357	63626	3.8845577931044417	1834	0.32449395566247935	0.8207817851072488	0.802083409836117	0.8608079251356412	0.7900863131860895	0.8484746461038113
25-64	0-4	0.9752905309255446	27799	1450096	45567	2318206	2021-04-25	1.0146984893289464	920404	1.8578235936622771	1664	0.6790482389677241	0.9611628884660472	0.9679801683085931	0.9817949645491857	0.9531171421923836	0.9675696524737358
25-64	12-17	0.9726848760705844	116067	1450096	190762	2318206	2021-04-25	1.0146984893289464	920404	1.2945974238977718	20322	0.8424081734172194	0.9585949780154428	0.9675624830849732	0.9764476458615782	0.9531154731988191	0.9628989889792832
25-64	18-24	0.9726152099913226	209103	1450096	343696	2318206	2021-04-25	1.0146984893289464	920404	1.2486412873944357	63626	0.8594513470702746	0.9585263210892776	0.9696795341225576	0.9757363128835295	0.9545628462204389	0.9620633504019774
25-64	25-64	1.0146984893289464	920404	1450096	1450096	2318206	2021-04-25	1.0146984893289464	920404	1.0146984893289464	920404	1	1	1.0135091896294333	1.0159759110687154	1	1
25-64	5-11	0.9852347229155924	75533	1450096	122561	2318206	2021-04-25	1.0146984893289464	920404	1.344513913178261	8712	0.8352234176698572	0.9709630331342668	0.9795189382293333	0.9894975494007782	0.9650317129366264	0.9757992804635615
25-64	65-80	0.985814893966861	81670	1450096	132441	2318206	2021-04-25	1.0146984893289464	920404	1.4484972572957702	10960	0.8004356903568948	0.9715348000752548	0.9798761235687938	0.9916344992261084	0.9653761660771085	0.97777921148564
25-64	80+	0.9432573530489344	19520	1450096	33083	2318206	2021-04-25	1.0146984893289464	920404	3.8845577931044417	1834	0.3850614455222712	0.9295937295351072	0.9318512685459742	0.9534371958498223	0.9186071600949991	0.9405157767944036
5-11	0-4	1.1929879493358502	2874	122561	45567	2318206	2021-04-25	1.344513913178261	8712	1.8578235936622771	1664	0.7450732140428666	1.175706834968102	1.1522443982976234	1.2385393836066023	1.1358673954127574	1.2210187049409502
5-11	12-17	1.0607436882742352	10698	122561	190762	2318206	2021-04-25	1.344513913178261	8712	1.2945974238977718	20322	0.8038642958121438	1.045378207841563	1.0406322323569768	1.082239341023948	1.0256921195762696	1.067344566959713
5-11	18-24	0.912836709164407	16587	122561	343696	2318206	2021-04-25	1.344513913178261	8712	1.2486412873944357	63626	0.7040355386077992	0.8996137461169338	0.8993435340073078	0.9280079592948458	0.8862932816171879	0.9150527904885194
5-11	25-64	0.9852347229155924	75533	122561	1450096	2318206	2021-04-25	1.344513913178261	8712	1.0146984893289464	920404	0.8352234176698572	0.9709630331342668	0.9795189382293333	0.9894975494007782	0.9650317129366264	0.9757992804635615
5-11	5-11	1.344513913178261	8712	122561	122561	2318206	2021-04-25	1.344513913178261	8712	1.344513913178261	8712	1	1.3250378583567544	1.3062302268264276	1.3913805349418216	1.2876846343638106	1.3704694906616774
5-11	65-80	0.934445977405338	6543	122561	132441	2318206	2021-04-25	1.344513913178261	8712	1.4484972572957702	10960	0.6691315718918112	0.9209099917191342	0.9064892307703402	0.9586967744485857	0.8935425296295351	0.9444583401999503
5-11	80+	0.9227804294229066	1614	122561	33083	2318206	2021-04-25	1.344513913178261	8712	3.8845577931044417	1834	0.3529423504803695	0.9094134258869072	0.8707659725096477	0.9758500711270179	0.8586565695755095	0.9614205442179521
65-80	0-4	1.026781644477477	2673	132441	45567	2318206	2021-04-25	1.4484972572957702	10960	1.8578235936622771	1664	0.621102240685416	1.0119081237191176	0.9844223230214366	1.0670488886263085	0.9709851414769848	1.051720038880354
65-80	12-17	0.9587655846725271	10449	132441	190762	2318206	2021-04-25	1.4484972572957702	10960	1.2945974238977718	20322	0.6990393669206934	0.944877315533002	0.9382287131298074	0.9815077573087352	0.9250312568407719	0.9673231411987904
65-80	18-24	0.8845143986081578	17368	132441	343696	2318206	2021-04-25	1.4484972572957702	10960	1.2486412873944357	63626	0.6558909629240077	0.8717017004658364	0.8682394463385106	0.8990593688876255	0.8561548945000629	0.8853559750430396
65-80	25-64	0.985814893966861	81670	132441	1450096	2318206	2021-04-25	1.4484972572957702	10960	1.0146984893289464	920404	0.8004356903568948	0.9715348000752548	0.9798761235687938	0.9916344992261084	0.9653761660771085	0.97777921148564
65-80	5-11	0.934445977405338	6543	132441	122561	2318206	2021-04-25	1.4484972572957702	10960	1.344513913178261	8712	0.6691315718918112	0.9209099917191342	0.9064892307703402	0.9586967744485857	0.8935425296295351	0.9444583401999503
65-80	65-80	1.4484972572957702	10960	132441	132441	2318206	2021-04-25	1.4484972572957702	10960	1.4484972572957702	10960	1	1.4275149441226715	1.4071020779805914	1.4974441411821888	1.386860010830944	1.4758049504631936
65-80	80+	1.4697955590352896	2778	132441	33083	2318206	2021-04-25	1.4484972572957702	10960	3.8845577931044417	1834	0.5512020952886998	1.4485047277515055	1.4096314079092924	1.5285455589422654	1.3890242436124296	1.5059795969513274
80+	0-4	1.0687632418893105	695	33083	45567	2318206	2021-04-25	3.8845577931044417	1834	1.8578235936622771	1664	0.3722369414028363	1.0532815936250373	0.9805401137768247	1.162774102142092	0.9667376051741807	1.1451727527579885
80+	12-17	0.9392603765504444	2557	33083	190762	2318206	2021-04-25	3.8845577931044417	1834	1.2945974238977718	20322	0.3627079464492686	0.925654651532603	0.890618507821143	0.9807982553703548	0.8774862749369929	0.9664670947462841
80+	18-24	0.8328460374170412	4085	33083	343696	2318206	2021-04-25	3.8845577931044417	1834	1.2486412873944357	63626	0.32449395566247935	0.8207817851072488	0.802083409836117	0.8608079251356412	0.7900863131860895	0.8484746461038113
80+	25-64	0.9432573530489344	19520	33083	1450096	2318206	2021-04-25	3.8845577931044417	1834	1.0146984893289464	920404	0.3850614455222712	0.9295937295351072	0.9318512685459742	0.9534371958498223	0.9186071600949991	0.9405157767944036
80+	5-11	0.9227804294229066	1614	33083	122561	2318206	2021-04-25	3.8845577931044417	1834	1.344513913178261	8712	0.3529423504803695	0.9094134258869072	0.8707659725096477	0.9758500711270179	0.8586565695755095	0.9614205442179521
80+	65-80	1.4697955590352896	2778	33083	132441	2318206	2021-04-25	3.8845577931044417	1834	1.4484972572957702	10960	0.5512020952886998	1.4485047277515055	1.4096314079092924	1.5285455589422654	1.3890242436124296	1.5059795969513274
80+	80+	3.8845577931044417	1834	33083	33083	2318206	2021-04-25	3.8845577931044417	1834	3.8845577931044417	1834	1	3.8282877465141674	3.5089232120732086	4.271478814072252	3.4596475793059422	4.209612780116488
0-4	0-4	2.0540775442294574	1130	23901	23901	1038414	2021-05-23	2.0540775442294574	1130	2.0540775442294574	1130	1	2.0188025580402393	1.8617279252172332	2.280928236368369	1.8283822379477868	2.242902435929103
0-4	12-17	0.9486789488827152	2067	23901	94662	1038414	2021-05-23	2.0540775442294574	1130	1.2999738570511357	11218	0.5656913597212644	0.932387140954698	0.9061473356535142	0.9894099763924511	0.8908337556494634	0.9716371161553364
0-4	18-24	0.9480144893644954	3162	23901	144911	1038414	2021-05-23	2.0540775442294574	1130	1.2233973153473952	24740	0.5785029817051847	0.93173409230088	0.9174249639900101	0.9751024861301661	0.9011125868073844	0.9591539714294349
0-4	25-64	0.9654203177439415	13995	23901	629812	1038414	2021-05-23	2.0540775442294574	1130	1.0174732224549297	388664	0.6286207789338107	0.948841007741318	0.9547791798593332	0.9758851847667552	0.9381063322257039	0.9595434495145354
0-4	5-11	1.267923966395898	1832	23901	62775	1038414	2021-05-23	2.0540775442294574	1130	1.4298052303833662	5426	0.7278798102136527	1.2461497152098882	1.195791586029719	1.3235501353550063	1.175940086153595	1.301097926920933
0-4	65-80	0.9031680394874766	1349	23901	64893	1038414	2021-05-23	2.0540775442294574	1130	1.6038190337598774	6504	0.4938182478543055	0.8876577973308616	0.8506547758671806	0.9581650802377948	0.835773395566955	0.9412784036486134
0-4	80+	0.9107334962715856	366	23901	17460	1038414	2021-05-23	2.0540775442294574	1130	5.095814963739734	1496	0.2547544582681466	0.895093331374554	0.8183713517113845	1.007717019273143	0.80438862723172	0.9904268140691207
12-17	0-4	0.9486789488827152	2067	94662	23901	1038414	2021-05-23	1.2999738570511357	11218	2.0540775442294574	1130	0.5656913597212644	0.932387140954698	0.9061473356535142	0.9894099763924511	0.8908337556494634	0.9716371161553364
12-17	12-17	1.2999738570511357	11218	94662	94662	1038414	2021-05-23	1.2999738570511357	11218	1.2999738570511357	11218	1	1.2776492082166022	1.266952512288623	1.3442172879112846	1.245530339077355	1.3174168396602683
12-17	18-24	0.9806881389359972	12955	94662	144911	1038414	2021-05-23	1.2999738570511357	11218	1.2233973153473952	24740	0.7772840949148414	0.963846632317086	0.9653034700123844	0.9992936029176506	0.9484766534013417	0.980987269081263
12-17	25-64	0.966562535185817	55494	94662	629812	1038414	2021-05-23	1.2999738570511357	11218	1.0174732224549297	388664	0.8341614734018674	0.9499636097092788	0.9611843009091232	0.9726397326071823	0.943861335347703	0.9571274116343259
12-17	5-11	1.0479539194475074	5997	94662	62775	1038414	2021-05-23	1.2999738570511357	11218	1.4298052303833662	5426	0.767793939276159	1.0299572473455711	1.0176076423597404	1.076244062324482	1.0003607005592279	1.0579507407721662
12-17	65-80	0.9434285817711948	5581	94662	64893	1038414	2021-05-23	1.2999738570511357	11218	1.6038190337598774	6504	0.6497905444679979	0.9272269391964124	0.9152306252806744	0.9717606254805959	0.8999009039768865	0.9555662796347802
12-17	80+	0.8481728922409733	1350	94662	17460	1038414	2021-05-23	1.2999738570511357	11218	5.095814963739734	1496	0.26522854834850307	0.8336070901153806	0.7973160633136124	0.8899299607045607	0.7846032139026017	0.874663770033356
18-24	0-4	0.9480144893644954	3162	144911	23901	1038414	2021-05-23	1.2233973153473952	24740	2.0540775442294574	1130	0.5785029817051847	0.93173409230088	0.9174249639900101	0.9751024861301661	0.9011125868073844	0.9591539714294349
18-24	12-17	0.9806881389359972	12955	144911	94662	1038414	2021-05-23	1.2233973153473952	24740	1.2999738570511357	11218	0.7772840949148414	0.963846632317086	0.9653034700123844	0.9992936029176506	0.9484766534013417	0.980987269081263
18-24	18-24	1.2233973153473952	24740	144911	144911	1038414	2021-05-23	1.2233973153473952	24740	1.2233973153473952	24740	1	1.2023877271144472	1.1995361631921277	1.2473145549722875	1.1796484704494439	1.2266050620008537
18-24	25-64	0.9800608341974362	86138	144911	629812	1038414	2021-05-23	1.2233973153473952	24740	1.0174732224549297	388664	0.8747143734225765	0.9632301003782427	0.9760268178649447	0.9854016977313991	0.9583779422018512	0.9689932329354085
18-24	5-11	0.9368431665747208	8207	144911	62775	1038414	2021-05-23	1.2233973153473952	24740	1.4298052303833662	5426	0.7061980006631493	0.92075461633706	0.9175548812547205	0.9581213478949804	0.9022756346366874	0.9412669778155218
18-24	65-80	0.8567953111794562	7759	144911	64893	1038414	2021-05-23	1.2233973153473952	24740	1.6038190337598774	6504	0.6061052324135007	0.842081434941556	0.836895174531979	0.8750651293678918	0.822184555379368	0.8596281357905501
18-24	80+	0.8003124139797684	1950	144911	17460	1038414	2021-05-23	1.2233973153473952	24740	5.095814963739734	1496	0.25329499267759403	0.7865685271291936	0.7574596161574993	0.8385318458012699	0.7447264511486985	0.8235973968998321
25-64	0-4	0.9654203177439415	13995	629812	23901	1038414	2021-05-23	1.0174732224549297	388664	2.0540775442294574	1130	0.6286207789338107	0.948841007741318	0.9547791798593332	0.9758851847667552	0.9381063322257039	0.9595434495145354
25-64	12-17	0.966562535185817	55494	629812	94662	1038414	2021-05-23	1.0174732224549297	388664	1.2999738570511357	11218	0.8341614734018674	0.9499636097092788	0.9611843009091232	0.9726397326071823	0.943861335347703	0.9571274116343259
25-64	18-24	0.9800608341974362	86138	629812	144911	1038414	2021-05-23	1.0174732224549297	388664	1.2233973153473952	24740	0.8747143734225765	0.9632301003782427	0.9760268178649447	0.9854016977313991	0.9583779422018512	0.9689932329354085
25-64	25-64	1.0174732224549297	388664	629812	629812	1038414	2021-05-23	1.0174732224549297	388664	1.0174732224549297	388664	1	1	1.0157360380107214	1.0190476705631482	1	1
25-64	5-11	0.9777307074141002	37226	629812	62775	1038414	2021-05-23	1.0174732224549297	388664	1.4298052303833662	5426	0.7990351128864402	0.9609399892166794	0.9701482736746626	0.9852248069175898	0.9536876777028516	0.9696251131799004
25-64	65-80	0.9821010918436616	38654	629812	64893	1038414	2021-05-23	1.0174732224549297	388664	1.6038190337598774	6504	0.7493259017686439	0.9652353203694902	0.973761954178948	0.9906220242420243	0.9560903405202752	0.9748116224430705
25-64	80+	0.9104108966126578	9641	629812	17460	1038414	2021-05-23	1.0174732224549297	388664	5.095814963739734	1496	0.29784654964200563	0.8947762717686516	0.8958495859381687	0.9286042776665712	0.8779703356997131	0.912365344261602
5-11	0-4	1.267923966395898	1832	62775	23901	1038414	2021-05-23	1.4298052303833662	5426	2.0540775442294574	1130	0.7278798102136527	1.2461497152098882	1.195791586029719	1.3235501353550063	1.175940086153595	1.301097926920933
5-11	12-17	1.0479539194475074	5997	62775	94662	1038414	2021-05-23	1.4298052303833662	5426	1.2999738570511357	11218	0.767793939276159	1.0299572473455711	1.0176076423597404	1.076244062324482	1.0003607005592279	1.0579507407721662
5-11	18-24	0.9368431665747208	8207	62775	144911	1038414	2021-05-23	1.4298052303833662	5426	1.2233973153473952	24740	0.7061980006631493	0.92075461633706	0.9175548812547205	0.9581213478949804	0.9022756346366874	0.9412669778155218
5-11	25-64	0.9777307074141002	37226	62775	629812	1038414	2021-05-23	1.4298052303833662	5426	1.0174732224549297	388664	0.7990351128864402	0.9609399892166794	0.9701482736746626	0.9852248069175898	0.9536876777028516	0.9696251131799004
5-11	5-11	1.4298052303833662	5426	62775	62775	1038414	2021-05-23	1.4298052303833662	5426	1.4298052303833662	5426	1	1.4052509676211171	1.3797686209000564	1.4999562246121112	1.3565319474497535	1.4727590726876902
5-11	65-80	0.8253968475250589	3238	62775	64893	1038414	2021-05-23	1.4298052303833662	5426	1.6038190337598774	6504	0.5441655100673237	0.8112221818806843	0.7930072820948383	0.8636063723287724	0.780021796830118	0.8491171889468634
5-11	80+	0.8043540718661486	849	62775	17460	1038414	2021-05-23	1.4298052303833662	5426	5.095814963739734	1496	0.2465218777490424	0.7905407770097641	0.7414067378465105	0.8593764152036188	0.7284637729560703	0.8446844756019916
65-80	0-4	0.9031680394874766	1349	64893	23901	1038414	2021-05-23	1.6038190337598774	6504	2.0540775442294574	1130	0.4938182478543055	0.8876577973308616	0.8506547758671806	0.9581650802377948	0.835773395566955	0.9412784036486134
65-80	12-17	0.9434285817711948	5581	64893	94662	1038414	2021-05-23	1.6038190337598774	6504	1.2999738570511357	11218	0.6497905444679979	0.9272269391964124	0.9152306252806744	0.9717606254805959	0.8999009039768865	0.9555662796347802
65-80	18-24	0.8567953111794562	7759	64893	144911	1038414	2021-05-23	1.6038190337598774	6504	1.2233973153473952	24740	0.6061052324135007	0.842081434941556	0.836895174531979	0.8750651293678918	0.822184555379368	0.8596281357905501
65-80	25-64	0.9821010918436616	38654	64893	629812	1038414	2021-05-23	1.6038190337598774	6504	1.0174732224549297	388664	0.7493259017686439	0.9652353203694902	0.973761954178948	0.9906220242420243	0.9560903405202752	0.9748116224430705
65-80	5-11	0.8253968475250589	3238	64893	62775	1038414	2021-05-23	1.6038190337598774	6504	1.4298052303833662	5426	0.5441655100673237	0.8112221818806843	0.7930072820948383	0.8636063723287724	0.780021796830118	0.8491171889468634
65-80	65-80	1.6038190337598774	6504	64893	64893	1038414	2021-05-23	1.6038190337598774	6504	1.6038190337598774	6504	1	1.5762764054765293	1.540626793498741	1.6711647918348	1.5164181381239668	1.6434180142404107
65-80	80+	1.6570166399039574	1808	64893	17460	1038414	2021-05-23	1.6038190337598774	6504	5.095814963739734	1496	0.4946588546545609	1.6285604410364296	1.5691495626189642	1.7500949527656873	1.5438062096586647	1.720088938589226
80+	0-4	0.9107334962715856	366	17460	23901	1038414	2021-05-23	5.095814963739734	1496	2.0540775442294574	1130	0.2547544582681466	0.895093331374554	0.8183713517113845	1.007717019273143	0.80438862723172	0.9904268140691207
80+	12-17	0.8481728922409733	1350	17460	94662	1038414	2021-05-23	5.095814963739734	1496	1.2999738570511357	11218	0.26522854834850307	0.8336070901153806	0.7973160633136124	0.8899299607045607	0.7846032139026017	0.874663770033356
80+	18-24	0.8003124139797684	1950	17460	144911	1038414	2021-05-23	5.095814963739734	1496	1.2233973153473952	24740	0.25329499267759403	0.7865685271291936	0.7574596161574993	0.8385318458012699	0.7447264511486985	0.8235973968998321
80+	25-64	0.9104108966126578	9641	17460	629812	1038414	2021-05-23	5.095814963739734	1496	1.0174732224549297	388664	0.29784654964200563	0.8947762717686516	0.8958495859381687	0.9286042776665712	0.8779703356997131	0.912365344261602
80+	5-11	0.8043540718661486	849	17460	62775	1038414	2021-05-23	5.095814963739734	1496	1.4298052303833662	5426	0.2465218777490424	0.7905407770097641	0.7414067378465105	0.8593764152036188	0.7284637729560703	0.8446844756019916
80+	65-80	1.6570166399039574	1808	17460	64893	1038414	2021-05-23	5.095814963739734	1496	1.6038190337598774	6504	0.4946588546545609	1.6285604410364296	1.5691495626189642	1.7500949527656873	1.5438062096586647	1.720088938589226
80+	80+	5.095814963739734	1496	17460	17460	1038414	2021-05-23	5.095814963739734	1496	5.095814963739734	1496	1	5.008303758053406	4.491012780280354	5.729590552349287	4.413462554208309	5.6380115401819415
