x	y	RR	N_pairs	N_x	N_y	N_total	date	RR_xx	N_diag.x	RR_yy	N_diag.y	nRR	nRR_fixed	RR_lower	RR_upper	nRR_fixed_lower	nRR_fixed_upper
0-4	0-4	3.19348121805206	28	2107	2107	506332	2020-11-08	3.19348121805206	28	3.19348121805206	28	1	3.12559193858289	1.1572092041889708	18.244792627496533	1.1318602046093715	17.883025453923363
0-4	12-17	1.2593757164599455	147	2107	28050	506332	2020-11-08	3.19348121805206	28	1.3578509486179822	2110	0.5534097140536156	1.2326030179113732	0.9724026441552885	1.6906013278910024	0.9482848312281358	1.658469295767226
0-4	18-24	1.0361449698340806	408	2107	94626	506332	2020-11-08	3.19348121805206	28	1.3193693141675968	23332	0.45919755703694887	1.014117868177742	0.6334685769332671	1.249436575373688	0.6202697835737289	1.2232604868112984
0-4	25-64	0.971902569454772	1227	2107	303384	506332	2020-11-08	3.19348121805206	28	1.0217204551339962	185730	0.4611416699880745	0.951241178123726	0.9126422805869098	1.0208309169527774	0.8954139041817166	0.999602243820044
0-4	5-11	1.8663164424077872	88	2107	11331	506332	2020-11-08	3.19348121805206	28	1.6799969664672898	426	0.7659073752853391	1.8266409691905643	1.322836199111116	3.0551213087766325	1.290585514803737	2.988688415000113
0-4	65-80	0.7904331737869218	178	2107	54116	506332	2020-11-08	3.19348121805206	28	1.2977545478188377	7506	0.3519891695704149	0.7736295870510475	0.5649458180456278	1.0364098270002298	0.5533414672049419	1.0102036573577498
0-4	80+	0.5857519468910236	31	2107	12718	506332	2020-11-08	3.19348121805206	28	6.529982820633471	2086	0.12048215421182525	0.5732996182543919	0.23103399604950386	1.135681511873739	0.2271647010322096	1.1146265880589894
12-17	0-4	1.2593757164599455	147	28050	2107	506332	2020-11-08	1.3578509486179822	2110	3.19348121805206	28	0.5534097140536156	1.2326030179113732	0.9724026441552885	1.6906013278910024	0.9482848312281358	1.658469295767226
12-17	12-17	1.3578509486179822	2110	28050	28050	506332	2020-11-08	1.3578509486179822	2110	1.3578509486179822	2110	1	1.328984794025586	1.2061429645741963	1.568195098952405	1.181538057053261	1.533294001877458
12-17	18-24	0.9446537740302916	4952	28050	94626	506332	2020-11-08	1.3578509486179822	2110	1.3193693141675968	23332	0.7056974632691623	0.9245716568397396	0.8689126287528409	1.0253623057961603	0.8513524963252767	1.0035451136209574
12-17	25-64	0.9920272160686988	16673	28050	303384	506332	2020-11-08	1.3578509486179822	2110	1.0217204551339962	185730	0.8337864663397151	0.9709380007847612	0.9771815188542176	1.0062340267223226	0.9522449345447281	0.987241417343212
12-17	5-11	1.2282553076750151	771	28050	11331	506332	2020-11-08	1.3578509486179822	2110	1.6799969664672898	426	0.8086351535741961	1.202144188758492	1.091223513835798	1.4008259413021587	1.070922521721259	1.3754584163608443
12-17	65-80	0.9733344829071872	2918	28050	54116	506332	2020-11-08	1.3578509486179822	2110	1.2977545478188377	7506	0.7330414733763481	0.9526426509485284	0.8859510246754996	1.0589777237953406	0.8683231135259211	1.0357124159337814
12-17	80+	0.679859553136613	479	28050	12718	506332	2020-11-08	1.3578509486179822	2110	6.529982820633471	2086	0.1723818155972957	0.6654066185329048	0.5064110378539336	0.8105142555817765	0.49737628555533314	0.7932577227085569
18-24	0-4	1.0361449698340806	408	94626	2107	506332	2020-11-08	1.3193693141675968	23332	3.19348121805206	28	0.45919755703694887	1.014117868177742	0.6334685769332671	1.249436575373688	0.6202697835737289	1.2232604868112984
18-24	12-17	0.9446537740302916	4952	94626	28050	506332	2020-11-08	1.3193693141675968	23332	1.3578509486179822	2110	0.7056974632691623	0.9245716568397396	0.8689126287528409	1.0253623057961603	0.8513524963252767	1.0035451136209574
18-24	18-24	1.3193693141675968	23332	94626	94626	506332	2020-11-08	1.3193693141675968	23332	1.3193693141675968	23332	1	1.291321229342095	1.250983617893633	1.402899929312605	1.2266595907411866	1.373259545505081
18-24	25-64	0.9602101481586048	54442	94626	303384	506332	2020-11-08	1.3193693141675968	23332	1.0217204551339962	185730	0.8203104047949943	0.939797322578489	0.9417034556754589	0.9762589966251628	0.9188957556197898	0.958184814513263
18-24	5-11	0.8887431642573759	1882	94626	11331	506332	2020-11-08	1.3193693141675968	23332	1.6799969664672898	426	0.5926206278942713	0.8698496343021921	0.7713297535512318	0.9874103719495821	0.7542105306821627	0.9702793311510216
18-24	65-80	0.8252348987176372	8346	94626	54116	506332	2020-11-08	1.3193693141675968	23332	1.2977545478188377	7506	0.6306426002254797	0.8076914723307654	0.7530640511529897	0.8914322817482542	0.7362564744411244	0.8708984857947086
18-24	80+	0.5318058952986456	1264	94626	12718	506332	2020-11-08	1.3193693141675968	23332	6.529982820633471	2086	0.13550313100130107	0.5205003899319022	0.410778602925763	0.6097215197080772	0.4023999792076376	0.5970035827107492
25-64	0-4	0.971902569454772	1227	303384	2107	506332	2020-11-08	1.0217204551339962	185730	3.19348121805206	28	0.4611416699880745	0.951241178123726	0.9126422805869098	1.0208309169527774	0.8954139041817166	0.999602243820044
25-64	12-17	0.9920272160686988	16673	303384	28050	506332	2020-11-08	1.0217204551339962	185730	1.3578509486179822	2110	0.8337864663397151	0.9709380007847612	0.9771815188542176	1.0062340267223226	0.9522449345447281	0.987241417343212
25-64	18-24	0.9602101481586048	54442	303384	94626	506332	2020-11-08	1.0217204551339962	185730	1.3193693141675968	23332	0.8203104047949943	0.939797322578489	0.9417034556754589	0.9762589966251628	0.9188957556197898	0.958184814513263
25-64	25-64	1.0217204551339962	185730	303384	303384	506332	2020-11-08	1.0217204551339962	185730	1.0217204551339962	185730	1	1	1.0167971181665212	1.0276780698505565	1	1
25-64	5-11	0.9915590217829018	6732	303384	11331	506332	2020-11-08	1.0217204551339962	185730	1.6799969664672898	426	0.734021266513663	0.9704797597038038	0.965675125513237	1.0160921018024036	0.9453327149760377	0.9946674817196304
25-64	65-80	0.985374841268404	31951	303384	54116	506332	2020-11-08	1.0217204551339962	185730	1.2977545478188377	7506	0.8496533396686419	0.9644270468669186	0.9681350020505427	1.0045007014421203	0.9450333074314639	0.9849529041946776
25-64	80+	0.8699051480243255	6629	303384	12718	506332	2020-11-08	1.0217204551339962	185730	6.529982820633471	2086	0.23038647474821988	0.8514120899245767	0.8159796734859623	0.9153461785583887	0.8010505030446703	0.8972838946616438
5-11	0-4	1.8663164424077872	88	11331	2107	506332	2020-11-08	1.6799969664672898	426	3.19348121805206	28	0.7659073752853391	1.8266409691905643	1.322836199111116	3.0551213087766325	1.290585514803737	2.988688415000113
5-11	12-17	1.2282553076750151	771	11331	28050	506332	2020-11-08	1.6799969664672898	426	1.3578509486179822	2110	0.8086351535741961	1.202144188758492	1.091223513835798	1.4008259413021587	1.070922521721259	1.3754584163608443
5-11	18-24	0.8887431642573759	1882	11331	94626	506332	2020-11-08	1.6799969664672898	426	1.3193693141675968	23332	0.5926206278942713	0.8698496343021921	0.7713297535512318	0.9874103719495821	0.7542105306821627	0.9702793311510216
5-11	25-64	0.9915590217829018	6732	11331	303384	506332	2020-11-08	1.6799969664672898	426	1.0217204551339962	185730	0.734021266513663	0.9704797597038038	0.965675125513237	1.0160921018024036	0.9453327149760377	0.9946674817196304
5-11	5-11	1.6799969664672898	426	11331	11331	506332	2020-11-08	1.6799969664672898	426	1.6799969664672898	426	1	1.6442824042775597	1.28143615387686	2.3180165490333264	1.2577233606358456	2.273976907380045
5-11	65-80	0.9991410877905784	1210	11331	54116	506332	2020-11-08	1.6799969664672898	426	1.2977545478188377	7506	0.6710708284402355	0.9779006407966488	0.8735253612325864	1.111732202451267	0.8569577955190413	1.0873878315545225
5-11	80+	0.7800120171268067	222	11331	12718	506332	2020-11-08	1.6799969664672898	426	6.529982820633471	2086	0.1900155755200116	0.7634299707002635	0.580266146450146	1.0154274432669765	0.5694276939050814	0.99500356807224
65-80	0-4	0.7904331737869218	178	54116	2107	506332	2020-11-08	1.2977545478188377	7506	3.19348121805206	28	0.3519891695704149	0.7736295870510475	0.5649458180456278	1.0364098270002298	0.5533414672049419	1.0102036573577498
65-80	12-17	0.9733344829071872	2918	54116	28050	506332	2020-11-08	1.2977545478188377	7506	1.3578509486179822	2110	0.7330414733763481	0.9526426509485284	0.8859510246754996	1.0589777237953406	0.8683231135259211	1.0357124159337814
65-80	18-24	0.8252348987176372	8346	54116	94626	506332	2020-11-08	1.2977545478188377	7506	1.3193693141675968	23332	0.6306426002254797	0.8076914723307654	0.7530640511529897	0.8914322817482542	0.7362564744411244	0.8708984857947086
65-80	25-64	0.985374841268404	31951	54116	303384	506332	2020-11-08	1.2977545478188377	7506	1.0217204551339962	185730	0.8496533396686419	0.9644270468669186	0.9681350020505427	1.0045007014421203	0.9450333074314639	0.9849529041946776
65-80	5-11	0.9991410877905784	1210	54116	11331	506332	2020-11-08	1.2977545478188377	7506	1.6799969664672898	426	0.6710708284402355	0.9779006407966488	0.8735253612325864	1.111732202451267	0.8569577955190413	1.0873878315545225
65-80	65-80	1.2977545478188377	7506	54116	54116	506332	2020-11-08	1.2977545478188377	7506	1.2977545478188377	7506	1	1.2701659649641055	1.1883952300376686	1.4092579216966359	1.1630918048415253	1.381788748803017
65-80	80+	1.4765162794219393	2007	54116	12718	506332	2020-11-08	1.2977545478188377	7506	6.529982820633471	2086	0.3772523808406399	1.4451274534072998	1.2761019520487584	1.7004856735355836	1.2528877352043206	1.6642057400618124
80+	0-4	0.5857519468910236	31	12718	2107	506332	2020-11-08	6.529982820633471	2086	3.19348121805206	28	0.12048215421182525	0.5732996182543919	0.23103399604950386	1.135681511873739	0.2271647010322096	1.1146265880589894
80+	12-17	0.679859553136613	479	12718	28050	506332	2020-11-08	6.529982820633471	2086	1.3578509486179822	2110	0.1723818155972957	0.6654066185329048	0.5064110378539336	0.8105142555817765	0.49737628555533314	0.7932577227085569
80+	18-24	0.5318058952986456	1264	12718	94626	506332	2020-11-08	6.529982820633471	2086	1.3193693141675968	23332	0.13550313100130107	0.5205003899319022	0.410778602925763	0.6097215197080772	0.4023999792076376	0.5970035827107492
80+	25-64	0.8699051480243255	6629	12718	303384	506332	2020-11-08	6.529982820633471	2086	1.0217204551339962	185730	0.23038647474821988	0.8514120899245767	0.8159796734859623	0.9153461785583887	0.8010505030446703	0.8972838946616438
80+	5-11	0.7800120171268067	222	12718	11331	506332	2020-11-08	6.529982820633471	2086	1.6799969664672898	426	0.1900155755200116	0.7634299707002635	0.580266146450146	1.0154274432669765	0.5694276939050814	0.99500356807224
80+	65-80	1.4765162794219393	2007	12718	54116	506332	2020-11-08	6.529982820633471	2086	1.2977545478188377	7506	0.3772523808406399	1.4451274534072998	1.2761019520487584	1.7004856735355836	1.2528877352043206	1.6642057400618124
80+	80+	6.529982820633471	2086	12718	12718	506332	2020-11-08	6.529982820633471	2086	6.529982820633471	2086	1	6.391163833337446	4.772637208332306	9.147176608143049	4.663037381891447	8.959441503475302
0-4	0-4	2.360963834710744	42	2750	2750	425114	2020-12-06	2.360963834710744	42	2.360963834710744	42	1	2.298703708464382	0.9844563640484617	10.221934937658164	0.9572361710347495	9.972680323743258
0-4	12-17	1.0738670729916286	172	2750	24760	425114	2020-12-06	2.360963834710744	42	1.3313902005292817	1920	0.5816706971989054	1.0455485114985166	0.8998880907388888	1.372973783264669	0.8777891774816663	1.334034159365856
0-4	18-24	1.007300563413431	448	2750	68753	425114	2020-12-06	2.360963834710744	42	1.32544177218433	14738	0.5464947001650444	0.9807374033496788	0.6525661094484191	1.2255523754518802	0.6358011843361833	1.195425835695625
0-4	25-64	0.9783491960390772	1644	2750	259765	425114	2020-12-06	2.360963834710744	42	1.027084885284304	163028	0.577529591156828	0.9525495020484736	0.9370361981018381	1.020854844161111	0.9141334233790915	0.9923382402822062
0-4	5-11	1.4861504193460446	109	2750	11338	425114	2020-12-06	2.360963834710744	42	1.6204236920779396	490	0.7465489904444178	1.446959682338883	1.05412123554968	2.2625420644689167	1.023199169243435	2.2031524038681125
0-4	65-80	0.8974127604398298	267	2750	45993	425114	2020-12-06	2.360963834710744	42	1.3307948372713874	6622	0.4861708687789186	0.8737474120178683	0.6714330383986826	1.1936925699939795	0.6524058588442065	1.1595041552172571
0-4	80+	0.8942501218050346	68	2750	11755	425114	2020-12-06	2.360963834710744	42	5.8084750889283745	1888	0.21892571329897068	0.8706681741864989	0.51594535035939	1.556585047039303	0.5021084017819141	1.5112210021209496
12-17	0-4	1.0738670729916286	172	24760	2750	425114	2020-12-06	1.3313902005292817	1920	2.360963834710744	42	0.5816706971989054	1.0455485114985166	0.8998880907388888	1.372973783264669	0.8777891774816663	1.334034159365856
12-17	12-17	1.3313902005292817	1920	24760	24760	425114	2020-12-06	1.3313902005292817	1920	1.3313902005292817	1920	1	1.29628058946729	1.1719457594236258	1.5383003951531888	1.1399154518799852	1.5027245791228363
12-17	18-24	0.9779255601053872	3916	24760	68753	425114	2020-12-06	1.3313902005292817	1920	1.32544177218433	14738	0.7361591324923438	0.952137037665286	0.8857356917202144	1.0502938651789435	0.8608121518842632	1.0232564435847085
12-17	25-64	0.97226981952465	14710	24760	259765	425114	2020-12-06	1.3313902005292817	1920	1.027084885284304	163028	0.824490218593302	0.9466304425807212	0.9554206314603005	0.9881568716963792	0.928150562977973	0.9653933960245752
12-17	5-11	1.2235724126424044	808	24760	11338	425114	2020-12-06	1.3313902005292817	1920	1.6204236920779396	490	0.8290308651956855	1.1913060256005144	1.0970587408214436	1.3736055279545054	1.0691853157230589	1.3334658203972025
12-17	65-80	1.0224805641386674	2739	24760	45993	425114	2020-12-06	1.3313902005292817	1920	1.3307948372713874	6622	0.7681513866394328	0.99551709774761	0.9298299496107284	1.1196671800006446	0.907334697659853	1.091382615212439
12-17	80+	0.7229983975471201	495	24760	11755	425114	2020-12-06	1.3313902005292817	1920	5.8084750889283745	1888	0.20252438056910144	0.7039324674191747	0.5713745519025529	0.8907855424985719	0.558804445039297	0.8707082916235077
18-24	0-4	1.007300563413431	448	68753	2750	425114	2020-12-06	1.32544177218433	14738	2.360963834710744	42	0.5464947001650444	0.9807374033496788	0.6525661094484191	1.2255523754518802	0.6358011843361833	1.195425835695625
18-24	12-17	0.9779255601053872	3916	68753	24760	425114	2020-12-06	1.32544177218433	14738	1.3313902005292817	1920	0.7361591324923438	0.952137037665286	0.8857356917202144	1.0502938651789435	0.8608121518842632	1.0232564435847085
18-24	18-24	1.32544177218433	14738	68753	68753	425114	2020-12-06	1.32544177218433	14738	1.32544177218433	14738	1	1.2904890249820384	1.214696971407433	1.4306911605586428	1.1899183121189434	1.3891823587150949
18-24	25-64	0.9635009904544152	40478	68753	259765	425114	2020-12-06	1.32544177218433	14738	1.027084885284304	163028	0.819120146754181	0.9380928531410642	0.9376184166825894	0.9874060360556585	0.9086957731040122	0.9675247353513758
18-24	5-11	0.9260085322032562	1698	68753	11338	425114	2020-12-06	1.32544177218433	14738	1.6204236920779396	490	0.628683518264576	0.9015890949918232	0.7723042463354499	1.045234881459386	0.7526227507890384	1.0210787927463978
18-24	65-80	0.8582521391525878	6384	68753	45993	425114	2020-12-06	1.32544177218433	14738	1.3307948372713874	6622	0.6462166330343967	0.8356194813586589	0.7985238178269137	0.9269248951934599	0.778579170077704	0.9057351311415559
18-24	80+	0.5738731060545718	1091	68753	11755	425114	2020-12-06	1.32544177218433	14738	5.8084750889283745	1888	0.1608858407595915	0.5587397052345092	0.4587819662281088	0.6740323868409835	0.44527213727033177	0.6571665903250102
25-64	0-4	0.9783491960390772	1644	259765	2750	425114	2020-12-06	1.027084885284304	163028	2.360963834710744	42	0.577529591156828	0.9525495020484736	0.9370361981018381	1.020854844161111	0.9141334233790915	0.9923382402822062
25-64	12-17	0.97226981952465	14710	259765	24760	425114	2020-12-06	1.027084885284304	163028	1.3313902005292817	1920	0.824490218593302	0.9466304425807212	0.9554206314603005	0.9881568716963792	0.928150562977973	0.9653933960245752
25-64	18-24	0.9635009904544152	40478	259765	68753	425114	2020-12-06	1.027084885284304	163028	1.32544177218433	14738	0.819120146754181	0.9380928531410642	0.9376184166825894	0.9874060360556585	0.9086957731040122	0.9675247353513758
25-64	25-64	1.027084885284304	163028	259765	259765	425114	2020-12-06	1.027084885284304	163028	1.027084885284304	163028	1	1	1.0201447364821168	1.034718412589134	1	1
25-64	5-11	0.9755976969115372	6759	259765	11338	425114	2020-12-06	1.027084885284304	163028	1.6204236920779396	490	0.7369930396097459	0.9498705617126136	0.9492658050135198	0.9975442577926492	0.9221595332246331	0.9707672958533771
25-64	65-80	0.960221774786851	26986	259765	45993	425114	2020-12-06	1.027084885284304	163028	1.3307948372713874	6622	0.8144790131585444	0.9349001124878352	0.9423005079398808	0.9774377264512402	0.9135400154415214	0.954440557317091
25-64	80+	0.8575962065899909	6160	259765	11755	425114	2020-12-06	1.027084885284304	163028	5.8084750889283745	1888	0.2509220048760582	0.8349808461572312	0.8070377726447628	0.9038531679161317	0.7857914694598129	0.8775640948389258
5-11	0-4	1.4861504193460446	109	11338	2750	425114	2020-12-06	1.6204236920779396	490	2.360963834710744	42	0.7465489904444178	1.446959682338883	1.05412123554968	2.2625420644689167	1.023199169243435	2.2031524038681125
5-11	12-17	1.2235724126424044	808	11338	24760	425114	2020-12-06	1.6204236920779396	490	1.3313902005292817	1920	0.8290308651956855	1.1913060256005144	1.0970587408214436	1.3736055279545054	1.0691853157230589	1.3334658203972025
5-11	18-24	0.9260085322032562	1698	11338	68753	425114	2020-12-06	1.6204236920779396	490	1.32544177218433	14738	0.628683518264576	0.9015890949918232	0.7723042463354499	1.045234881459386	0.7526227507890384	1.0210787927463978
5-11	25-64	0.9755976969115372	6759	11338	259765	425114	2020-12-06	1.6204236920779396	490	1.027084885284304	163028	0.7369930396097459	0.9498705617126136	0.9492658050135198	0.9975442577926492	0.9221595332246331	0.9707672958533771
5-11	5-11	1.6204236920779396	490	11338	11338	425114	2020-12-06	1.6204236920779396	490	1.6204236920779396	490	1	1.5776920829960372	1.252199203922385	2.134184211454636	1.2190648038574865	2.08800719408436
5-11	65-80	0.984791183049372	1208	11338	45993	425114	2020-12-06	1.6204236920779396	490	1.3307948372713874	6622	0.6673793711009905	0.9588216097414142	0.853980777475662	1.1138066736510082	0.8320852622424232	1.0894608132128414
5-11	80+	0.8484533365886797	266	11338	11755	425114	2020-12-06	1.6204236920779396	490	5.8084750889283745	1888	0.22841967877068012	0.8260790794850633	0.6283908729781031	1.092966319283967	0.6066945374408459	1.0690404915026381
65-80	0-4	0.8974127604398298	267	45993	2750	425114	2020-12-06	1.3307948372713874	6622	2.360963834710744	42	0.4861708687789186	0.8737474120178683	0.6714330383986826	1.1936925699939795	0.6524058588442065	1.1595041552172571
65-80	12-17	1.0224805641386674	2739	45993	24760	425114	2020-12-06	1.3307948372713874	6622	1.3313902005292817	1920	0.7681513866394328	0.99551709774761	0.9298299496107284	1.1196671800006446	0.907334697659853	1.091382615212439
65-80	18-24	0.8582521391525878	6384	45993	68753	425114	2020-12-06	1.3307948372713874	6622	1.32544177218433	14738	0.6462166330343967	0.8356194813586589	0.7985238178269137	0.9269248951934599	0.778579170077704	0.9057351311415559
65-80	25-64	0.960221774786851	26986	45993	259765	425114	2020-12-06	1.3307948372713874	6622	1.027084885284304	163028	0.8144790131585444	0.9349001124878352	0.9423005079398808	0.9774377264512402	0.9135400154415214	0.954440557317091
65-80	5-11	0.984791183049372	1208	45993	11338	425114	2020-12-06	1.3307948372713874	6622	1.6204236920779396	490	0.6673793711009905	0.9588216097414142	0.853980777475662	1.1138066736510082	0.8320852622424232	1.0894608132128414
65-80	65-80	1.3307948372713874	6622	45993	45993	425114	2020-12-06	1.3307948372713874	6622	1.3307948372713874	6622	1	1.2957009263192638	1.228592634543885	1.4475698505810033	1.1960596000930146	1.4048004073313665
65-80	80+	1.4051270317493156	1787	45993	11755	425114	2020-12-06	1.3307948372713874	6622	5.8084750889283745	1888	0.39363325557779144	1.368072933290579	1.2625053757695617	1.586043535710013	1.2268814092529077	1.5494428332453607
80+	0-4	0.8942501218050346	68	11755	2750	425114	2020-12-06	5.8084750889283745	1888	2.360963834710744	42	0.21892571329897068	0.8706681741864989	0.51594535035939	1.556585047039303	0.5021084017819141	1.5112210021209496
80+	12-17	0.7229983975471201	495	11755	24760	425114	2020-12-06	5.8084750889283745	1888	1.3313902005292817	1920	0.20252438056910144	0.7039324674191747	0.5713745519025529	0.8907855424985719	0.558804445039297	0.8707082916235077
80+	18-24	0.5738731060545718	1091	11755	68753	425114	2020-12-06	5.8084750889283745	1888	1.32544177218433	14738	0.1608858407595915	0.5587397052345092	0.4587819662281088	0.6740323868409835	0.44527213727033177	0.6571665903250102
80+	25-64	0.8575962065899909	6160	11755	259765	425114	2020-12-06	5.8084750889283745	1888	1.027084885284304	163028	0.2509220048760582	0.8349808461572312	0.8070377726447628	0.9038531679161317	0.7857914694598129	0.8775640948389258
80+	5-11	0.8484533365886797	266	11755	11338	425114	2020-12-06	5.8084750889283745	1888	1.6204236920779396	490	0.22841967877068012	0.8260790794850633	0.6283908729781031	1.092966319283967	0.6066945374408459	1.0690404915026381
80+	65-80	1.4051270317493156	1787	11755	45993	425114	2020-12-06	5.8084750889283745	1888	1.3307948372713874	6622	0.39363325557779144	1.368072933290579	1.2625053757695617	1.586043535710013	1.2268814092529077	1.5494428332453607
80+	80+	5.8084750889283745	1888	11755	11755	425114	2020-12-06	5.8084750889283745	1888	5.8084750889283745	1888	1	5.655301886095374	4.409270715605199	8.660714611458696	4.28985457569245	8.442485931959485
0-4	0-4	2.9223238447942093	120	2725	2725	180834	2021-01-03	2.9223238447942093	120	2.9223238447942093	120	1	2.733301032310824	1.695515024075918	5.946496713108559	1.5878809313955289	5.56757730450939
0-4	12-17	1.031633472583272	141	2725	9070	180834	2021-01-03	2.9223238447942093	120	2.000354233701129	910	0.4191350545915041	0.9649049815616264	0.7363933773850357	1.385597231415176	0.6918630081919894	1.2849022881084058
0-4	18-24	0.7750393518823299	236	2725	20207	180834	2021-01-03	2.9223238447942093	120	1.9016844119835183	4294	0.3213258811459952	0.7249079749854567	0.574453415923778	0.9464361771622921	0.5395677286263367	0.8801014007043306
0-4	25-64	1.019255220343258	1666	2725	108469	180834	2021-01-03	2.9223238447942093	120	1.0691555047354513	69562	0.5107155172747482	0.9533273839294868	0.9706170671966404	1.0625543279929317	0.9035376383374989	0.9952828097630931
0-4	5-11	1.615362317626878	160	2725	6573	180834	2021-01-03	2.9223238447942093	120	2.050920892672584	490	0.6496210835784005	1.51087686540657	1.201904168373228	2.187022369147809	1.1304242183376754	2.0559177599060314
0-4	65-80	0.8603855247653367	278	2725	21442	180834	2021-01-03	2.9223238447942093	120	1.6330777093210005	4152	0.3777430000602651	0.8047337557114557	0.6169365247684441	1.0403539270806315	0.5790286822635382	0.9782773163033202
0-4	80+	0.6664056430785508	124	2725	12348	180834	2021-01-03	2.9223238447942093	120	3.7525226547496535	3164	0.19967669462483992	0.6233009511964719	0.4496493761293516	0.9425684483253789	0.42248197541845434	0.876899987533622
12-17	0-4	1.031633472583272	141	9070	2725	180834	2021-01-03	2.000354233701129	910	2.9223238447942093	120	0.4191350545915041	0.9649049815616264	0.7363933773850357	1.385597231415176	0.6918630081919894	1.2849022881084058
12-17	12-17	2.000354233701129	910	9070	9070	180834	2021-01-03	2.000354233701129	910	2.000354233701129	910	1	1.8709665945143223	1.657617604746096	2.4255049330933804	1.5468889661856957	2.253219289086213
12-17	18-24	1.0330412043508452	1047	9070	20207	180834	2021-01-03	2.000354233701129	910	1.9016844119835183	4294	0.5294879411270357	0.9662216579116412	0.8557801971269691	1.1586818941540797	0.8041171340349742	1.0776247178880396
12-17	25-64	0.9423895972269468	5127	9070	108469	180834	2021-01-03	2.000354233701129	910	1.0691555047354513	69562	0.6140326485537996	0.8814336109695559	0.9088202687563739	0.9777844650129858	0.8426276981505315	0.9170984415175596
12-17	5-11	1.5408944345004312	508	9070	6573	180834	2021-01-03	2.000354233701129	910	2.050920892672584	490	0.760696021096786	1.4412257409474831	1.3370637019428755	1.8391446485350083	1.245599172493106	1.7213076355922223
12-17	65-80	0.8879957439093406	955	9070	21442	180834	2021-01-03	2.000354233701129	910	1.6330777093210005	4152	0.4887917307022653	0.8305580806311834	0.7699912379781086	0.9951072398882153	0.7230987005903629	0.9298908493997067
12-17	80+	0.6167931618491886	382	9070	12348	180834	2021-01-03	2.000354233701129	910	3.7525226547496535	3164	0.21442946678988903	0.5768975225000652	0.4684107018546248	0.7963243434020358	0.4402293226453653	0.750582983785752
18-24	0-4	0.7750393518823299	236	20207	2725	180834	2021-01-03	1.9016844119835183	4294	2.9223238447942093	120	0.3213258811459952	0.7249079749854567	0.574453415923778	0.9464361771622921	0.5395677286263367	0.8801014007043306
18-24	12-17	1.0330412043508452	1047	20207	9070	180834	2021-01-03	1.9016844119835183	4294	2.000354233701129	910	0.5294879411270357	0.9662216579116412	0.8557801971269691	1.1586818941540797	0.8041171340349742	1.0776247178880396
18-24	18-24	1.9016844119835183	4294	20207	20207	180834	2021-01-03	1.9016844119835183	4294	1.9016844119835183	4294	1	1.7786789700475478	1.6880675921779398	2.121585756374731	1.5969809654175375	1.9855390568325897
18-24	25-64	0.9368277570614624	11355	20207	108469	180834	2021-01-03	1.9016844119835183	4294	1.0691555047354513	69562	0.6306820854192008	0.8762315237700322	0.9046801628228459	0.9753935686361734	0.8405885694124717	0.9187187152093927
18-24	5-11	0.9298980186139936	683	20207	6573	180834	2021-01-03	1.9016844119835183	4294	2.050920892672584	490	0.4705240958506985	0.8697500171820981	0.6746069538039721	1.0677107006161706	0.6368778370234747	0.998948602858188
18-24	65-80	0.754173224669674	1807	20207	21442	180834	2021-01-03	1.9016844119835183	4294	1.6330777093210005	4152	0.4267179509049074	0.7053915181929352	0.6794744597656392	0.8330703610157071	0.641299116501697	0.7732111742425688
18-24	80+	0.568920111411196	785	20207	12348	180834	2021-01-03	1.9016844119835183	4294	3.7525226547496535	3164	0.20123780565394137	0.5321210141007205	0.4741040582316524	0.6582152181864397	0.4421583338488148	0.613764835405693
25-64	0-4	1.019255220343258	1666	108469	2725	180834	2021-01-03	1.0691555047354513	69562	2.9223238447942093	120	0.5107155172747482	0.9533273839294868	0.9706170671966404	1.0625543279929317	0.9035376383374989	0.9952828097630931
25-64	12-17	0.9423895972269468	5127	108469	9070	180834	2021-01-03	1.0691555047354513	69562	2.000354233701129	910	0.6140326485537996	0.8814336109695559	0.9088202687563739	0.9777844650129858	0.8426276981505315	0.9170984415175596
25-64	18-24	0.9368277570614624	11355	108469	20207	180834	2021-01-03	1.0691555047354513	69562	1.9016844119835183	4294	0.6306820854192008	0.8762315237700322	0.9046801628228459	0.9753935686361734	0.8405885694124717	0.9187187152093927
25-64	25-64	1.0691555047354513	69562	108469	108469	180834	2021-01-03	1.0691555047354513	69562	1.0691555047354513	69562	1	1	1.058256042179467	1.0806741024252036	1	1
25-64	5-11	0.9754838885281684	3846	108469	6573	180834	2021-01-03	1.0691555047354513	69562	2.050920892672584	490	0.6252948737656164	0.912387285299101	0.9406706370459911	1.0135049103745057	0.8782662797940625	0.9521630310036326
25-64	65-80	0.8904109669555712	11452	108469	21442	180834	2021-01-03	1.0691555047354513	69562	1.6330777093210005	4152	0.6590185941937504	0.8328170813429913	0.8619504963038646	0.9202823727436584	0.8017030504803724	0.8680619460090225
25-64	80+	0.7373098039685089	5461	108469	12348	180834	2021-01-03	1.0691555047354513	69562	3.7525226547496535	3164	0.30583119801062975	0.6896188633953174	0.6923968078715148	0.7911503797303299	0.6385180852292567	0.7426172979375589
5-11	0-4	1.615362317626878	160	6573	2725	180834	2021-01-03	2.050920892672584	490	2.9223238447942093	120	0.6496210835784005	1.51087686540657	1.201904168373228	2.187022369147809	1.1304242183376754	2.0559177599060314
5-11	12-17	1.5408944345004312	508	6573	9070	180834	2021-01-03	2.050920892672584	490	2.000354233701129	910	0.760696021096786	1.4412257409474831	1.3370637019428755	1.8391446485350083	1.245599172493106	1.7213076355922223
5-11	18-24	0.9298980186139936	683	6573	20207	180834	2021-01-03	2.050920892672584	490	1.9016844119835183	4294	0.4705240958506985	0.8697500171820981	0.6746069538039721	1.0677107006161706	0.6368778370234747	0.998948602858188
5-11	25-64	0.9754838885281684	3846	6573	108469	180834	2021-01-03	2.050920892672584	490	1.0691555047354513	69562	0.6252948737656164	0.912387285299101	0.9406706370459911	1.0135049103745057	0.8782662797940625	0.9521630310036326
5-11	5-11	2.050920892672584	490	6573	6573	180834	2021-01-03	2.050920892672584	490	2.050920892672584	490	1	1.918262482481496	1.6020315621092205	2.9472259052107583	1.505673306055163	2.746824026508735
5-11	65-80	0.8032033330110646	626	6573	21442	180834	2021-01-03	2.050920892672584	490	1.6330777093210005	4152	0.4360497490831911	0.7512502432560612	0.6669670850413512	0.9254638882612347	0.627572723297041	0.8632833788128795
5-11	80+	0.5792862137719113	260	6573	12348	180834	2021-01-03	2.050920892672584	490	3.7525226547496535	3164	0.19963534030729657	0.5418166124629814	0.3897446765848138	0.7884573951735275	0.36676214133012025	0.7385325798154281
65-80	0-4	0.8603855247653367	278	21442	2725	180834	2021-01-03	1.6330777093210005	4152	2.9223238447942093	120	0.3777430000602651	0.8047337557114557	0.6169365247684441	1.0403539270806315	0.5790286822635382	0.9782773163033202
65-80	12-17	0.8879957439093406	955	21442	9070	180834	2021-01-03	1.6330777093210005	4152	2.000354233701129	910	0.4887917307022653	0.8305580806311834	0.7699912379781086	0.9951072398882153	0.7230987005903629	0.9298908493997067
65-80	18-24	0.754173224669674	1807	21442	20207	180834	2021-01-03	1.6330777093210005	4152	1.9016844119835183	4294	0.4267179509049074	0.7053915181929352	0.6794744597656392	0.8330703610157071	0.641299116501697	0.7732111742425688
65-80	25-64	0.8904109669555712	11452	21442	108469	180834	2021-01-03	1.6330777093210005	4152	1.0691555047354513	69562	0.6590185941937504	0.8328170813429913	0.8619504963038646	0.9202823727436584	0.8017030504803724	0.8680619460090225
65-80	5-11	0.8032033330110646	626	21442	6573	180834	2021-01-03	1.6330777093210005	4152	2.050920892672584	490	0.4360497490831911	0.7512502432560612	0.6669670850413512	0.9254638882612347	0.627572723297041	0.8632833788128795
65-80	65-80	1.6330777093210005	4152	21442	21442	180834	2021-01-03	1.6330777093210005	4152	1.6330777093210005	4152	1	1.5274463836998944	1.4949664830467775	1.8140232848189966	1.3954840734128897	1.707067485558225
65-80	80+	1.4834673710294988	2172	21442	12348	180834	2021-01-03	1.6330777093210005	4152	3.7525226547496535	3164	0.5509013928795246	1.3875131956567568	1.3573819291441085	1.6560671574011907	1.2729802256878608	1.5412762863910254
80+	0-4	0.6664056430785508	124	12348	2725	180834	2021-01-03	3.7525226547496535	3164	2.9223238447942093	120	0.19967669462483992	0.6233009511964719	0.4496493761293516	0.9425684483253789	0.42248197541845434	0.876899987533622
80+	12-17	0.6167931618491886	382	12348	9070	180834	2021-01-03	3.7525226547496535	3164	2.000354233701129	910	0.21442946678988903	0.5768975225000652	0.4684107018546248	0.7963243434020358	0.4402293226453653	0.750582983785752
80+	18-24	0.568920111411196	785	12348	20207	180834	2021-01-03	3.7525226547496535	3164	1.9016844119835183	4294	0.20123780565394137	0.5321210141007205	0.4741040582316524	0.6582152181864397	0.4421583338488148	0.613764835405693
80+	25-64	0.7373098039685089	5461	12348	108469	180834	2021-01-03	3.7525226547496535	3164	1.0691555047354513	69562	0.30583119801062975	0.6896188633953174	0.6923968078715148	0.7911503797303299	0.6385180852292567	0.7426172979375589
80+	5-11	0.5792862137719113	260	12348	6573	180834	2021-01-03	3.7525226547496535	3164	2.050920892672584	490	0.19963534030729657	0.5418166124629814	0.3897446765848138	0.7884573951735275	0.36676214133012025	0.7385325798154281
80+	65-80	1.4834673710294988	2172	12348	21442	180834	2021-01-03	3.7525226547496535	3164	1.6330777093210005	4152	0.5509013928795246	1.3875131956567568	1.3573819291441085	1.6560671574011907	1.2729802256878608	1.5412762863910254
80+	80+	3.7525226547496535	3164	12348	12348	180834	2021-01-03	3.7525226547496535	3164	3.7525226547496535	3164	1	3.509800621265254	3.1820992642573955	4.350253297844645	2.9912954414213306	4.097105106574279
0-4	0-4	3.2316641795843584	296	4661	4661	237188	2021-01-31	3.2316641795843584	296	3.2316641795843584	296	1	2.9350829991570113	2.365445239675925	4.375260467635281	2.1472873723077215	4.006272637735432
0-4	12-17	1.2840520615939042	333	4661	13197	237188	2021-01-31	3.2316641795843584	296	1.9965318891002624	1466	0.49120271876757027	1.166210090709829	1.0224262157195558	1.5052531367042317	0.9254642465729855	1.3774608355771516
0-4	18-24	0.6159491928785168	415	4661	34286	237188	2021-01-31	3.2316641795843584	296	2.724717624256629	13504	0.2068199162388551	0.559421370507234	0.5308748053412256	0.7025103704434951	0.48256831241512277	0.6387706389392913
0-4	25-64	1.015770243098214	2742	4661	137368	237188	2021-01-31	3.2316641795843584	296	1.1010469484210594	87596	0.4688843604331537	0.9225494376555556	0.9753746010016167	1.051958196035633	0.8830945530215948	0.9536499629885062
0-4	5-11	1.8794486010342983	382	4661	10343	237188	2021-01-31	3.2316641795843584	296	2.55861813714003	1154	0.6491733902527634	1.70696499702351	1.5882456252369916	2.243851765285173	1.4401265822852933	2.0585654475134976
0-4	65-80	0.7261385977773122	350	4661	24528	237188	2021-01-31	3.2316641795843584	296	1.74257190532199	4420	0.29195984484157567	0.6594983064242818	0.5943599578653781	0.8728931506173682	0.5411859184328683	0.7936110239534904
0-4	80+	0.5682900832642125	143	4661	12805	237188	2021-01-31	3.2316641795843584	296	4.299147574656705	2972	0.15092399114721555	0.5161361048946739	0.37600451075117175	0.7594799661530229	0.34054474191903344	0.6909635521791453
12-17	0-4	1.2840520615939042	333	13197	4661	237188	2021-01-31	1.9965318891002624	1466	3.2316641795843584	296	0.49120271876757027	1.166210090709829	1.0224262157195558	1.5052531367042317	0.9254642465729855	1.3774608355771516
12-17	12-17	1.9965318891002624	1466	13197	13197	237188	2021-01-31	1.9965318891002624	1466	1.9965318891002624	1466	1	1.8133031402188255	1.7411026090357307	2.272258678199615	1.5860898682007254	2.0656984548434085
12-17	18-24	0.8465901347844151	1615	13197	34286	237188	2021-01-31	1.9965318891002624	1466	2.724717624256629	13504	0.3586296942745035	0.7688955825166724	0.7623405209483634	0.9205736718551019	0.6935019778274155	0.8362531408429035
12-17	25-64	0.970159357143583	7415	13197	137368	237188	2021-01-31	1.9965318891002624	1466	1.1010469484210594	87596	0.6263984925206314	0.8811244230183155	0.944124487689769	0.9990853050609712	0.8593340668935004	0.9062026998418691
12-17	5-11	1.4544420826512925	837	13197	10343	237188	2021-01-31	1.9965318891002624	1466	2.55861813714003	1154	0.6385923951013103	1.3209628206472162	1.2708898535794944	1.6326547746962516	1.1655674885277474	1.4855834401174037
12-17	65-80	0.8133516261750964	1110	13197	24528	237188	2021-01-31	1.9965318891002624	1466	1.74257190532199	4420	0.4350516438663192	0.7387074886692812	0.7377576726997557	0.8990393697103447	0.670735605874733	0.8114099002069824
12-17	80+	0.5909081960074167	421	13197	12805	237188	2021-01-31	1.9965318891002624	1466	4.299147574656705	2972	0.1877186408263518	0.5366784739331961	0.45251415310772364	0.7042410616702548	0.41324292642061633	0.6392723957991976
18-24	0-4	0.6159491928785168	415	34286	4661	237188	2021-01-31	2.724717624256629	13504	3.2316641795843584	296	0.2068199162388551	0.559421370507234	0.5308748053412256	0.7025103704434951	0.48256831241512277	0.6387706389392913
18-24	12-17	0.8465901347844151	1615	34286	13197	237188	2021-01-31	2.724717624256629	13504	1.9965318891002624	1466	0.3586296942745035	0.7688955825166724	0.7623405209483634	0.9205736718551019	0.6935019778274155	0.8362531408429035
18-24	18-24	2.724717624256629	13504	34286	34286	237188	2021-01-31	2.724717624256629	13504	2.724717624256629	13504	1	2.474660711029599	2.5382124741236867	2.9300159436357576	2.313544663685009	2.660724220882073
18-24	25-64	0.7331989987612313	14559	34286	137368	237188	2021-01-31	2.724717624256629	13504	1.1010469484210594	87596	0.3832954092353144	0.6659107495939794	0.698986608117264	0.7675115866286785	0.6327424464028644	0.703738678778208
18-24	5-11	0.637414986558376	953	34286	10343	237188	2021-01-31	2.724717624256629	13504	2.55861813714003	1154	0.24129262850024671	0.5789171728530303	0.5605735807730375	0.7118760309979241	0.5070600705604686	0.65049423379975
18-24	65-80	0.6560296465280597	2326	34286	24528	237188	2021-01-31	2.724717624256629	13504	1.74257190532199	4420	0.29370366177718515	0.5958235000504107	0.5949500835346113	0.7177211175598718	0.5384423780206112	0.6529986891154225
18-24	80+	0.4937902463333956	914	34286	12805	237188	2021-01-31	2.724717624256629	13504	4.299147574656705	2972	0.14060356580014952	0.4484733798513392	0.42679582827440926	0.5578101253987244	0.3878104319954256	0.5089310399264118
25-64	0-4	1.015770243098214	2742	137368	4661	237188	2021-01-31	1.1010469484210594	87596	3.2316641795843584	296	0.4688843604331537	0.9225494376555556	0.9753746010016167	1.051958196035633	0.8830945530215948	0.9536499629885062
25-64	12-17	0.970159357143583	7415	137368	13197	237188	2021-01-31	1.1010469484210594	87596	1.9965318891002624	1466	0.6263984925206314	0.8811244230183155	0.944124487689769	0.9990853050609712	0.8593340668935004	0.9062026998418691
25-64	18-24	0.7331989987612313	14559	137368	34286	237188	2021-01-31	1.1010469484210594	87596	2.724717624256629	13504	0.3832954092353144	0.6659107495939794	0.698986608117264	0.7675115866286785	0.6327424464028644	0.703738678778208
25-64	25-64	1.1010469484210594	87596	137368	137368	237188	2021-01-31	1.1010469484210594	87596	1.1010469484210594	87596	1	1	1.0899385474115462	1.1112000687336177	1	1
25-64	5-11	0.9774341598798056	5855	137368	10343	237188	2021-01-31	1.1010469484210594	87596	2.55861813714003	1154	0.5341659070040002	0.8877315915379277	0.9477650113094047	1.0148493846735562	0.8585089481520378	0.9228131642659421
25-64	65-80	0.9395689603465096	13347	137368	24528	237188	2021-01-31	1.1010469484210594	87596	1.74257190532199	4420	0.6608262278960184	0.8533414144545651	0.9085931089843146	0.9638315140983624	0.822982329644196	0.8796076270190817
25-64	80+	0.7893693755881049	5854	137368	12805	237188	2021-01-31	1.1010469484210594	87596	4.299147574656705	2972	0.292348496786451	0.7169261735115735	0.7453370210778116	0.8429682843833978	0.6772245551532157	0.7671484394068134
5-11	0-4	1.8794486010342983	382	10343	4661	237188	2021-01-31	2.55861813714003	1154	3.2316641795843584	296	0.6491733902527634	1.70696499702351	1.5882456252369916	2.243851765285173	1.4401265822852933	2.0585654475134976
5-11	12-17	1.4544420826512925	837	10343	13197	237188	2021-01-31	2.55861813714003	1154	1.9965318891002624	1466	0.6385923951013103	1.3209628206472162	1.2708898535794944	1.6326547746962516	1.1655674885277474	1.4855834401174037
5-11	18-24	0.637414986558376	953	10343	34286	237188	2021-01-31	2.55861813714003	1154	2.724717624256629	13504	0.24129262850024671	0.5789171728530303	0.5605735807730375	0.7118760309979241	0.5070600705604686	0.65049423379975
5-11	25-64	0.9774341598798056	5855	10343	137368	237188	2021-01-31	2.55861813714003	1154	1.1010469484210594	87596	0.5341659070040002	0.8877315915379277	0.9477650113094047	1.0148493846735562	0.8585089481520378	0.9228131642659421
5-11	5-11	2.55861813714003	1154	10343	10343	237188	2021-01-31	2.55861813714003	1154	2.55861813714003	1154	1	2.323804757652868	2.1740165119234636	3.0343354673796785	1.982178229752355	2.7705478034539244
5-11	65-80	0.7647814699764168	818	10343	24528	237188	2021-01-31	2.55861813714003	1154	1.74257190532199	4420	0.35561389402764104	0.6945947864195443	0.6764743816648131	0.8533995411715763	0.6154207587774723	0.7729761743717576
5-11	80+	0.6160628966095868	344	10343	12805	237188	2021-01-31	2.55861813714003	1154	4.299147574656705	2972	0.1796686916701849	0.5595246392472573	0.45509400616567364	0.7559214055327051	0.41405165979161895	0.6901205805208642
65-80	0-4	0.7261385977773122	350	24528	4661	237188	2021-01-31	1.74257190532199	4420	3.2316641795843584	296	0.29195984484157567	0.6594983064242818	0.5943599578653781	0.8728931506173682	0.5411859184328683	0.7936110239534904
65-80	12-17	0.8133516261750964	1110	24528	13197	237188	2021-01-31	1.74257190532199	4420	1.9965318891002624	1466	0.4350516438663192	0.7387074886692812	0.7377576726997557	0.8990393697103447	0.670735605874733	0.8114099002069824
65-80	18-24	0.6560296465280597	2326	24528	34286	237188	2021-01-31	1.74257190532199	4420	2.724717624256629	13504	0.29370366177718515	0.5958235000504107	0.5949500835346113	0.7177211175598718	0.5384423780206112	0.6529986891154225
65-80	25-64	0.9395689603465096	13347	24528	137368	237188	2021-01-31	1.74257190532199	4420	1.1010469484210594	87596	0.6608262278960184	0.8533414144545651	0.9085931089843146	0.9638315140983624	0.822982329644196	0.8796076270190817
65-80	5-11	0.7647814699764168	818	24528	10343	237188	2021-01-31	1.74257190532199	4420	2.55861813714003	1154	0.35561389402764104	0.6945947864195443	0.6764743816648131	0.8533995411715763	0.6154207587774723	0.7729761743717576
65-80	65-80	1.74257190532199	4420	24528	24528	237188	2021-01-31	1.74257190532199	4420	1.74257190532199	4420	1	1.5826499567715075	1.6055607030850014	1.9317178309093486	1.4623494253008043	1.747088233665465
65-80	80+	1.628925187588528	2157	24528	12805	237188	2021-01-31	1.74257190532199	4420	4.299147574656705	2972	0.5392256932770643	1.4794329977704082	1.4954688099732931	1.7913104370406225	1.3602186882631526	1.6196358015608308
80+	0-4	0.5682900832642125	143	12805	4661	237188	2021-01-31	4.299147574656705	2972	3.2316641795843584	296	0.15092399114721555	0.5161361048946739	0.37600451075117175	0.7594799661530229	0.34054474191903344	0.6909635521791453
80+	12-17	0.5909081960074167	421	12805	13197	237188	2021-01-31	4.299147574656705	2972	1.9965318891002624	1466	0.1877186408263518	0.5366784739331961	0.45251415310772364	0.7042410616702548	0.41324292642061633	0.6392723957991976
80+	18-24	0.4937902463333956	914	12805	34286	237188	2021-01-31	4.299147574656705	2972	2.724717624256629	13504	0.14060356580014952	0.4484733798513392	0.42679582827440926	0.5578101253987244	0.3878104319954256	0.5089310399264118
80+	25-64	0.7893693755881049	5854	12805	137368	237188	2021-01-31	4.299147574656705	2972	1.1010469484210594	87596	0.292348496786451	0.7169261735115735	0.7453370210778116	0.8429682843833978	0.6772245551532157	0.7671484394068134
80+	5-11	0.6160628966095868	344	12805	10343	237188	2021-01-31	4.299147574656705	2972	2.55861813714003	1154	0.1796686916701849	0.5595246392472573	0.45509400616567364	0.7559214055327051	0.41405165979161895	0.6901205805208642
80+	65-80	1.628925187588528	2157	12805	24528	237188	2021-01-31	4.299147574656705	2972	1.74257190532199	4420	0.5392256932770643	1.4794329977704082	1.4954688099732931	1.7913104370406225	1.3602186882631526	1.6196358015608308
80+	80+	4.299147574656705	2972	12805	12805	237188	2021-01-31	4.299147574656705	2972	4.299147574656705	2972	1	3.904599691068429	3.7322436240804393	5.117379552121697	3.3718323267073855	4.621878514765312
0-4	0-4	2.459201001196407	714	14078	14078	682618	2021-02-28	2.459201001196407	714	2.459201001196407	714	1	2.332924774331026	2.0443321254757465	2.9511005897547378	1.9431540104574971	2.8078136494172696
0-4	12-17	1.0390565872875224	1011	14078	47179	682618	2021-02-28	2.459201001196407	714	1.5548490502319503	5070	0.5177098312054106	0.9857026136682638	0.9361214113650993	1.150047551623715	0.8874462692369379	1.090964327333915
0-4	18-24	0.7752710445396106	1661	14078	103885	682618	2021-02-28	2.459201001196407	714	1.9207004384452953	30366	0.3540130092986894	0.7354620568827185	0.6992059256419468	0.8445518823435196	0.6621357275618164	0.8022322316927968
0-4	25-64	0.9674003999024208	8393	14078	420676	682618	2021-02-28	2.459201001196407	714	1.0541278605528936	273282	0.5507030158405087	0.9177258623968216	0.9408839725788596	0.9937388810560461	0.8912475353746719	0.9452567670103483
0-4	5-11	1.6418758873983463	1163	14078	34346	682618	2021-02-28	2.459201001196407	714	1.7788087956591272	3074	0.7748334553717006	1.5575680606119042	1.492921615337391	1.834290411220802	1.415748011877475	1.7355777012733904
0-4	65-80	0.873760096936139	889	14078	49334	682618	2021-02-28	2.459201001196407	714	1.9010198061390928	6778	0.4007870865008269	0.8288938464047889	0.7679042202680985	0.9941755361303268	0.7277480684202859	0.9422988037409867
0-4	80+	0.9128510006531554	247	14078	13120	682618	2021-02-28	2.459201001196407	714	4.8697698135875225	1228	0.24910755513223257	0.8659774917383949	0.710601007556168	1.1170662668858193	0.6750560659489497	1.060671021229716
12-17	0-4	1.0390565872875224	1011	47179	14078	682618	2021-02-28	1.5548490502319503	5070	2.459201001196407	714	0.5177098312054106	0.9857026136682638	0.9361214113650993	1.150047551623715	0.8874462692369379	1.090964327333915
12-17	12-17	1.5548490502319503	5070	47179	47179	682618	2021-02-28	1.5548490502319503	5070	1.5548490502319503	5070	1	1.4750099190210444	1.4219397870017185	1.6842718468043762	1.3505538316068657	1.6033466541990469
12-17	18-24	0.8660179192405444	6218	47179	103885	682618	2021-02-28	1.5548490502319503	5070	1.9207004384452953	30366	0.4983487774016079	0.8215492177450988	0.8231431886760927	0.9099909118979844	0.7781755629984599	0.8628636353572507
12-17	25-64	0.9754106551176768	28360	47179	420676	682618	2021-02-28	1.5548490502319503	5070	1.0541278605528936	273282	0.7477342180266743	0.9253248032037316	0.9601174535991323	0.9890457495770985	0.9073194102370288	0.9403556342589917
12-17	5-11	1.17110985385998	2780	47179	34346	682618	2021-02-28	1.5548490502319503	5070	1.7788087956591272	3074	0.7025975118013021	1.110975146075476	1.1051447987682246	1.2479231044990409	1.0494946319970107	1.1886887515664846
12-17	65-80	0.9021297530796684	3076	47179	49334	682618	2021-02-28	1.5548490502319503	5070	1.9010198061390928	6778	0.5220856407305811	0.8558067639029084	0.8435752517535111	0.9606404293775852	0.7994822333360339	0.9136855659539885
12-17	80+	0.7322565243863666	664	47179	13120	682618	2021-02-28	1.5548490502319503	5070	4.8697698135875225	1228	0.2279532965014008	0.6946562668425209	0.647476655735225	0.8405300970799352	0.6130937442710843	0.79675149475183
18-24	0-4	0.7752710445396106	1661	103885	14078	682618	2021-02-28	1.9207004384452953	30366	2.459201001196407	714	0.3540130092986894	0.7354620568827185	0.6992059256419468	0.8445518823435196	0.6621357275618164	0.8022322316927968
18-24	12-17	0.8660179192405444	6218	103885	47179	682618	2021-02-28	1.9207004384452953	30366	1.5548490502319503	5070	0.4983487774016079	0.8215492177450988	0.8231431886760927	0.9099909118979844	0.7781755629984599	0.8628636353572507
18-24	18-24	1.9207004384452953	30366	103885	103885	682618	2021-02-28	1.9207004384452953	30366	1.9207004384452953	30366	1	1.822075395519744	1.8067244456687477	2.0320681012856694	1.7252066497606906	1.9204240779512225
18-24	25-64	0.8481584354080598	54300	103885	420676	682618	2021-02-28	1.9207004384452953	30366	1.0541278605528936	273282	0.5702234550435653	0.8046067912133522	0.8278878592483908	0.8713262715101245	0.7829651303030016	0.8311538542157794
18-24	5-11	0.7729120739007712	4040	103885	34346	682618	2021-02-28	1.9207004384452953	30366	1.7788087956591272	3074	0.417845733037008	0.733224215794255	0.7282576229850509	0.8238889398009385	0.6894663096025915	0.7844054596880171
18-24	65-80	0.7738462723827925	5810	103885	49334	682618	2021-02-28	1.9207004384452953	30366	1.9010198061390928	6778	0.4049727467516128	0.7341104446066984	0.7255801979799014	0.8240038196896848	0.6877475280687755	0.7859384192916782
18-24	80+	0.7462379403174476	1490	103885	13120	682618	2021-02-28	1.9207004384452953	30366	4.8697698135875225	1228	0.21978976790128824	0.7079197583545921	0.6635261409160321	0.8377006022197782	0.6270472347711916	0.7960698850443871
25-64	0-4	0.9674003999024208	8393	420676	14078	682618	2021-02-28	1.0541278605528936	273282	2.459201001196407	714	0.5507030158405087	0.9177258623968216	0.9408839725788596	0.9937388810560461	0.8912475353746719	0.9452567670103483
25-64	12-17	0.9754106551176768	28360	420676	47179	682618	2021-02-28	1.0541278605528936	273282	1.5548490502319503	5070	0.7477342180266743	0.9253248032037316	0.9601174535991323	0.9890457495770985	0.9073194102370288	0.9403556342589917
25-64	18-24	0.8481584354080598	54300	420676	103885	682618	2021-02-28	1.0541278605528936	273282	1.9207004384452953	30366	0.5702234550435653	0.8046067912133522	0.8278878592483908	0.8713262715101245	0.7829651303030016	0.8311538542157794
25-64	25-64	1.0541278605528936	273282	420676	420676	682618	2021-02-28	1.0541278605528936	273282	1.0541278605528936	273282	1	1	1.0468199638202984	1.0601535445950439	1	1
25-64	5-11	0.964218723256204	20409	420676	34346	682618	2021-02-28	1.0541278605528936	273282	1.7788087956591272	3074	0.6807202844736254	0.9147075600017516	0.9457920928739172	0.983030305507699	0.8957140113394102	0.9346940811162036
25-64	65-80	0.9455319311000002	28747	420676	49334	682618	2021-02-28	1.0541278605528936	273282	1.9010198061390928	6778	0.6399219516217513	0.8969803061689932	0.9265327035292839	0.9691376704715096	0.8767778034144137	0.9212083549029454
25-64	80+	0.8886340246079539	7185	420676	13120	682618	2021-02-28	1.0541278605528936	273282	4.8697698135875225	1228	0.30001666925717063	0.8430040205387062	0.8538115222306895	0.9224805391288355	0.8068677024043174	0.8771730880558674
5-11	0-4	1.6418758873983463	1163	34346	14078	682618	2021-02-28	1.7788087956591272	3074	2.459201001196407	714	0.7748334553717006	1.5575680606119042	1.492921615337391	1.834290411220802	1.415748011877475	1.7355777012733904
5-11	12-17	1.17110985385998	2780	34346	47179	682618	2021-02-28	1.7788087956591272	3074	1.5548490502319503	5070	0.7025975118013021	1.110975146075476	1.1051447987682246	1.2479231044990409	1.0494946319970107	1.1886887515664846
5-11	18-24	0.7729120739007712	4040	34346	103885	682618	2021-02-28	1.7788087956591272	3074	1.9207004384452953	30366	0.417845733037008	0.733224215794255	0.7282576229850509	0.8238889398009385	0.6894663096025915	0.7844054596880171
5-11	25-64	0.964218723256204	20409	34346	420676	682618	2021-02-28	1.7788087956591272	3074	1.0541278605528936	273282	0.6807202844736254	0.9147075600017516	0.9457920928739172	0.983030305507699	0.8957140113394102	0.9346940811162036
5-11	5-11	1.7788087956591272	3074	34346	34346	682618	2021-02-28	1.7788087956591272	3074	1.7788087956591272	3074	1	1.6874696725368172	1.5782366151965925	1.9677345421882362	1.4991857001198934	1.8609042485430143
5-11	65-80	0.928191775676019	2304	34346	49334	682618	2021-02-28	1.7788087956591272	3074	1.9010198061390928	6778	0.5044755482483287	0.8805305413227379	0.8453279930974399	1.0041541577331767	0.8002807378842829	0.9501981590348757
5-11	80+	0.8725497932268891	576	34346	13120	682618	2021-02-28	1.7788087956591272	3074	4.8697698135875225	1228	0.26247709307772105	0.8277456899481186	0.7477289892508768	0.9976464555809719	0.7097333812782453	0.9453248916254287
65-80	0-4	0.873760096936139	889	49334	14078	682618	2021-02-28	1.9010198061390928	6778	2.459201001196407	714	0.4007870865008269	0.8288938464047889	0.7679042202680985	0.9941755361303268	0.7277480684202859	0.9422988037409867
65-80	12-17	0.9021297530796684	3076	49334	47179	682618	2021-02-28	1.9010198061390928	6778	1.5548490502319503	5070	0.5220856407305811	0.8558067639029084	0.8435752517535111	0.9606404293775852	0.7994822333360339	0.9136855659539885
65-80	18-24	0.7738462723827925	5810	49334	103885	682618	2021-02-28	1.9010198061390928	6778	1.9207004384452953	30366	0.4049727467516128	0.7341104446066984	0.7255801979799014	0.8240038196896848	0.6877475280687755	0.7859384192916782
65-80	25-64	0.9455319311000002	28747	49334	420676	682618	2021-02-28	1.9010198061390928	6778	1.0541278605528936	273282	0.6399219516217513	0.8969803061689932	0.9265327035292839	0.9691376704715096	0.8767778034144137	0.9212083549029454
65-80	5-11	0.928191775676019	2304	49334	34346	682618	2021-02-28	1.9010198061390928	6778	1.7788087956591272	3074	0.5044755482483287	0.8805305413227379	0.8453279930974399	1.0041541577331767	0.8002807378842829	0.9501981590348757
65-80	65-80	1.9010198061390928	6778	49334	49334	682618	2021-02-28	1.9010198061390928	6778	1.9010198061390928	6778	1	1.8034053337154008	1.7105837415669345	2.119344089492243	1.6290869143340938	2.014169206598097
65-80	80+	1.82449919049792	1730	49334	13120	682618	2021-02-28	1.9010198061390928	6778	4.8697698135875225	1228	0.5389324710908941	1.730813935171929	1.642155142039799	2.04509607742588	1.5596186060033512	1.937492727322677
80+	0-4	0.9128510006531554	247	13120	14078	682618	2021-02-28	4.8697698135875225	1228	2.459201001196407	714	0.24910755513223257	0.8659774917383949	0.710601007556168	1.1170662668858193	0.6750560659489497	1.060671021229716
80+	12-17	0.7322565243863666	664	13120	47179	682618	2021-02-28	4.8697698135875225	1228	1.5548490502319503	5070	0.2279532965014008	0.6946562668425209	0.647476655735225	0.8405300970799352	0.6130937442710843	0.79675149475183
80+	18-24	0.7462379403174476	1490	13120	103885	682618	2021-02-28	4.8697698135875225	1228	1.9207004384452953	30366	0.21978976790128824	0.7079197583545921	0.6635261409160321	0.8377006022197782	0.6270472347711916	0.7960698850443871
80+	25-64	0.8886340246079539	7185	13120	420676	682618	2021-02-28	4.8697698135875225	1228	1.0541278605528936	273282	0.30001666925717063	0.8430040205387062	0.8538115222306895	0.9224805391288355	0.8068677024043174	0.8771730880558674
80+	5-11	0.8725497932268891	576	13120	34346	682618	2021-02-28	4.8697698135875225	1228	1.7788087956591272	3074	0.26247709307772105	0.8277456899481186	0.7477289892508768	0.9976464555809719	0.7097333812782453	0.9453248916254287
80+	65-80	1.82449919049792	1730	13120	49334	682618	2021-02-28	4.8697698135875225	1228	1.9010198061390928	6778	0.5389324710908941	1.730813935171929	1.642155142039799	2.04509607742588	1.5596186060033512	1.937492727322677
80+	80+	4.8697698135875225	1228	13120	13120	682618	2021-02-28	4.8697698135875225	1228	4.8697698135875225	1228	1	4.619714548701247	3.8122398346688375	6.09447881880795	3.6423258610408746	5.782341940753175
0-4	0-4	1.909900192131091	1368	38222	38222	2039630	2021-03-28	1.909900192131091	1368	1.909900192131091	1368	1	1.869992364142691	1.627798808941889	2.221289555605092	1.5937734698929735	2.1743171964635715
0-4	12-17	1.030077124575588	2963	38222	153497	2039630	2021-03-28	1.909900192131091	1368	1.3530398429062571	15630	0.6313797455758623	1.0085534130896598	0.9620365885750416	1.1108511221797617	0.9428178953706652	1.0878802145295092
0-4	18-24	0.8619417904358189	4994	38222	309178	2039630	2021-03-28	1.909900192131091	1368	1.3621141251301854	63838	0.526856979744072	0.8439313075579967	0.8188069262489363	0.9001516670468905	0.8006595192113509	0.8821262883368232
0-4	25-64	0.975105728836372	23580	38222	1290417	2039630	2021-03-28	1.909900192131091	1368	1.0213411716291665	833834	0.6653193018438346	0.9547306580042756	0.9619900727042101	0.9896642452507357	0.9402849098639028	0.9697822240285222
0-4	5-11	1.314176895134996	2466	38222	100133	2039630	2021-03-28	1.909900192131091	1368	1.418254969130897	6972	0.7897329490111149	1.286716850000985	1.2269439357376515	1.4163482482033984	1.203942238733244	1.3874163448737267
0-4	65-80	1.0224625490788148	2311	38222	120612	2039630	2021-03-28	1.909900192131091	1368	1.554617565300506	11088	0.5902481214798636	1.0010979459957143	0.9403118043593938	1.0860083910818539	0.9214411242727532	1.0623886403748446
0-4	80+	1.0451514441721432	540	38222	27571	2039630	2021-03-28	1.909900192131091	1368	3.751055813521774	1398	0.3692490961344641	1.0233127511201732	0.8704529536749785	1.2133454348943566	0.8508174339365832	1.1884241039855532
12-17	0-4	1.030077124575588	2963	153497	38222	2039630	2021-03-28	1.3530398429062571	15630	1.909900192131091	1368	0.6313797455758623	1.0085534130896598	0.9620365885750416	1.1108511221797617	0.9428178953706652	1.0878802145295092
12-17	12-17	1.3530398429062571	15630	153497	153497	2039630	2021-03-28	1.3530398429062571	15630	1.3530398429062571	15630	1	1.3247677470477273	1.2765594182519633	1.4656499719931735	1.2486775552962908	1.4328070492388034
12-17	18-24	0.9222579244449802	21459	153497	309178	2039630	2021-03-28	1.3530398429062571	15630	1.3621141251301854	63838	0.6793411609817052	0.9029871213101728	0.8984892016824565	0.9436740470339153	0.8804591915819708	0.9237260570290462
12-17	25-64	0.9730802011542864	94499	153497	1290417	2039630	2021-03-28	1.3530398429062571	15630	1.0213411716291665	833834	0.8196495804146929	0.9527474542146404	0.9632012455391981	0.9829205983867602	0.9417016458569575	0.9627466554781172
12-17	5-11	1.1046033168544975	8324	153497	100133	2039630	2021-03-28	1.3530398429062571	15630	1.418254969130897	6972	0.7971748888329304	1.0815223624956951	1.0606243239453599	1.1550098579145762	1.0382611199799459	1.128106448258493
12-17	65-80	0.957261907962104	8689	153497	120612	2039630	2021-03-28	1.3530398429062571	15630	1.554617565300506	11088	0.6584420195173373	0.93725968809732	0.9127589730539737	0.9966887610976363	0.8937181146705664	0.9744939130174134
12-17	80+	0.9316029072872256	1933	153497	27571	2039630	2021-03-28	1.3530398429062571	15630	3.751055813521774	1398	0.3650413197542554	0.9121368384681904	0.8427995111743225	1.0259993316814737	0.8242793396042594	1.0028547529167973
18-24	0-4	0.8619417904358189	4994	309178	38222	2039630	2021-03-28	1.3621141251301854	63838	1.909900192131091	1368	0.526856979744072	0.8439313075579967	0.8188069262489363	0.9001516670468905	0.8006595192113509	0.8821262883368232
18-24	12-17	0.9222579244449802	21459	309178	153497	2039630	2021-03-28	1.3621141251301854	63838	1.3530398429062571	15630	0.6793411609817052	0.9029871213101728	0.8984892016824565	0.9436740470339153	0.8804591915819708	0.9237260570290462
18-24	18-24	1.3621141251301854	63838	309178	309178	2039630	2021-03-28	1.3621141251301854	63838	1.3621141251301854	63838	1	1.3336524199425384	1.32333814009235	1.407674695721507	1.2970685048040351	1.3755951733445373
18-24	25-64	0.9506038574167692	185946	309178	1290417	2039630	2021-03-28	1.3621141251301854	63838	1.0213411716291665	833834	0.7976687112271423	0.9307407591338333	0.943362230728389	0.9578698094830557	0.9222307795874441	0.9394968636413192
18-24	5-11	0.8771505346375307	13314	309178	100133	2039630	2021-03-28	1.3621141251301854	63838	1.418254969130897	6972	0.6309597790077899	0.858822261358921	0.8485186758769714	0.9069006551356247	0.8307611422587288	0.8876826434557944
18-24	65-80	0.8781376514286923	16055	309178	120612	2039630	2021-03-28	1.3621141251301854	63838	1.554617565300506	11088	0.6021381084243813	0.8597887521051886	0.8534740264780102	0.9030817435153077	0.8364937197858963	0.8851631805088336
18-24	80+	0.8546764544419504	3572	309178	27571	2039630	2021-03-28	1.3621141251301854	63838	3.751055813521774	1398	0.3343039502681885	0.8368177825227929	0.7912568770092411	0.9062801752537238	0.7747317781600923	0.8860841844652958
25-64	0-4	0.975105728836372	23580	1290417	38222	2039630	2021-03-28	1.0213411716291665	833834	1.909900192131091	1368	0.6653193018438346	0.9547306580042756	0.9619900727042101	0.9896642452507357	0.9402849098639028	0.9697822240285222
25-64	12-17	0.9730802011542864	94499	1290417	153497	2039630	2021-03-28	1.0213411716291665	833834	1.3530398429062571	15630	0.8196495804146929	0.9527474542146404	0.9632012455391981	0.9829205983867602	0.9417016458569575	0.9627466554781172
25-64	18-24	0.9506038574167692	185946	1290417	309178	2039630	2021-03-28	1.0213411716291665	833834	1.3621141251301854	63838	0.7976687112271423	0.9307407591338333	0.943362230728389	0.9578698094830557	0.9222307795874441	0.9394968636413192
25-64	25-64	1.0213411716291665	833834	1290417	1290417	2039630	2021-03-28	1.0213411716291665	833834	1.0213411716291665	833834	1	1	1.0188536135510604	1.0238524165086607	1	1
25-64	5-11	0.9781795416228104	61969	1290417	100133	2039630	2021-03-28	1.0213411716291665	833834	1.418254969130897	6972	0.8019192400575413	0.957740242726622	0.9667870750332075	0.9892072815155482	0.9452821122426843	0.9692697892863059
25-64	65-80	0.9722197956317218	74188	1290417	120612	2039630	2021-03-28	1.0213411716291665	833834	1.554617565300506	11088	0.7548411251265046	0.9519050270742636	0.9605109815360728	0.9824409980200691	0.9396968711563658	0.9631367076491625
25-64	80+	0.9402408715902636	16401	1290417	27571	2039630	2021-03-28	1.0213411716291665	833834	3.751055813521774	1398	0.3940329668783938	0.9205943104109492	0.9190168807651918	0.959810812114958	0.8990747564190397	0.9400260852878993
5-11	0-4	1.314176895134996	2466	100133	38222	2039630	2021-03-28	1.418254969130897	6972	1.909900192131091	1368	0.7897329490111149	1.286716850000985	1.2269439357376515	1.4163482482033984	1.203942238733244	1.3874163448737267
5-11	12-17	1.1046033168544975	8324	100133	153497	2039630	2021-03-28	1.418254969130897	6972	1.3530398429062571	15630	0.7971748888329304	1.0815223624956951	1.0606243239453599	1.1550098579145762	1.0382611199799459	1.128106448258493
5-11	18-24	0.8771505346375307	13314	100133	309178	2039630	2021-03-28	1.418254969130897	6972	1.3621141251301854	63838	0.6309597790077899	0.858822261358921	0.8485186758769714	0.9069006551356247	0.8307611422587288	0.8876826434557944
5-11	25-64	0.9781795416228104	61969	100133	1290417	2039630	2021-03-28	1.418254969130897	6972	1.0213411716291665	833834	0.8019192400575413	0.957740242726622	0.9667870750332075	0.9892072815155482	0.9452821122426843	0.9692697892863059
5-11	5-11	1.418254969130897	6972	100133	100133	2039630	2021-03-28	1.418254969130897	6972	1.418254969130897	6972	1	1.3886201873842052	1.324918855499205	1.517566749297505	1.2987070966691605	1.4839210831936107
5-11	65-80	0.983062757603922	5821	100133	120612	2039630	2021-03-28	1.418254969130897	6972	1.554617565300506	11088	0.6613554709919269	0.9625214227248023	0.9249757921731373	1.0372420031173804	0.9051397736252133	1.0147237005893266
5-11	80+	0.9360483026473272	1267	100133	27571	2039630	2021-03-28	1.418254969130897	6972	3.751055813521774	1398	0.36215593993247464	0.9164893462134824	0.8350971034932294	1.0400558528929735	0.8174567391815489	1.0188171034272222
65-80	0-4	1.0224625490788148	2311	120612	38222	2039630	2021-03-28	1.554617565300506	11088	1.909900192131091	1368	0.5902481214798636	1.0010979459957143	0.9403118043593938	1.0860083910818539	0.9214411242727532	1.0623886403748446
65-80	12-17	0.957261907962104	8689	120612	153497	2039630	2021-03-28	1.554617565300506	11088	1.3530398429062571	15630	0.6584420195173373	0.93725968809732	0.9127589730539737	0.9966887610976363	0.8937181146705664	0.9744939130174134
65-80	18-24	0.8781376514286923	16055	120612	309178	2039630	2021-03-28	1.554617565300506	11088	1.3621141251301854	63838	0.6021381084243813	0.8597887521051886	0.8534740264780102	0.9030817435153077	0.8364937197858963	0.8851631805088336
65-80	25-64	0.9722197956317218	74188	120612	1290417	2039630	2021-03-28	1.554617565300506	11088	1.0213411716291665	833834	0.7548411251265046	0.9519050270742636	0.9605109815360728	0.9824409980200691	0.9396968711563658	0.9631367076491625
65-80	5-11	0.983062757603922	5821	120612	100133	2039630	2021-03-28	1.554617565300506	11088	1.418254969130897	6972	0.6613554709919269	0.9625214227248023	0.9249757921731373	1.0372420031173804	0.9051397736252133	1.0147237005893266
65-80	65-80	1.554617565300506	11088	120612	120612	2039630	2021-03-28	1.554617565300506	11088	1.554617565300506	11088	1	1.5221334540158575	1.4299000504882156	1.6865401117665877	1.399607014377932	1.651429192372323
65-80	80+	1.5088409457179626	2460	120612	27571	2039630	2021-03-28	1.554617565300506	11088	3.751055813521774	1398	0.5687651078336396	1.477313348008064	1.3683899242574171	1.668709947263281	1.3395605607009675	1.6320092800449484
80+	0-4	1.0451514441721432	540	27571	38222	2039630	2021-03-28	3.751055813521774	1398	1.909900192131091	1368	0.3692490961344641	1.0233127511201732	0.8704529536749785	1.2133454348943566	0.8508174339365832	1.1884241039855532
80+	12-17	0.9316029072872256	1933	27571	153497	2039630	2021-03-28	3.751055813521774	1398	1.3530398429062571	15630	0.3650413197542554	0.9121368384681904	0.8427995111743225	1.0259993316814737	0.8242793396042594	1.0028547529167973
80+	18-24	0.8546764544419504	3572	27571	309178	2039630	2021-03-28	3.751055813521774	1398	1.3621141251301854	63838	0.3343039502681885	0.8368177825227929	0.7912568770092411	0.9062801752537238	0.7747317781600923	0.8860841844652958
80+	25-64	0.9402408715902636	16401	27571	1290417	2039630	2021-03-28	3.751055813521774	1398	1.0213411716291665	833834	0.3940329668783938	0.9205943104109492	0.9190168807651918	0.959810812114958	0.8990747564190397	0.9400260852878993
80+	5-11	0.9360483026473272	1267	27571	100133	2039630	2021-03-28	3.751055813521774	1398	1.418254969130897	6972	0.36215593993247464	0.9164893462134824	0.8350971034932294	1.0400558528929735	0.8174567391815489	1.0188171034272222
80+	65-80	1.5088409457179626	2460	27571	120612	2039630	2021-03-28	3.751055813521774	1398	1.554617565300506	11088	0.5687651078336396	1.477313348008064	1.3683899242574171	1.668709947263281	1.3395605607009675	1.6320092800449484
80+	80+	3.751055813521774	1398	27571	27571	2039630	2021-03-28	3.751055813521774	1398	3.751055813521774	1398	1	3.67267659203278	3.007313965551041	4.8645806786709	2.9437473541453523	4.764468696062323
0-4	0-4	1.8578235936622771	1664	45567	45567	2318206	2021-04-25	1.8578235936622771	1664	1.8578235936622771	1664	1	1.8309119538464251	1.616904536206173	2.1907643542627535	1.5942372261119773	2.1567917770030975
0-4	12-17	1.0139623616266196	3802	45567	190762	2318206	2021-04-25	1.8578235936622771	1664	1.2945974238977718	20322	0.6432912076010832	0.999274535529452	0.9374325736673098	1.076034592006159	0.9220243220370514	1.0594189461976298
0-4	18-24	0.8970150613721674	6060	45567	343696	2318206	2021-04-25	1.8578235936622771	1664	1.2486412873944357	63626	0.5775150183362341	0.8840212839632717	0.855730108738822	0.9304021281815005	0.8438438412315032	0.9168305926504439
0-4	25-64	0.9752905309255446	27799	45567	1450096	2318206	2021-04-25	1.8578235936622771	1664	1.0146984893289464	920404	0.6790482389677241	0.9611628884660472	0.9624416163798079	0.9902342546002451	0.9479312591910608	0.9772826441171051
0-4	5-11	1.1929879493358502	2874	45567	122561	2318206	2021-04-25	1.8578235936622771	1664	1.344513913178261	8712	0.7450732140428666	1.175706834968102	1.1155434062572962	1.2905362187834646	1.1007133601529155	1.270958409924184
0-4	65-80	1.026781644477477	2673	45567	132441	2318206	2021-04-25	1.8578235936622771	1664	1.4484972572957702	10960	0.621102240685416	1.0119081237191176	0.9456997810292689	1.119731541048364	0.9326329208155327	1.1032708922605095
0-4	80+	1.0687632418893105	695	45567	33083	2318206	2021-04-25	1.8578235936622771	1664	3.8845577931044417	1834	0.3722369414028363	1.0532815936250373	0.9070738155759142	1.2449704221813154	0.8939264984250562	1.2257882389796153
12-17	0-4	1.0139623616266196	3802	190762	45567	2318206	2021-04-25	1.2945974238977718	20322	1.8578235936622771	1664	0.6432912076010832	0.999274535529452	0.9374325736673098	1.076034592006159	0.9220243220370514	1.0594189461976298
12-17	12-17	1.2945974238977718	20322	190762	190762	2318206	2021-04-25	1.2945974238977718	20322	1.2945974238977718	20322	1	1.2758444380398477	1.2388576514069831	1.3577426507628654	1.2216294653366184	1.3392153366059865
12-17	18-24	0.9499589877706074	26867	190762	343696	2318206	2021-04-25	1.2945974238977718	20322	1.2486412873944357	63626	0.7470466563383961	0.9361982872358928	0.9269436314283896	0.9694814582426475	0.9153108948222044	0.9552666062446843
12-17	25-64	0.9726848760705844	116067	190762	1450096	2318206	2021-04-25	1.2945974238977718	20322	1.0146984893289464	920404	0.8424081734172194	0.9585949780154428	0.9652685541443117	0.9814887809416727	0.949431078062425	0.9682653717217232
12-17	5-11	1.0607436882742352	10698	190762	122561	2318206	2021-04-25	1.2945974238977718	20322	1.344513913178261	8712	0.8038642958121438	1.045378207841563	1.0229237385122416	1.1091456520516896	1.0074211688474122	1.0930820088057025
12-17	65-80	0.9587655846725271	10449	190762	132441	2318206	2021-04-25	1.2945974238977718	20322	1.4484972572957702	10960	0.6990393669206934	0.944877315533002	0.9169689548667193	0.9931474122946061	0.9032847571193888	0.9789867196008278
12-17	80+	0.9392603765504444	2557	190762	33083	2318206	2021-04-25	1.2945974238977718	20322	3.8845577931044417	1834	0.3627079464492686	0.925654651532603	0.8508929434817641	1.0234958015360056	0.8396947385996171	1.0091880467948695
18-24	0-4	0.8970150613721674	6060	343696	45567	2318206	2021-04-25	1.2486412873944357	63626	1.8578235936622771	1664	0.5775150183362341	0.8840212839632717	0.855730108738822	0.9304021281815005	0.8438438412315032	0.9168305926504439
18-24	12-17	0.9499589877706074	26867	343696	190762	2318206	2021-04-25	1.2486412873944357	63626	1.2945974238977718	20322	0.7470466563383961	0.9361982872358928	0.9269436314283896	0.9694814582426475	0.9153108948222044	0.9552666062446843
18-24	18-24	1.2486412873944357	63626	343696	343696	2318206	2021-04-25	1.2486412873944357	63626	1.2486412873944357	63626	1	1.2305540025197073	1.2101651283426933	1.2889835816018254	1.1938695471294796	1.2681277320976214
18-24	25-64	0.9726152099913226	209103	343696	1450096	2318206	2021-04-25	1.2486412873944357	63626	1.0146984893289464	920404	0.8594513470702746	0.9585263210892776	0.9662563750858952	0.9808289424033771	0.9499187827745832	0.9683819675878184
18-24	5-11	0.912836709164407	16587	343696	122561	2318206	2021-04-25	1.2486412873944357	63626	1.344513913178261	8712	0.7040355386077992	0.8996137461169338	0.8841551457660649	0.9371823657615067	0.8717943393856241	0.9234020240087283
18-24	65-80	0.8845143986081578	17368	343696	132441	2318206	2021-04-25	1.2486412873944357	63626	1.4484972572957702	10960	0.6558909629240077	0.8717017004658364	0.8522122214232993	0.9169086611020166	0.8384395174173396	0.9022108149712865
18-24	80+	0.8328460374170412	4085	343696	33083	2318206	2021-04-25	1.2486412873944357	63626	3.8845577931044417	1834	0.32449395566247935	0.8207817851072488	0.7790950266602965	0.8876585255564688	0.7678372937956139	0.8756249281924088
25-64	0-4	0.9752905309255446	27799	1450096	45567	2318206	2021-04-25	1.0146984893289464	920404	1.8578235936622771	1664	0.6790482389677241	0.9611628884660472	0.9624416163798079	0.9902342546002451	0.9479312591910608	0.9772826441171051
25-64	12-17	0.9726848760705844	116067	1450096	190762	2318206	2021-04-25	1.0146984893289464	920404	1.2945974238977718	20322	0.8424081734172194	0.9585949780154428	0.9652685541443117	0.9814887809416727	0.949431078062425	0.9682653717217232
25-64	18-24	0.9726152099913226	209103	1450096	343696	2318206	2021-04-25	1.0146984893289464	920404	1.2486412873944357	63626	0.8594513470702746	0.9585263210892776	0.9662563750858952	0.9808289424033771	0.9499187827745832	0.9683819675878184
25-64	25-64	1.0146984893289464	920404	1450096	1450096	2318206	2021-04-25	1.0146984893289464	920404	1.0146984893289464	920404	1	1	1.0121737285389287	1.016992267812874	1	1
25-64	5-11	0.9852347229155924	75533	1450096	122561	2318206	2021-04-25	1.0146984893289464	920404	1.344513913178261	8712	0.8352234176698572	0.9709630331342668	0.9746921801944983	0.994524484150518	0.9600001570482786	0.9804787594745106
25-64	65-80	0.985814893966861	81670	1450096	132441	2318206	2021-04-25	1.0146984893289464	920404	1.4484972572957702	10960	0.8004356903568948	0.9715348000752548	0.9745857951627369	0.9953048233830858	0.9586398893706272	0.981463004878328
25-64	80+	0.9432573530489344	19520	1450096	33083	2318206	2021-04-25	1.0146984893289464	920404	3.8845577931044417	1834	0.3850614455222712	0.9295937295351072	0.9226781453798123	0.9678208646679702	0.9091168609168511	0.9549910386205758
5-11	0-4	1.1929879493358502	2874	122561	45567	2318206	2021-04-25	1.344513913178261	8712	1.8578235936622771	1664	0.7450732140428666	1.175706834968102	1.1155434062572962	1.2905362187834646	1.1007133601529155	1.270958409924184
5-11	12-17	1.0607436882742352	10698	122561	190762	2318206	2021-04-25	1.344513913178261	8712	1.2945974238977718	20322	0.8038642958121438	1.045378207841563	1.0229237385122416	1.1091456520516896	1.0074211688474122	1.0930820088057025
5-11	18-24	0.912836709164407	16587	122561	343696	2318206	2021-04-25	1.344513913178261	8712	1.2486412873944357	63626	0.7040355386077992	0.8996137461169338	0.8841551457660649	0.9371823657615067	0.8717943393856241	0.9234020240087283
5-11	25-64	0.9852347229155924	75533	122561	1450096	2318206	2021-04-25	1.344513913178261	8712	1.0146984893289464	920404	0.8352234176698572	0.9709630331342668	0.9746921801944983	0.994524484150518	0.9600001570482786	0.9804787594745106
5-11	5-11	1.344513913178261	8712	122561	122561	2318206	2021-04-25	1.344513913178261	8712	1.344513913178261	8712	1	1.3250378583567544	1.2732020053400968	1.424022266267589	1.2560524098722141	1.4050110534692062
5-11	65-80	0.934445977405338	6543	122561	132441	2318206	2021-04-25	1.344513913178261	8712	1.4484972572957702	10960	0.6691315718918112	0.9209099917191342	0.8863451228680658	0.9900938099276809	0.8748304643041603	0.9757451022672906
5-11	80+	0.9227804294229066	1614	122561	33083	2318206	2021-04-25	1.344513913178261	8712	3.8845577931044417	1834	0.3529423504803695	0.9094134258869072	0.8143163725024326	1.0290901854691643	0.8036653456913444	1.0119893684126682
65-80	0-4	1.026781644477477	2673	132441	45567	2318206	2021-04-25	1.4484972572957702	10960	1.8578235936622771	1664	0.621102240685416	1.0119081237191176	0.9456997810292689	1.119731541048364	0.9326329208155327	1.1032708922605095
65-80	12-17	0.9587655846725271	10449	132441	190762	2318206	2021-04-25	1.4484972572957702	10960	1.2945974238977718	20322	0.6990393669206934	0.944877315533002	0.9169689548667193	0.9931474122946061	0.9032847571193888	0.9789867196008278
65-80	18-24	0.8845143986081578	17368	132441	343696	2318206	2021-04-25	1.4484972572957702	10960	1.2486412873944357	63626	0.6558909629240077	0.8717017004658364	0.8522122214232993	0.9169086611020166	0.8384395174173396	0.9022108149712865
65-80	25-64	0.985814893966861	81670	132441	1450096	2318206	2021-04-25	1.4484972572957702	10960	1.0146984893289464	920404	0.8004356903568948	0.9715348000752548	0.9745857951627369	0.9953048233830858	0.9586398893706272	0.981463004878328
65-80	5-11	0.934445977405338	6543	132441	122561	2318206	2021-04-25	1.4484972572957702	10960	1.344513913178261	8712	0.6691315718918112	0.9209099917191342	0.8863451228680658	0.9900938099276809	0.8748304643041603	0.9757451022672906
65-80	65-80	1.4484972572957702	10960	132441	132441	2318206	2021-04-25	1.4484972572957702	10960	1.4484972572957702	10960	1	1.4275149441226715	1.3575250056549404	1.5448690668135863	1.339526006820493	1.5234544265125765
65-80	80+	1.4697955590352896	2778	132441	33083	2318206	2021-04-25	1.4484972572957702	10960	3.8845577931044417	1834	0.5512020952886998	1.4485047277515055	1.3378084543037108	1.5904358741310602	1.316206432107156	1.5643484901256866
80+	0-4	1.0687632418893105	695	33083	45567	2318206	2021-04-25	3.8845577931044417	1834	1.8578235936622771	1664	0.3722369414028363	1.0532815936250373	0.9070738155759142	1.2449704221813154	0.8939264984250562	1.2257882389796153
80+	12-17	0.9392603765504444	2557	33083	190762	2318206	2021-04-25	3.8845577931044417	1834	1.2945974238977718	20322	0.3627079464492686	0.925654651532603	0.8508929434817641	1.0234958015360056	0.8396947385996171	1.0091880467948695
80+	18-24	0.8328460374170412	4085	33083	343696	2318206	2021-04-25	3.8845577931044417	1834	1.2486412873944357	63626	0.32449395566247935	0.8207817851072488	0.7790950266602965	0.8876585255564688	0.7678372937956139	0.8756249281924088
80+	25-64	0.9432573530489344	19520	33083	1450096	2318206	2021-04-25	3.8845577931044417	1834	1.0146984893289464	920404	0.3850614455222712	0.9295937295351072	0.9226781453798123	0.9678208646679702	0.9091168609168511	0.9549910386205758
80+	5-11	0.9227804294229066	1614	33083	122561	2318206	2021-04-25	3.8845577931044417	1834	1.344513913178261	8712	0.3529423504803695	0.9094134258869072	0.8143163725024326	1.0290901854691643	0.8036653456913444	1.0119893684126682
80+	65-80	1.4697955590352896	2778	33083	132441	2318206	2021-04-25	3.8845577931044417	1834	1.4484972572957702	10960	0.5512020952886998	1.4485047277515055	1.3378084543037108	1.5904358741310602	1.316206432107156	1.5643484901256866
80+	80+	3.8845577931044417	1834	33083	33083	2318206	2021-04-25	3.8845577931044417	1834	3.8845577931044417	1834	1	3.8282877465141674	3.317026000144842	4.827374810881098	3.2684795945659406	4.7575086350928
0-4	0-4	2.0540775442294574	1130	23901	23901	1038414	2021-05-23	2.0540775442294574	1130	2.0540775442294574	1130	1	2.0188025580402393	1.7244960891913435	2.5418851101856963	1.691526578374422	2.499888883799699
0-4	12-17	0.9486789488827152	2067	23901	94662	1038414	2021-05-23	2.0540775442294574	1130	1.2999738570511357	11218	0.5656913597212644	0.932387140954698	0.8726839286404656	1.0250974630458234	0.8577348029066342	1.00839985746467
0-4	18-24	0.9480144893644954	3162	23901	144911	1038414	2021-05-23	2.0540775442294574	1130	1.2233973153473952	24740	0.5785029817051847	0.93173409230088	0.8936072140256452	1.005543610810023	0.8779703685832109	0.9884200559667639
0-4	25-64	0.9654203177439415	13995	23901	629812	1038414	2021-05-23	2.0540775442294574	1130	1.0174732224549297	388664	0.6286207789338107	0.948841007741318	0.9417923539774116	0.9846554918315421	0.9242955845378871	0.972078981101113
0-4	5-11	1.267923966395898	1832	23901	62775	1038414	2021-05-23	2.0540775442294574	1130	1.4298052303833662	5426	0.7278798102136527	1.2461497152098882	1.1684099892958475	1.4253365366928827	1.1484316058670316	1.4004671196479717
0-4	65-80	0.9031680394874766	1349	23901	64893	1038414	2021-05-23	2.0540775442294574	1130	1.6038190337598774	6504	0.4938182478543055	0.8876577973308616	0.7942260492602725	1.0196431295493211	0.779982288624433	0.9999277870505916
0-4	80+	0.9107334962715856	366	23901	17460	1038414	2021-05-23	2.0540775442294574	1130	5.095814963739734	1496	0.2547544582681466	0.895093331374554	0.7250762293245865	1.1016242337468183	0.7121027306258414	1.085244077222454
12-17	0-4	0.9486789488827152	2067	94662	23901	1038414	2021-05-23	1.2999738570511357	11218	2.0540775442294574	1130	0.5656913597212644	0.932387140954698	0.8726839286404656	1.0250974630458234	0.8577348029066342	1.00839985746467
12-17	12-17	1.2999738570511357	11218	94662	94662	1038414	2021-05-23	1.2999738570511357	11218	1.2999738570511357	11218	1	1.2776492082166022	1.2355602248697994	1.3891633667425858	1.213567332948329	1.363686942341926
12-17	18-24	0.9806881389359972	12955	94662	144911	1038414	2021-05-23	1.2999738570511357	11218	1.2233973153473952	24740	0.7772840949148414	0.963846632317086	0.9480817650831833	1.0103428235427496	0.9320263643710867	0.9915226240445949
12-17	25-64	0.966562535185817	55494	94662	629812	1038414	2021-05-23	1.2999738570511357	11218	1.0174732224549297	388664	0.8341614734018674	0.9499636097092788	0.9571627523340698	0.9770460833454079	0.9387639132419792	0.9618317251324148
12-17	5-11	1.0479539194475074	5997	94662	62775	1038414	2021-05-23	1.2999738570511357	11218	1.4298052303833662	5426	0.767793939276159	1.0299572473455711	0.994548412071867	1.105641315950853	0.9792079448258073	1.084242049499584
12-17	65-80	0.9434285817711948	5581	94662	64893	1038414	2021-05-23	1.2999738570511357	11218	1.6038190337598774	6504	0.6497905444679979	0.9272269391964124	0.8876426669548962	0.9936492570879617	0.8742442380558589	0.9765349651171353
12-17	80+	0.8481728922409733	1350	94662	17460	1038414	2021-05-23	1.2999738570511357	11218	5.095814963739734	1496	0.26522854834850307	0.8336070901153806	0.743851210714703	0.9555043217557915	0.7307459318212279	0.9392163168902463
18-24	0-4	0.9480144893644954	3162	144911	23901	1038414	2021-05-23	1.2233973153473952	24740	2.0540775442294574	1130	0.5785029817051847	0.93173409230088	0.8936072140256452	1.005543610810023	0.8779703685832109	0.9884200559667639
18-24	12-17	0.9806881389359972	12955	144911	94662	1038414	2021-05-23	1.2233973153473952	24740	1.2999738570511357	11218	0.7772840949148414	0.963846632317086	0.9480817650831833	1.0103428235427496	0.9320263643710867	0.9915226240445949
18-24	18-24	1.2233973153473952	24740	144911	144911	1038414	2021-05-23	1.2233973153473952	24740	1.2233973153473952	24740	1	1.2023877271144472	1.1772715305709216	1.2712862122194397	1.1575930072568263	1.2484271903773414
18-24	25-64	0.9800608341974362	86138	144911	629812	1038414	2021-05-23	1.2233973153473952	24740	1.0174732224549297	388664	0.8747143734225765	0.9632301003782427	0.9714694642146816	0.9888474896861522	0.9525970133105418	0.9737744276922788
18-24	5-11	0.9368431665747208	8207	144911	62775	1038414	2021-05-23	1.2233973153473952	24740	1.4298052303833662	5426	0.7061980006631493	0.92075461633706	0.8972445441707508	0.980773934325291	0.8827683430837557	0.9618034845236126
18-24	65-80	0.8567953111794562	7759	144911	64893	1038414	2021-05-23	1.2233973153473952	24740	1.6038190337598774	6504	0.6061052324135007	0.842081434941556	0.809064118904296	0.8989397155878293	0.794350199574439	0.8822105991879723
18-24	80+	0.8003124139797684	1950	144911	17460	1038414	2021-05-23	1.2233973153473952	24740	5.095814963739734	1496	0.25329499267759403	0.7865685271291936	0.7216947747762159	0.8791436009914323	0.7100011217911988	0.8666047304453581
25-64	0-4	0.9654203177439415	13995	629812	23901	1038414	2021-05-23	1.0174732224549297	388664	2.0540775442294574	1130	0.6286207789338107	0.948841007741318	0.9417923539774116	0.9846554918315421	0.9242955845378871	0.972078981101113
25-64	12-17	0.966562535185817	55494	629812	94662	1038414	2021-05-23	1.0174732224549297	388664	1.2999738570511357	11218	0.8341614734018674	0.9499636097092788	0.9571627523340698	0.9770460833454079	0.9387639132419792	0.9618317251324148
25-64	18-24	0.9800608341974362	86138	629812	144911	1038414	2021-05-23	1.0174732224549297	388664	1.2233973153473952	24740	0.8747143734225765	0.9632301003782427	0.9714694642146816	0.9888474896861522	0.9525970133105418	0.9737744276922788
25-64	25-64	1.0174732224549297	388664	629812	629812	1038414	2021-05-23	1.0174732224549297	388664	1.0174732224549297	388664	1	1	1.0139541329261412	1.021117018774567	1	1
25-64	5-11	0.9777307074141002	37226	629812	62775	1038414	2021-05-23	1.0174732224549297	388664	1.4298052303833662	5426	0.7990351128864402	0.9609399892166794	0.9634510438847188	0.9910943026766444	0.9462106530490554	0.9763589904288053
25-64	65-80	0.9821010918436616	38654	629812	64893	1038414	2021-05-23	1.0174732224549297	388664	1.6038190337598774	6504	0.7493259017686439	0.9652353203694902	0.9676670578451898	0.9969895873941266	0.9489393342050946	0.9823866859674751
25-64	80+	0.9104108966126578	9641	629812	17460	1038414	2021-05-23	1.0174732224549297	388664	5.095814963739734	1496	0.29784654964200563	0.8947762717686516	0.8812366597384487	0.9407536739905175	0.8639006109228117	0.9249494277702407
5-11	0-4	1.267923966395898	1832	62775	23901	1038414	2021-05-23	1.4298052303833662	5426	2.0540775442294574	1130	0.7278798102136527	1.2461497152098882	1.1684099892958475	1.4253365366928827	1.1484316058670316	1.4004671196479717
5-11	12-17	1.0479539194475074	5997	62775	94662	1038414	2021-05-23	1.4298052303833662	5426	1.2999738570511357	11218	0.767793939276159	1.0299572473455711	0.994548412071867	1.105641315950853	0.9792079448258073	1.084242049499584
5-11	18-24	0.9368431665747208	8207	62775	144911	1038414	2021-05-23	1.4298052303833662	5426	1.2233973153473952	24740	0.7061980006631493	0.92075461633706	0.8972445441707508	0.980773934325291	0.8827683430837557	0.9618034845236126
5-11	25-64	0.9777307074141002	37226	62775	629812	1038414	2021-05-23	1.4298052303833662	5426	1.0174732224549297	388664	0.7990351128864402	0.9609399892166794	0.9634510438847188	0.9910943026766444	0.9462106530490554	0.9763589904288053
5-11	5-11	1.4298052303833662	5426	62775	62775	1038414	2021-05-23	1.4298052303833662	5426	1.4298052303833662	5426	1	1.4052509676211171	1.3068529493203478	1.5433559554049614	1.2831772219872393	1.5149425207924674
5-11	65-80	0.8253968475250589	3238	62775	64893	1038414	2021-05-23	1.4298052303833662	5426	1.6038190337598774	6504	0.5441655100673237	0.8112221818806843	0.7655712459774147	0.8990344411587329	0.7531351048024699	0.8847329069248803
5-11	80+	0.8043540718661486	849	62775	17460	1038414	2021-05-23	1.4298052303833662	5426	5.095814963739734	1496	0.2465218777490424	0.7905407770097641	0.6853767581723559	0.9368347312113595	0.6731591472285043	0.9205671447393146
65-80	0-4	0.9031680394874766	1349	64893	23901	1038414	2021-05-23	1.6038190337598774	6504	2.0540775442294574	1130	0.4938182478543055	0.8876577973308616	0.7942260492602725	1.0196431295493211	0.779982288624433	0.9999277870505916
65-80	12-17	0.9434285817711948	5581	64893	94662	1038414	2021-05-23	1.6038190337598774	6504	1.2999738570511357	11218	0.6497905444679979	0.9272269391964124	0.8876426669548962	0.9936492570879617	0.8742442380558589	0.9765349651171353
65-80	18-24	0.8567953111794562	7759	64893	144911	1038414	2021-05-23	1.6038190337598774	6504	1.2233973153473952	24740	0.6061052324135007	0.842081434941556	0.809064118904296	0.8989397155878293	0.794350199574439	0.8822105991879723
65-80	25-64	0.9821010918436616	38654	64893	629812	1038414	2021-05-23	1.6038190337598774	6504	1.0174732224549297	388664	0.7493259017686439	0.9652353203694902	0.9676670578451898	0.9969895873941266	0.9489393342050946	0.9823866859674751
65-80	5-11	0.8253968475250589	3238	64893	62775	1038414	2021-05-23	1.6038190337598774	6504	1.4298052303833662	5426	0.5441655100673237	0.8112221818806843	0.7655712459774147	0.8990344411587329	0.7531351048024699	0.8847329069248803
65-80	65-80	1.6038190337598774	6504	64893	64893	1038414	2021-05-23	1.6038190337598774	6504	1.6038190337598774	6504	1	1.5762764054765293	1.4927282551933165	1.713620241915584	1.467973387836663	1.6831301749092342
65-80	80+	1.6570166399039574	1808	64893	17460	1038414	2021-05-23	1.6038190337598774	6504	5.095814963739734	1496	0.4946588546545609	1.6285604410364296	1.4831023772963101	1.849801626205556	1.4580972119874098	1.8145904913810702
80+	0-4	0.9107334962715856	366	17460	23901	1038414	2021-05-23	5.095814963739734	1496	2.0540775442294574	1130	0.2547544582681466	0.895093331374554	0.7250762293245865	1.1016242337468183	0.7121027306258414	1.085244077222454
80+	12-17	0.8481728922409733	1350	17460	94662	1038414	2021-05-23	5.095814963739734	1496	1.2999738570511357	11218	0.26522854834850307	0.8336070901153806	0.743851210714703	0.9555043217557915	0.7307459318212279	0.9392163168902463
80+	18-24	0.8003124139797684	1950	17460	144911	1038414	2021-05-23	5.095814963739734	1496	1.2233973153473952	24740	0.25329499267759403	0.7865685271291936	0.7216947747762159	0.8791436009914323	0.7100011217911988	0.8666047304453581
80+	25-64	0.9104108966126578	9641	17460	629812	1038414	2021-05-23	5.095814963739734	1496	1.0174732224549297	388664	0.29784654964200563	0.8947762717686516	0.8812366597384487	0.9407536739905175	0.8639006109228117	0.9249494277702407
80+	5-11	0.8043540718661486	849	17460	62775	1038414	2021-05-23	5.095814963739734	1496	1.4298052303833662	5426	0.2465218777490424	0.7905407770097641	0.6853767581723559	0.9368347312113595	0.6731591472285043	0.9205671447393146
80+	65-80	1.6570166399039574	1808	17460	64893	1038414	2021-05-23	5.095814963739734	1496	1.6038190337598774	6504	0.4946588546545609	1.6285604410364296	1.4831023772963101	1.849801626205556	1.4580972119874098	1.8145904913810702
80+	80+	5.095814963739734	1496	17460	17460	1038414	2021-05-23	5.095814963739734	1496	5.095814963739734	1496	1	5.008303758053406	4.136782264874652	6.560975932542242	4.0789382298079815	6.421791029695448
